objective_id,indicator_id,country_code,period_start,n,events,signal_mean,event_rate
NEW_HIRE_6M,economic_sentiment,BG,2021-01-01,12,0,82.125,0.0
NEW_HIRE_6M,economic_sentiment,BG,2021-04-01,17,1,90.135294,0.058824
NEW_HIRE_6M,economic_sentiment,BG,2021-07-01,20,2,99.09,0.1
NEW_HIRE_6M,economic_sentiment,BG,2021-10-01,20,3,99.46,0.15
NEW_HIRE_6M,economic_sentiment,BG,2022-01-01,15,2,98.453333,0.133333
NEW_HIRE_6M,economic_sentiment,BG,2022-04-01,15,2,97.333333,0.133333
NEW_HIRE_6M,economic_sentiment,BG,2022-07-01,19,4,97.6,0.210526
NEW_HIRE_6M,economic_sentiment,BG,2022-10-01,13,1,98.376923,0.076923
NEW_HIRE_6M,economic_sentiment,BG,2023-01-01,16,0,101.8625,0.0
NEW_HIRE_6M,economic_sentiment,BG,2023-04-01,22,3,102.363636,0.136364
NEW_HIRE_6M,economic_sentiment,BG,2023-07-01,9,1,104.822222,0.111111
NEW_HIRE_6M,economic_sentiment,BG,2023-10-01,18,2,105.211111,0.111111
NEW_HIRE_6M,economic_sentiment,BG,2024-01-01,24,4,105.6,0.166667
NEW_HIRE_6M,economic_sentiment,BG,2024-04-01,22,6,103.872727,0.272727
NEW_HIRE_6M,economic_sentiment,BG,2024-07-01,27,6,104.981481,0.222222
NEW_HIRE_6M,economic_sentiment,BG,2024-10-01,19,3,106.384211,0.157895
NEW_HIRE_6M,economic_sentiment,BG,2025-01-01,12,1,105.083333,0.083333
NEW_HIRE_6M,economic_sentiment,BG,2025-04-01,21,1,104.366667,0.047619
NEW_HIRE_6M,economic_sentiment,GR,2021-01-01,15,0,92.78,0.0
NEW_HIRE_6M,economic_sentiment,GR,2021-04-01,23,4,96.108696,0.173913
NEW_HIRE_6M,economic_sentiment,GR,2021-07-01,18,3,108.711111,0.166667
NEW_HIRE_6M,economic_sentiment,GR,2021-10-01,25,4,112.008,0.16
NEW_HIRE_6M,economic_sentiment,GR,2022-01-01,11,3,111.754545,0.272727
NEW_HIRE_6M,economic_sentiment,GR,2022-04-01,22,1,110.313636,0.045455
NEW_HIRE_6M,economic_sentiment,GR,2022-07-01,16,0,103.2875,0.0
NEW_HIRE_6M,economic_sentiment,GR,2022-10-01,15,2,100.973333,0.133333
NEW_HIRE_6M,economic_sentiment,GR,2023-01-01,13,0,102.146154,0.0
NEW_HIRE_6M,economic_sentiment,GR,2023-04-01,17,4,106.870588,0.235294
NEW_HIRE_6M,economic_sentiment,GR,2023-07-01,26,1,109.003846,0.038462
NEW_HIRE_6M,economic_sentiment,GR,2023-10-01,8,1,106.6875,0.125
NEW_HIRE_6M,economic_sentiment,GR,2024-01-01,13,2,105.461538,0.153846
NEW_HIRE_6M,economic_sentiment,GR,2024-04-01,14,2,106.2,0.142857
NEW_HIRE_6M,economic_sentiment,GR,2024-07-01,17,1,108.676471,0.058824
NEW_HIRE_6M,economic_sentiment,GR,2024-10-01,24,2,107.129167,0.083333
NEW_HIRE_6M,economic_sentiment,GR,2025-01-01,9,3,106.555556,0.333333
NEW_HIRE_6M,economic_sentiment,GR,2025-04-01,14,2,107.085714,0.142857
NEW_HIRE_6M,economic_sentiment,IE,2021-01-01,13,4,94.015385,0.307692
NEW_HIRE_6M,economic_sentiment,IE,2021-04-01,7,0,100.157143,0.0
NEW_HIRE_6M,economic_sentiment,IE,2021-07-01,16,3,113.28125,0.1875
NEW_HIRE_6M,economic_sentiment,IE,2021-10-01,17,2,114.670588,0.117647
NEW_HIRE_6M,economic_sentiment,IE,2022-01-01,15,3,106.146667,0.2
NEW_HIRE_6M,economic_sentiment,IE,2022-04-01,19,2,103.378947,0.105263
NEW_HIRE_6M,economic_sentiment,IE,2022-07-01,22,3,96.845455,0.136364
NEW_HIRE_6M,economic_sentiment,IE,2022-10-01,11,0,93.063636,0.0
NEW_HIRE_6M,economic_sentiment,IE,2023-01-01,20,2,98.73,0.1
NEW_HIRE_6M,economic_sentiment,IE,2023-04-01,14,2,98.828571,0.142857
NEW_HIRE_6M,economic_sentiment,IE,2023-07-01,9,2,100.8,0.222222
NEW_HIRE_6M,economic_sentiment,IE,2023-10-01,15,2,98.92,0.133333
NEW_HIRE_6M,economic_sentiment,IE,2024-01-01,15,3,99.053333,0.2
NEW_HIRE_6M,economic_sentiment,IE,2024-04-01,17,2,98.441176,0.117647
NEW_HIRE_6M,economic_sentiment,IE,2024-07-01,17,1,99.388235,0.058824
NEW_HIRE_6M,economic_sentiment,IE,2024-10-01,16,2,100.88125,0.125
NEW_HIRE_6M,economic_sentiment,IE,2025-01-01,12,1,100.333333,0.083333
NEW_HIRE_6M,economic_sentiment,IE,2025-04-01,20,1,101.815,0.05
NEW_HIRE_6M,economic_sentiment,IT,2021-01-01,23,3,91.595652,0.130435
NEW_HIRE_6M,economic_sentiment,IT,2021-04-01,15,1,100.38,0.066667
NEW_HIRE_6M,economic_sentiment,IT,2021-07-01,27,8,116.974074,0.296296
NEW_HIRE_6M,economic_sentiment,IT,2021-10-01,21,3,119.033333,0.142857
NEW_HIRE_6M,economic_sentiment,IT,2022-01-01,23,2,116.913043,0.086957
NEW_HIRE_6M,economic_sentiment,IT,2022-04-01,8,2,105.0875,0.25
NEW_HIRE_6M,economic_sentiment,IT,2022-07-01,20,0,104.075,0.0
NEW_HIRE_6M,economic_sentiment,IT,2022-10-01,18,5,96.5,0.277778
NEW_HIRE_6M,economic_sentiment,IT,2023-01-01,23,3,101.021739,0.130435
NEW_HIRE_6M,economic_sentiment,IT,2023-04-01,21,4,103.152381,0.190476
NEW_HIRE_6M,economic_sentiment,IT,2023-07-01,18,3,100.788889,0.166667
NEW_HIRE_6M,economic_sentiment,IT,2023-10-01,20,5,98.22,0.25
NEW_HIRE_6M,economic_sentiment,IT,2024-01-01,12,0,99.516667,0.0
NEW_HIRE_6M,economic_sentiment,IT,2024-04-01,21,1,100.157143,0.047619
NEW_HIRE_6M,economic_sentiment,IT,2024-07-01,14,1,100.021429,0.071429
NEW_HIRE_6M,economic_sentiment,IT,2024-10-01,10,1,99.19,0.1
NEW_HIRE_6M,economic_sentiment,IT,2025-01-01,13,1,98.592308,0.076923
NEW_HIRE_6M,economic_sentiment,IT,2025-04-01,17,1,97.929412,0.058824
NEW_HIRE_6M,economic_sentiment,PL,2021-01-01,12,2,83.675,0.166667
NEW_HIRE_6M,economic_sentiment,PL,2021-04-01,17,2,92.858824,0.117647
NEW_HIRE_6M,economic_sentiment,PL,2021-07-01,19,1,102.273684,0.052632
NEW_HIRE_6M,economic_sentiment,PL,2021-10-01,26,2,104.615385,0.076923
NEW_HIRE_6M,economic_sentiment,PL,2022-01-01,9,2,99.655556,0.222222
NEW_HIRE_6M,economic_sentiment,PL,2022-04-01,26,4,92.984615,0.153846
NEW_HIRE_6M,economic_sentiment,PL,2022-07-01,14,3,89.942857,0.214286
NEW_HIRE_6M,economic_sentiment,PL,2022-10-01,24,1,84.945833,0.041667
NEW_HIRE_6M,economic_sentiment,PL,2023-01-01,9,2,83.833333,0.222222
NEW_HIRE_6M,economic_sentiment,PL,2023-04-01,19,2,86.589474,0.105263
NEW_HIRE_6M,economic_sentiment,PL,2023-07-01,14,2,89.964286,0.142857
NEW_HIRE_6M,economic_sentiment,PL,2023-10-01,13,0,93.592308,0.0
NEW_HIRE_6M,economic_sentiment,PL,2024-01-01,12,1,97.6,0.083333
NEW_HIRE_6M,economic_sentiment,PL,2024-04-01,15,2,99.98,0.133333
NEW_HIRE_6M,economic_sentiment,PL,2024-07-01,17,2,98.264706,0.117647
NEW_HIRE_6M,economic_sentiment,PL,2024-10-01,14,1,97.292857,0.071429
NEW_HIRE_6M,economic_sentiment,PL,2025-01-01,12,2,96.883333,0.166667
NEW_HIRE_6M,economic_sentiment,PL,2025-04-01,14,1,97.992857,0.071429
NEW_HIRE_6M,economic_sentiment,RO,2021-01-01,12,1,92.3,0.083333
NEW_HIRE_6M,economic_sentiment,RO,2021-04-01,16,4,96.65,0.25
NEW_HIRE_6M,economic_sentiment,RO,2021-07-01,15,0,104.286667,0.0
NEW_HIRE_6M,economic_sentiment,RO,2021-10-01,10,1,102.32,0.1
NEW_HIRE_6M,economic_sentiment,RO,2022-01-01,13,2,100.230769,0.153846
NEW_HIRE_6M,economic_sentiment,RO,2022-04-01,21,3,100.014286,0.142857
NEW_HIRE_6M,economic_sentiment,RO,2022-07-01,10,2,98.62,0.2
NEW_HIRE_6M,economic_sentiment,RO,2022-10-01,17,3,97.311765,0.176471
NEW_HIRE_6M,economic_sentiment,RO,2023-01-01,17,6,98.429412,0.352941
NEW_HIRE_6M,economic_sentiment,RO,2023-04-01,17,2,99.258824,0.117647
NEW_HIRE_6M,economic_sentiment,RO,2023-07-01,18,3,100.666667,0.166667
NEW_HIRE_6M,economic_sentiment,RO,2023-10-01,15,3,100.646667,0.2
NEW_HIRE_6M,economic_sentiment,RO,2024-01-01,29,1,102.037931,0.034483
NEW_HIRE_6M,economic_sentiment,RO,2024-04-01,17,2,103.582353,0.117647
NEW_HIRE_6M,economic_sentiment,RO,2024-07-01,28,5,103.625,0.178571
NEW_HIRE_6M,economic_sentiment,RO,2024-10-01,19,4,103.805263,0.210526
NEW_HIRE_6M,economic_sentiment,RO,2025-01-01,15,1,102.726667,0.066667
NEW_HIRE_6M,economic_sentiment,RO,2025-04-01,13,1,101.492308,0.076923
NEW_HIRE_6M,gdp_growth,BG,2021-01-01,12,0,3.79332,0.0
NEW_HIRE_6M,gdp_growth,BG,2021-04-01,17,1,3.79332,0.058824
NEW_HIRE_6M,gdp_growth,BG,2021-07-01,20,2,-0.708941,0.1
NEW_HIRE_6M,gdp_growth,BG,2021-10-01,20,3,-3.133235,0.15
NEW_HIRE_6M,gdp_growth,BG,2022-01-01,15,2,-3.133235,0.133333
NEW_HIRE_6M,gdp_growth,BG,2022-04-01,15,2,-3.133235,0.133333
NEW_HIRE_6M,gdp_growth,BG,2022-07-01,19,4,4.943592,0.210526
NEW_HIRE_6M,gdp_growth,BG,2022-10-01,13,1,7.828173,0.076923
NEW_HIRE_6M,gdp_growth,BG,2023-01-01,16,0,7.828173,0.0
NEW_HIRE_6M,gdp_growth,BG,2023-04-01,22,3,7.828173,0.136364
NEW_HIRE_6M,gdp_growth,BG,2023-07-01,9,1,4.499898,0.111111
NEW_HIRE_6M,gdp_growth,BG,2023-10-01,18,2,4.083864,0.111111
NEW_HIRE_6M,gdp_growth,BG,2024-01-01,24,4,4.083864,0.166667
NEW_HIRE_6M,gdp_growth,BG,2024-04-01,22,6,4.083864,0.272727
NEW_HIRE_6M,gdp_growth,BG,2024-07-01,27,6,2.571271,0.222222
NEW_HIRE_6M,gdp_growth,BG,2024-10-01,19,3,1.681511,0.157895
NEW_HIRE_6M,gdp_growth,BG,2025-01-01,12,1,1.681511,0.083333
NEW_HIRE_6M,gdp_growth,BG,2025-04-01,21,1,1.681511,0.047619
NEW_HIRE_6M,gdp_growth,GR,2021-01-01,15,0,2.277181,0.0
NEW_HIRE_6M,gdp_growth,GR,2021-04-01,23,4,2.277181,0.173913
NEW_HIRE_6M,gdp_growth,GR,2021-07-01,18,3,-5.371761,0.166667
NEW_HIRE_6M,gdp_growth,GR,2021-10-01,25,4,-9.196231,0.16
NEW_HIRE_6M,gdp_growth,GR,2022-01-01,11,3,-9.196231,0.272727
NEW_HIRE_6M,gdp_growth,GR,2022-04-01,22,1,-9.196231,0.045455
NEW_HIRE_6M,gdp_growth,GR,2022-07-01,16,0,3.076145,0.0
NEW_HIRE_6M,gdp_growth,GR,2022-10-01,15,2,8.654498,0.133333
NEW_HIRE_6M,gdp_growth,GR,2023-01-01,13,0,8.654498,0.0
NEW_HIRE_6M,gdp_growth,GR,2023-04-01,17,4,8.654498,0.235294
NEW_HIRE_6M,gdp_growth,GR,2023-07-01,26,1,6.003911,0.038462
NEW_HIRE_6M,gdp_growth,GR,2023-10-01,8,1,5.521986,0.125
NEW_HIRE_6M,gdp_growth,GR,2024-01-01,13,2,5.521986,0.153846
NEW_HIRE_6M,gdp_growth,GR,2024-04-01,14,2,5.521986,0.142857
NEW_HIRE_6M,gdp_growth,GR,2024-07-01,17,1,3.729358,0.058824
NEW_HIRE_6M,gdp_growth,GR,2024-10-01,24,2,2.135911,0.083333
NEW_HIRE_6M,gdp_growth,GR,2025-01-01,9,3,2.135911,0.333333
NEW_HIRE_6M,gdp_growth,GR,2025-04-01,14,2,2.135911,0.142857
NEW_HIRE_6M,gdp_growth,IE,2021-01-01,13,4,4.97288,0.307692
NEW_HIRE_6M,gdp_growth,IE,2021-04-01,7,0,4.97288,0.0
NEW_HIRE_6M,gdp_growth,IE,2021-07-01,16,3,6.47219,0.1875
NEW_HIRE_6M,gdp_growth,IE,2021-10-01,17,2,7.153695,0.117647
NEW_HIRE_6M,gdp_growth,IE,2022-01-01,15,3,7.153695,0.2
NEW_HIRE_6M,gdp_growth,IE,2022-04-01,19,2,7.153695,0.105263
NEW_HIRE_6M,gdp_growth,IE,2022-07-01,22,3,13.361304,0.136364
NEW_HIRE_6M,gdp_growth,IE,2022-10-01,11,0,16.258188,0.0
NEW_HIRE_6M,gdp_growth,IE,2023-01-01,20,2,16.258188,0.1
NEW_HIRE_6M,gdp_growth,IE,2023-04-01,14,2,16.258188,0.142857
NEW_HIRE_6M,gdp_growth,IE,2023-07-01,9,2,9.454928,0.222222
NEW_HIRE_6M,gdp_growth,IE,2023-10-01,15,2,7.511139,0.133333
NEW_HIRE_6M,gdp_growth,IE,2024-01-01,15,3,7.511139,0.2
NEW_HIRE_6M,gdp_growth,IE,2024-04-01,17,2,7.511139,0.117647
NEW_HIRE_6M,gdp_growth,IE,2024-07-01,17,1,1.600837,0.058824
NEW_HIRE_6M,gdp_growth,IE,2024-10-01,16,2,-2.536374,0.125
NEW_HIRE_6M,gdp_growth,IE,2025-01-01,12,1,-2.536374,0.083333
NEW_HIRE_6M,gdp_growth,IE,2025-04-01,20,1,-2.536374,0.05
NEW_HIRE_6M,gdp_growth,IT,2021-01-01,23,3,0.429163,0.130435
NEW_HIRE_6M,gdp_growth,IT,2021-04-01,15,1,0.429163,0.066667
NEW_HIRE_6M,gdp_growth,IT,2021-07-01,27,8,-5.424746,0.296296
NEW_HIRE_6M,gdp_growth,IT,2021-10-01,21,3,-8.868221,0.142857
NEW_HIRE_6M,gdp_growth,IT,2022-01-01,23,2,-8.868221,0.086957
NEW_HIRE_6M,gdp_growth,IT,2022-04-01,8,2,-8.868221,0.25
NEW_HIRE_6M,gdp_growth,IT,2022-07-01,20,0,0.03142,0.0
NEW_HIRE_6M,gdp_growth,IT,2022-10-01,18,5,8.931062,0.277778
NEW_HIRE_6M,gdp_growth,IT,2023-01-01,23,3,8.931062,0.130435
NEW_HIRE_6M,gdp_growth,IT,2023-04-01,21,4,8.931062,0.190476
NEW_HIRE_6M,gdp_growth,IT,2023-07-01,18,3,5.962812,0.166667
NEW_HIRE_6M,gdp_growth,IT,2023-10-01,20,5,4.821177,0.25
NEW_HIRE_6M,gdp_growth,IT,2024-01-01,12,0,4.821177,0.0
NEW_HIRE_6M,gdp_growth,IT,2024-04-01,21,1,4.821177,0.047619
NEW_HIRE_6M,gdp_growth,IT,2024-07-01,14,1,1.201252,0.071429
NEW_HIRE_6M,gdp_growth,IT,2024-10-01,10,1,0.922797,0.1
NEW_HIRE_6M,gdp_growth,IT,2025-01-01,13,1,0.922797,0.076923
NEW_HIRE_6M,gdp_growth,IT,2025-04-01,17,1,0.922797,0.058824
NEW_HIRE_6M,gdp_growth,PL,2021-01-01,12,2,4.580458,0.166667
NEW_HIRE_6M,gdp_growth,PL,2021-04-01,17,2,4.580458,0.117647
NEW_HIRE_6M,gdp_growth,PL,2021-07-01,19,1,1.446551,0.052632
NEW_HIRE_6M,gdp_growth,PL,2021-10-01,26,2,-2.035569,0.076923
NEW_HIRE_6M,gdp_growth,PL,2022-01-01,9,2,-2.035569,0.222222
NEW_HIRE_6M,gdp_growth,PL,2022-04-01,26,4,-2.035569,0.153846
NEW_HIRE_6M,gdp_growth,PL,2022-07-01,14,3,4.366397,0.214286
NEW_HIRE_6M,gdp_growth,PL,2022-10-01,24,1,6.927183,0.041667
NEW_HIRE_6M,gdp_growth,PL,2023-01-01,9,2,6.927183,0.222222
NEW_HIRE_6M,gdp_growth,PL,2023-04-01,19,2,6.927183,0.105263
NEW_HIRE_6M,gdp_growth,PL,2023-07-01,14,2,5.733093,0.142857
NEW_HIRE_6M,gdp_growth,PL,2023-10-01,13,0,5.255457,0.0
NEW_HIRE_6M,gdp_growth,PL,2024-01-01,12,1,5.255457,0.083333
NEW_HIRE_6M,gdp_growth,PL,2024-04-01,15,2,5.255457,0.133333
NEW_HIRE_6M,gdp_growth,PL,2024-07-01,17,2,1.427457,0.117647
NEW_HIRE_6M,gdp_growth,PL,2024-10-01,14,1,0.249611,0.071429
NEW_HIRE_6M,gdp_growth,PL,2025-01-01,12,2,0.249611,0.166667
NEW_HIRE_6M,gdp_growth,PL,2025-04-01,14,1,0.249611,0.071429
NEW_HIRE_6M,gdp_growth,RO,2021-01-01,12,1,3.96029,0.083333
NEW_HIRE_6M,gdp_growth,RO,2021-04-01,16,4,3.96029,0.25
NEW_HIRE_6M,gdp_growth,RO,2021-07-01,15,0,-1.078587,0.0
NEW_HIRE_6M,gdp_growth,RO,2021-10-01,10,1,-3.598025,0.1
NEW_HIRE_6M,gdp_growth,RO,2022-01-01,13,2,-3.598025,0.153846
NEW_HIRE_6M,gdp_growth,RO,2022-04-01,21,3,-3.598025,0.142857
NEW_HIRE_6M,gdp_growth,RO,2022-07-01,10,2,1.9132,0.2
NEW_HIRE_6M,gdp_growth,RO,2022-10-01,17,3,5.587351,0.176471
NEW_HIRE_6M,gdp_growth,RO,2023-01-01,17,6,5.587351,0.352941
NEW_HIRE_6M,gdp_growth,RO,2023-04-01,17,2,5.587351,0.117647
NEW_HIRE_6M,gdp_growth,RO,2023-07-01,18,3,4.654259,0.166667
NEW_HIRE_6M,gdp_growth,RO,2023-10-01,15,3,4.187713,0.2
NEW_HIRE_6M,gdp_growth,RO,2024-01-01,29,1,4.187713,0.034483
NEW_HIRE_6M,gdp_growth,RO,2024-04-01,17,2,4.187713,0.117647
NEW_HIRE_6M,gdp_growth,RO,2024-07-01,28,5,2.947012,0.178571
NEW_HIRE_6M,gdp_growth,RO,2024-10-01,19,4,2.257734,0.210526
NEW_HIRE_6M,gdp_growth,RO,2025-01-01,15,1,2.257734,0.066667
NEW_HIRE_6M,gdp_growth,RO,2025-04-01,13,1,2.257734,0.076923
NEW_HIRE_6M,hicp_inflation_first_release,BG,2021-01-01,12,0,-0.025,0.0
NEW_HIRE_6M,hicp_inflation_first_release,BG,2021-04-01,17,1,0.847059,0.058824
NEW_HIRE_6M,hicp_inflation_first_release,BG,2021-07-01,20,2,2.275,0.1
NEW_HIRE_6M,hicp_inflation_first_release,BG,2021-10-01,20,3,4.06,0.15
NEW_HIRE_6M,hicp_inflation_first_release,BG,2022-01-01,15,2,6.793333,0.133333
NEW_HIRE_6M,hicp_inflation_first_release,BG,2022-04-01,15,2,10.086667,0.133333
NEW_HIRE_6M,hicp_inflation_first_release,BG,2022-07-01,19,4,14.478947,0.210526
NEW_HIRE_6M,hicp_inflation_first_release,BG,2022-10-01,13,1,15.169231,0.076923
NEW_HIRE_6M,hicp_inflation_first_release,BG,2023-01-01,16,0,14.3,0.0
NEW_HIRE_6M,hicp_inflation_first_release,BG,2023-04-01,22,3,11.872727,0.136364
NEW_HIRE_6M,hicp_inflation_first_release,BG,2023-07-01,9,1,7.822222,0.111111
NEW_HIRE_6M,hicp_inflation_first_release,BG,2023-10-01,18,2,6.477778,0.111111
NEW_HIRE_6M,hicp_inflation_first_release,BG,2024-01-01,24,4,4.9125,0.166667
NEW_HIRE_6M,hicp_inflation_first_release,BG,2024-04-01,22,6,2.990909,0.272727
NEW_HIRE_6M,hicp_inflation_first_release,BG,2024-07-01,27,6,2.762963,0.222222
NEW_HIRE_6M,hicp_inflation_first_release,BG,2024-10-01,19,3,1.973684,0.157895
NEW_HIRE_6M,hicp_inflation_first_release,BG,2025-01-01,12,1,2.483333,0.083333
NEW_HIRE_6M,hicp_inflation_first_release,BG,2025-04-01,21,1,3.72381,0.047619
NEW_HIRE_6M,hicp_inflation_first_release,GR,2021-01-01,15,0,-2.34,0.0
NEW_HIRE_6M,hicp_inflation_first_release,GR,2021-04-01,23,4,-1.734783,0.173913
NEW_HIRE_6M,hicp_inflation_first_release,GR,2021-07-01,18,3,0.044444,0.166667
NEW_HIRE_6M,hicp_inflation_first_release,GR,2021-10-01,25,4,1.808,0.16
NEW_HIRE_6M,hicp_inflation_first_release,GR,2022-01-01,11,3,4.245455,0.272727
NEW_HIRE_6M,hicp_inflation_first_release,GR,2022-04-01,22,1,7.554545,0.045455
NEW_HIRE_6M,hicp_inflation_first_release,GR,2022-07-01,16,0,11.18125,0.0
NEW_HIRE_6M,hicp_inflation_first_release,GR,2022-10-01,15,2,10.993333,0.133333
NEW_HIRE_6M,hicp_inflation_first_release,GR,2023-01-01,13,0,8.130769,0.0
NEW_HIRE_6M,hicp_inflation_first_release,GR,2023-04-01,17,4,5.394118,0.235294
NEW_HIRE_6M,hicp_inflation_first_release,GR,2023-07-01,26,1,3.188462,0.038462
NEW_HIRE_6M,hicp_inflation_first_release,GR,2023-10-01,8,1,3.2,0.125
NEW_HIRE_6M,hicp_inflation_first_release,GR,2024-01-01,13,2,3.261538,0.153846
NEW_HIRE_6M,hicp_inflation_first_release,GR,2024-04-01,14,2,3.178571,0.142857
NEW_HIRE_6M,hicp_inflation_first_release,GR,2024-07-01,17,1,2.6,0.058824
NEW_HIRE_6M,hicp_inflation_first_release,GR,2024-10-01,24,2,3.1375,0.083333
NEW_HIRE_6M,hicp_inflation_first_release,GR,2025-01-01,9,3,2.977778,0.333333
NEW_HIRE_6M,hicp_inflation_first_release,GR,2025-04-01,14,2,2.871429,0.142857
NEW_HIRE_6M,hicp_inflation_first_release,IE,2021-01-01,13,4,-0.723077,0.307692
NEW_HIRE_6M,hicp_inflation_first_release,IE,2021-04-01,7,0,0.457143,0.0
NEW_HIRE_6M,hicp_inflation_first_release,IE,2021-07-01,16,3,1.9125,0.1875
NEW_HIRE_6M,hicp_inflation_first_release,IE,2021-10-01,17,2,3.9,0.117647
NEW_HIRE_6M,hicp_inflation_first_release,IE,2022-01-01,15,3,5.38,0.2
NEW_HIRE_6M,hicp_inflation_first_release,IE,2022-04-01,19,2,6.884211,0.105263
NEW_HIRE_6M,hicp_inflation_first_release,IE,2022-07-01,22,3,9.168182,0.136364
NEW_HIRE_6M,hicp_inflation_first_release,IE,2022-10-01,11,0,9.127273,0.0
NEW_HIRE_6M,hicp_inflation_first_release,IE,2023-01-01,20,2,8.04,0.1
NEW_HIRE_6M,hicp_inflation_first_release,IE,2023-04-01,14,2,7.357143,0.142857
NEW_HIRE_6M,hicp_inflation_first_release,IE,2023-07-01,9,2,4.966667,0.222222
NEW_HIRE_6M,hicp_inflation_first_release,IE,2023-10-01,15,2,4.16,0.133333
NEW_HIRE_6M,hicp_inflation_first_release,IE,2024-01-01,15,3,2.72,0.2
NEW_HIRE_6M,hicp_inflation_first_release,IE,2024-04-01,17,2,1.888235,0.117647
NEW_HIRE_6M,hicp_inflation_first_release,IE,2024-07-01,17,1,1.664706,0.058824
NEW_HIRE_6M,hicp_inflation_first_release,IE,2024-10-01,16,2,0.28125,0.125
NEW_HIRE_6M,hicp_inflation_first_release,IE,2025-01-01,12,1,1.266667,0.083333
NEW_HIRE_6M,hicp_inflation_first_release,IE,2025-04-01,20,1,1.665,0.05
NEW_HIRE_6M,hicp_inflation_first_release,IT,2021-01-01,23,3,0.1,0.130435
NEW_HIRE_6M,hicp_inflation_first_release,IT,2021-04-01,15,1,0.82,0.066667
NEW_HIRE_6M,hicp_inflation_first_release,IT,2021-07-01,27,8,1.196296,0.296296
NEW_HIRE_6M,hicp_inflation_first_release,IT,2021-10-01,21,3,2.780952,0.142857
NEW_HIRE_6M,hicp_inflation_first_release,IT,2022-01-01,23,2,4.286957,0.086957
NEW_HIRE_6M,hicp_inflation_first_release,IT,2022-04-01,8,2,6.6875,0.25
NEW_HIRE_6M,hicp_inflation_first_release,IT,2022-07-01,20,0,7.875,0.0
NEW_HIRE_6M,hicp_inflation_first_release,IT,2022-10-01,18,5,10.766667,0.277778
NEW_HIRE_6M,hicp_inflation_first_release,IT,2023-01-01,23,3,11.665217,0.130435
NEW_HIRE_6M,hicp_inflation_first_release,IT,2023-04-01,21,4,9.028571,0.190476
NEW_HIRE_6M,hicp_inflation_first_release,IT,2023-07-01,18,3,6.966667,0.166667
NEW_HIRE_6M,hicp_inflation_first_release,IT,2023-10-01,20,5,4.46,0.25
NEW_HIRE_6M,hicp_inflation_first_release,IT,2024-01-01,12,0,0.75,0.0
NEW_HIRE_6M,hicp_inflation_first_release,IT,2024-04-01,21,1,0.980952,0.047619
NEW_HIRE_6M,hicp_inflation_first_release,IT,2024-07-01,14,1,1.235714,0.071429
NEW_HIRE_6M,hicp_inflation_first_release,IT,2024-10-01,10,1,1.03,0.1
NEW_HIRE_6M,hicp_inflation_first_release,IT,2025-01-01,13,1,1.392308,0.076923
NEW_HIRE_6M,hicp_inflation_first_release,IT,2025-04-01,17,1,1.929412,0.058824
NEW_HIRE_6M,hicp_inflation_first_release,PL,2021-01-01,12,2,3.575,0.166667
NEW_HIRE_6M,hicp_inflation_first_release,PL,2021-04-01,17,2,4.194118,0.117647
NEW_HIRE_6M,hicp_inflation_first_release,PL,2021-07-01,19,1,4.489474,0.052632
NEW_HIRE_6M,hicp_inflation_first_release,PL,2021-10-01,26,2,5.615385,0.076923
NEW_HIRE_6M,hicp_inflation_first_release,PL,2022-01-01,9,2,8.255556,0.222222
NEW_HIRE_6M,hicp_inflation_first_release,PL,2022-04-01,26,4,10.153846,0.153846
NEW_HIRE_6M,hicp_inflation_first_release,PL,2022-07-01,14,3,13.8,0.214286
NEW_HIRE_6M,hicp_inflation_first_release,PL,2022-10-01,24,1,15.445833,0.041667
NEW_HIRE_6M,hicp_inflation_first_release,PL,2023-01-01,9,2,15.766667,0.222222
NEW_HIRE_6M,hicp_inflation_first_release,PL,2023-04-01,19,2,15.747368,0.105263
NEW_HIRE_6M,hicp_inflation_first_release,PL,2023-07-01,14,2,11.15,0.142857
NEW_HIRE_6M,hicp_inflation_first_release,PL,2023-10-01,13,0,7.546154,0.0
NEW_HIRE_6M,hicp_inflation_first_release,PL,2024-01-01,12,1,5.708333,0.083333
NEW_HIRE_6M,hicp_inflation_first_release,PL,2024-04-01,15,2,3.0,0.133333
NEW_HIRE_6M,hicp_inflation_first_release,PL,2024-07-01,17,2,3.264706,0.117647
NEW_HIRE_6M,hicp_inflation_first_release,PL,2024-10-01,14,1,4.171429,0.071429
NEW_HIRE_6M,hicp_inflation_first_release,PL,2025-01-01,12,2,4.075,0.166667
NEW_HIRE_6M,hicp_inflation_first_release,PL,2025-04-01,14,1,4.15,0.071429
NEW_HIRE_6M,hicp_inflation_first_release,RO,2021-01-01,12,1,1.8,0.083333
NEW_HIRE_6M,hicp_inflation_first_release,RO,2021-04-01,16,4,2.55,0.25
NEW_HIRE_6M,hicp_inflation_first_release,RO,2021-07-01,15,0,3.46,0.0
NEW_HIRE_6M,hicp_inflation_first_release,RO,2021-10-01,10,1,5.35,0.1
NEW_HIRE_6M,hicp_inflation_first_release,RO,2022-01-01,13,2,6.892308,0.153846
NEW_HIRE_6M,hicp_inflation_first_release,RO,2022-04-01,21,3,10.214286,0.142857
NEW_HIRE_6M,hicp_inflation_first_release,RO,2022-07-01,10,2,12.76,0.2
NEW_HIRE_6M,hicp_inflation_first_release,RO,2022-10-01,17,3,13.364706,0.176471
NEW_HIRE_6M,hicp_inflation_first_release,RO,2023-01-01,17,6,14.082353,0.352941
NEW_HIRE_6M,hicp_inflation_first_release,RO,2023-04-01,17,2,12.082353,0.117647
NEW_HIRE_6M,hicp_inflation_first_release,RO,2023-07-01,18,3,9.333333,0.166667
NEW_HIRE_6M,hicp_inflation_first_release,RO,2023-10-01,15,3,8.993333,0.2
NEW_HIRE_6M,hicp_inflation_first_release,RO,2024-01-01,29,1,7.058621,0.034483
NEW_HIRE_6M,hicp_inflation_first_release,RO,2024-04-01,17,2,6.635294,0.117647
NEW_HIRE_6M,hicp_inflation_first_release,RO,2024-07-01,28,5,5.567857,0.178571
NEW_HIRE_6M,hicp_inflation_first_release,RO,2024-10-01,19,4,5.057895,0.210526
NEW_HIRE_6M,hicp_inflation_first_release,RO,2025-01-01,15,1,5.393333,0.066667
NEW_HIRE_6M,hicp_inflation_first_release,RO,2025-04-01,13,1,5.053846,0.076923
NEW_HIRE_6M,job_vacancy_rate,BG,2021-01-01,12,0,0.8,0.0
NEW_HIRE_6M,job_vacancy_rate,BG,2021-04-01,17,1,0.7,0.058824
NEW_HIRE_6M,job_vacancy_rate,BG,2021-07-01,20,2,0.8,0.1
NEW_HIRE_6M,job_vacancy_rate,BG,2021-10-01,20,3,0.8,0.15
NEW_HIRE_6M,job_vacancy_rate,BG,2022-01-01,15,2,0.8,0.133333
NEW_HIRE_6M,job_vacancy_rate,BG,2022-04-01,15,2,0.7,0.133333
NEW_HIRE_6M,job_vacancy_rate,BG,2022-07-01,19,4,0.9,0.210526
NEW_HIRE_6M,job_vacancy_rate,BG,2022-10-01,13,1,0.9,0.076923
NEW_HIRE_6M,job_vacancy_rate,BG,2023-01-01,16,0,0.8,0.0
NEW_HIRE_6M,job_vacancy_rate,BG,2023-04-01,22,3,0.8,0.136364
NEW_HIRE_6M,job_vacancy_rate,BG,2023-07-01,9,1,0.8,0.111111
NEW_HIRE_6M,job_vacancy_rate,BG,2023-10-01,18,2,0.8,0.111111
NEW_HIRE_6M,job_vacancy_rate,BG,2024-01-01,24,4,0.8,0.166667
NEW_HIRE_6M,job_vacancy_rate,BG,2024-04-01,22,6,0.7,0.272727
NEW_HIRE_6M,job_vacancy_rate,BG,2024-07-01,27,6,0.8,0.222222
NEW_HIRE_6M,job_vacancy_rate,BG,2024-10-01,19,3,0.8,0.157895
NEW_HIRE_6M,job_vacancy_rate,BG,2025-01-01,12,1,0.8,0.083333
NEW_HIRE_6M,job_vacancy_rate,BG,2025-04-01,21,1,0.7,0.047619
NEW_HIRE_6M,job_vacancy_rate,GR,2021-01-01,15,0,0.5,0.0
NEW_HIRE_6M,job_vacancy_rate,GR,2021-04-01,23,4,0.3,0.173913
NEW_HIRE_6M,job_vacancy_rate,GR,2021-07-01,18,3,0.3,0.166667
NEW_HIRE_6M,job_vacancy_rate,GR,2021-10-01,25,4,0.6,0.16
NEW_HIRE_6M,job_vacancy_rate,GR,2022-01-01,11,3,0.7,0.272727
NEW_HIRE_6M,job_vacancy_rate,GR,2022-04-01,22,1,0.7,0.045455
NEW_HIRE_6M,job_vacancy_rate,GR,2022-07-01,16,0,0.8,0.0
NEW_HIRE_6M,job_vacancy_rate,GR,2022-10-01,15,2,1.2,0.133333
NEW_HIRE_6M,job_vacancy_rate,GR,2023-01-01,13,0,1.1,0.0
NEW_HIRE_6M,job_vacancy_rate,GR,2023-04-01,17,4,0.9,0.235294
NEW_HIRE_6M,job_vacancy_rate,GR,2023-07-01,26,1,1.5,0.038462
NEW_HIRE_6M,job_vacancy_rate,GR,2023-10-01,8,1,1.6,0.125
NEW_HIRE_6M,job_vacancy_rate,GR,2024-01-01,13,2,1.6,0.153846
NEW_HIRE_6M,job_vacancy_rate,GR,2024-04-01,14,2,1.8,0.142857
NEW_HIRE_6M,job_vacancy_rate,GR,2024-07-01,17,1,3.1,0.058824
NEW_HIRE_6M,job_vacancy_rate,GR,2024-10-01,24,2,2.5,0.083333
NEW_HIRE_6M,job_vacancy_rate,GR,2025-01-01,9,3,2.1,0.333333
NEW_HIRE_6M,job_vacancy_rate,GR,2025-04-01,14,2,1.2,0.142857
NEW_HIRE_6M,job_vacancy_rate,IE,2021-01-01,13,4,0.8,0.307692
NEW_HIRE_6M,job_vacancy_rate,IE,2021-04-01,7,0,0.9,0.0
NEW_HIRE_6M,job_vacancy_rate,IE,2021-07-01,16,3,1.0,0.1875
NEW_HIRE_6M,job_vacancy_rate,IE,2021-10-01,17,2,1.2,0.117647
NEW_HIRE_6M,job_vacancy_rate,IE,2022-01-01,15,3,1.5,0.2
NEW_HIRE_6M,job_vacancy_rate,IE,2022-04-01,19,2,1.4,0.105263
NEW_HIRE_6M,job_vacancy_rate,IE,2022-07-01,22,3,1.6,0.136364
NEW_HIRE_6M,job_vacancy_rate,IE,2022-10-01,11,0,1.6,0.0
NEW_HIRE_6M,job_vacancy_rate,IE,2023-01-01,20,2,1.6,0.1
NEW_HIRE_6M,job_vacancy_rate,IE,2023-04-01,14,2,1.3,0.142857
NEW_HIRE_6M,job_vacancy_rate,IE,2023-07-01,9,2,1.5,0.222222
NEW_HIRE_6M,job_vacancy_rate,IE,2023-10-01,15,2,1.3,0.133333
NEW_HIRE_6M,job_vacancy_rate,IE,2024-01-01,15,3,1.2,0.2
NEW_HIRE_6M,job_vacancy_rate,IE,2024-04-01,17,2,1.2,0.117647
NEW_HIRE_6M,job_vacancy_rate,IE,2024-07-01,17,1,1.2,0.058824
NEW_HIRE_6M,job_vacancy_rate,IE,2024-10-01,16,2,1.3,0.125
NEW_HIRE_6M,job_vacancy_rate,IE,2025-01-01,12,1,1.2,0.083333
NEW_HIRE_6M,job_vacancy_rate,IE,2025-04-01,20,1,1.2,0.05
NEW_HIRE_6M,job_vacancy_rate,IT,2021-01-01,23,3,0.9,0.130435
NEW_HIRE_6M,job_vacancy_rate,IT,2021-04-01,15,1,0.8,0.066667
NEW_HIRE_6M,job_vacancy_rate,IT,2021-07-01,27,8,1.6,0.296296
NEW_HIRE_6M,job_vacancy_rate,IT,2021-10-01,21,3,2.0,0.142857
NEW_HIRE_6M,job_vacancy_rate,IT,2022-01-01,23,2,1.9,0.086957
NEW_HIRE_6M,job_vacancy_rate,IT,2022-04-01,8,2,1.6,0.25
NEW_HIRE_6M,job_vacancy_rate,IT,2022-07-01,20,0,2.5,0.0
NEW_HIRE_6M,job_vacancy_rate,IT,2022-10-01,18,5,2.3,0.277778
NEW_HIRE_6M,job_vacancy_rate,IT,2023-01-01,23,3,2.1,0.130435
NEW_HIRE_6M,job_vacancy_rate,IT,2023-04-01,21,4,1.9,0.190476
NEW_HIRE_6M,job_vacancy_rate,IT,2023-07-01,18,3,2.7,0.166667
NEW_HIRE_6M,job_vacancy_rate,IT,2023-10-01,20,5,2.4,0.25
NEW_HIRE_6M,job_vacancy_rate,IT,2024-01-01,12,0,2.1,0.0
NEW_HIRE_6M,job_vacancy_rate,IT,2024-04-01,21,1,1.9,0.047619
NEW_HIRE_6M,job_vacancy_rate,IT,2024-07-01,14,1,2.5,0.071429
NEW_HIRE_6M,job_vacancy_rate,IT,2024-10-01,10,1,2.2,0.1
NEW_HIRE_6M,job_vacancy_rate,IT,2025-01-01,13,1,1.9,0.076923
NEW_HIRE_6M,job_vacancy_rate,IT,2025-04-01,17,1,1.7,0.058824
NEW_HIRE_6M,job_vacancy_rate,PL,2021-01-01,12,2,0.7,0.166667
NEW_HIRE_6M,job_vacancy_rate,PL,2021-04-01,17,2,0.7,0.117647
NEW_HIRE_6M,job_vacancy_rate,PL,2021-07-01,19,1,0.9,0.052632
NEW_HIRE_6M,job_vacancy_rate,PL,2021-10-01,26,2,1.2,0.076923
NEW_HIRE_6M,job_vacancy_rate,PL,2022-01-01,9,2,1.2,0.222222
NEW_HIRE_6M,job_vacancy_rate,PL,2022-04-01,26,4,1.1,0.153846
NEW_HIRE_6M,job_vacancy_rate,PL,2022-07-01,14,3,1.3,0.214286
NEW_HIRE_6M,job_vacancy_rate,PL,2022-10-01,24,1,1.2,0.041667
NEW_HIRE_6M,job_vacancy_rate,PL,2023-01-01,9,2,1.1,0.222222
NEW_HIRE_6M,job_vacancy_rate,PL,2023-04-01,19,2,0.9,0.105263
NEW_HIRE_6M,job_vacancy_rate,PL,2023-07-01,14,2,0.9,0.142857
NEW_HIRE_6M,job_vacancy_rate,PL,2023-10-01,13,0,0.9,0.0
NEW_HIRE_6M,job_vacancy_rate,PL,2024-01-01,12,1,0.9,0.083333
NEW_HIRE_6M,job_vacancy_rate,PL,2024-04-01,15,2,0.8,0.133333
NEW_HIRE_6M,job_vacancy_rate,PL,2024-07-01,17,2,0.9,0.117647
NEW_HIRE_6M,job_vacancy_rate,PL,2024-10-01,14,1,0.9,0.071429
NEW_HIRE_6M,job_vacancy_rate,PL,2025-01-01,12,2,0.9,0.166667
NEW_HIRE_6M,job_vacancy_rate,PL,2025-04-01,14,1,0.7,0.071429
NEW_HIRE_6M,job_vacancy_rate,RO,2021-01-01,12,1,0.8,0.083333
NEW_HIRE_6M,job_vacancy_rate,RO,2021-04-01,16,4,0.7,0.25
NEW_HIRE_6M,job_vacancy_rate,RO,2021-07-01,15,0,0.8,0.0
NEW_HIRE_6M,job_vacancy_rate,RO,2021-10-01,10,1,0.8,0.1
NEW_HIRE_6M,job_vacancy_rate,RO,2022-01-01,13,2,1.0,0.153846
NEW_HIRE_6M,job_vacancy_rate,RO,2022-04-01,21,3,0.9,0.142857
NEW_HIRE_6M,job_vacancy_rate,RO,2022-07-01,10,2,1.0,0.2
NEW_HIRE_6M,job_vacancy_rate,RO,2022-10-01,17,3,0.9,0.176471
NEW_HIRE_6M,job_vacancy_rate,RO,2023-01-01,17,6,0.9,0.352941
NEW_HIRE_6M,job_vacancy_rate,RO,2023-04-01,17,2,0.8,0.117647
NEW_HIRE_6M,job_vacancy_rate,RO,2023-07-01,18,3,0.9,0.166667
NEW_HIRE_6M,job_vacancy_rate,RO,2023-10-01,15,3,0.8,0.2
NEW_HIRE_6M,job_vacancy_rate,RO,2024-01-01,29,1,0.8,0.034483
NEW_HIRE_6M,job_vacancy_rate,RO,2024-04-01,17,2,0.7,0.117647
NEW_HIRE_6M,job_vacancy_rate,RO,2024-07-01,28,5,0.7,0.178571
NEW_HIRE_6M,job_vacancy_rate,RO,2024-10-01,19,4,0.7,0.210526
NEW_HIRE_6M,job_vacancy_rate,RO,2025-01-01,15,1,0.8,0.066667
NEW_HIRE_6M,job_vacancy_rate,RO,2025-04-01,13,1,0.7,0.076923
NEW_HIRE_6M,unemployment_rate,BG,2021-01-01,12,0,6.325,0.0
NEW_HIRE_6M,unemployment_rate,BG,2021-04-01,17,1,5.958824,0.058824
NEW_HIRE_6M,unemployment_rate,BG,2021-07-01,20,2,5.345,0.1
NEW_HIRE_6M,unemployment_rate,BG,2021-10-01,20,3,4.89,0.15
NEW_HIRE_6M,unemployment_rate,BG,2022-01-01,15,2,4.6,0.133333
NEW_HIRE_6M,unemployment_rate,BG,2022-04-01,15,2,4.44,0.133333
NEW_HIRE_6M,unemployment_rate,BG,2022-07-01,19,4,4.305263,0.210526
NEW_HIRE_6M,unemployment_rate,BG,2022-10-01,13,1,3.930769,0.076923
NEW_HIRE_6M,unemployment_rate,BG,2023-01-01,16,0,3.8,0.0
NEW_HIRE_6M,unemployment_rate,BG,2023-04-01,22,3,4.109091,0.136364
NEW_HIRE_6M,unemployment_rate,BG,2023-07-01,9,1,4.466667,0.111111
NEW_HIRE_6M,unemployment_rate,BG,2023-10-01,18,2,4.422222,0.111111
NEW_HIRE_6M,unemployment_rate,BG,2024-01-01,24,4,4.3,0.166667
NEW_HIRE_6M,unemployment_rate,BG,2024-04-01,22,6,4.618182,0.272727
NEW_HIRE_6M,unemployment_rate,BG,2024-07-01,27,6,4.111111,0.222222
NEW_HIRE_6M,unemployment_rate,BG,2024-10-01,19,3,3.947368,0.157895
NEW_HIRE_6M,unemployment_rate,BG,2025-01-01,12,1,4.0,0.083333
NEW_HIRE_6M,unemployment_rate,BG,2025-04-01,21,1,3.72381,0.047619
NEW_HIRE_6M,unemployment_rate,GR,2021-01-01,15,0,17.56,0.0
NEW_HIRE_6M,unemployment_rate,GR,2021-04-01,23,4,16.3,0.173913
NEW_HIRE_6M,unemployment_rate,GR,2021-07-01,18,3,15.966667,0.166667
NEW_HIRE_6M,unemployment_rate,GR,2021-10-01,25,4,13.908,0.16
NEW_HIRE_6M,unemployment_rate,GR,2022-01-01,11,3,13.2,0.272727
NEW_HIRE_6M,unemployment_rate,GR,2022-04-01,22,1,12.85,0.045455
NEW_HIRE_6M,unemployment_rate,GR,2022-07-01,16,0,12.675,0.0
NEW_HIRE_6M,unemployment_rate,GR,2022-10-01,15,2,12.406667,0.133333
NEW_HIRE_6M,unemployment_rate,GR,2023-01-01,13,0,11.692308,0.0
NEW_HIRE_6M,unemployment_rate,GR,2023-04-01,17,4,11.423529,0.235294
NEW_HIRE_6M,unemployment_rate,GR,2023-07-01,26,1,11.423077,0.038462
NEW_HIRE_6M,unemployment_rate,GR,2023-10-01,8,1,11.325,0.125
NEW_HIRE_6M,unemployment_rate,GR,2024-01-01,13,2,10.315385,0.153846
NEW_HIRE_6M,unemployment_rate,GR,2024-04-01,14,2,10.614286,0.142857
NEW_HIRE_6M,unemployment_rate,GR,2024-07-01,17,1,10.2,0.058824
NEW_HIRE_6M,unemployment_rate,GR,2024-10-01,24,2,9.720833,0.083333
NEW_HIRE_6M,unemployment_rate,GR,2025-01-01,9,3,9.7,0.333333
NEW_HIRE_6M,unemployment_rate,GR,2025-04-01,14,2,9.185714,0.142857
NEW_HIRE_6M,unemployment_rate,IE,2021-01-01,13,4,6.261538,0.307692
NEW_HIRE_6M,unemployment_rate,IE,2021-04-01,7,0,7.057143,0.0
NEW_HIRE_6M,unemployment_rate,IE,2021-07-01,16,3,6.85,0.1875
NEW_HIRE_6M,unemployment_rate,IE,2021-10-01,17,2,5.447059,0.117647
NEW_HIRE_6M,unemployment_rate,IE,2022-01-01,15,3,5.3,0.2
NEW_HIRE_6M,unemployment_rate,IE,2022-04-01,19,2,4.915789,0.105263
NEW_HIRE_6M,unemployment_rate,IE,2022-07-01,22,3,4.254545,0.136364
NEW_HIRE_6M,unemployment_rate,IE,2022-10-01,11,0,4.263636,0.0
NEW_HIRE_6M,unemployment_rate,IE,2023-01-01,20,2,4.5,0.1
NEW_HIRE_6M,unemployment_rate,IE,2023-04-01,14,2,4.314286,0.142857
NEW_HIRE_6M,unemployment_rate,IE,2023-07-01,9,2,4.188889,0.222222
NEW_HIRE_6M,unemployment_rate,IE,2023-10-01,15,2,4.52,0.133333
NEW_HIRE_6M,unemployment_rate,IE,2024-01-01,15,3,4.533333,0.2
NEW_HIRE_6M,unemployment_rate,IE,2024-04-01,17,2,4.305882,0.117647
NEW_HIRE_6M,unemployment_rate,IE,2024-07-01,17,1,4.4,0.058824
NEW_HIRE_6M,unemployment_rate,IE,2024-10-01,16,2,4.15625,0.125
NEW_HIRE_6M,unemployment_rate,IE,2025-01-01,12,1,4.3,0.083333
NEW_HIRE_6M,unemployment_rate,IE,2025-04-01,20,1,4.465,0.05
NEW_HIRE_6M,unemployment_rate,IT,2021-01-01,23,3,9.630435,0.130435
NEW_HIRE_6M,unemployment_rate,IT,2021-04-01,15,1,9.953333,0.066667
NEW_HIRE_6M,unemployment_rate,IT,2021-07-01,27,8,9.914815,0.296296
NEW_HIRE_6M,unemployment_rate,IT,2021-10-01,21,3,9.1,0.142857
NEW_HIRE_6M,unemployment_rate,IT,2022-01-01,23,2,9.1,0.086957
NEW_HIRE_6M,unemployment_rate,IT,2022-04-01,8,2,8.375,0.25
NEW_HIRE_6M,unemployment_rate,IT,2022-07-01,20,0,8.125,0.0
NEW_HIRE_6M,unemployment_rate,IT,2022-10-01,18,5,8.027778,0.277778
NEW_HIRE_6M,unemployment_rate,IT,2023-01-01,23,3,7.8,0.130435
NEW_HIRE_6M,unemployment_rate,IT,2023-04-01,21,4,7.866667,0.190476
NEW_HIRE_6M,unemployment_rate,IT,2023-07-01,18,3,7.727778,0.166667
NEW_HIRE_6M,unemployment_rate,IT,2023-10-01,20,5,7.69,0.25
NEW_HIRE_6M,unemployment_rate,IT,2024-01-01,12,0,7.533333,0.0
NEW_HIRE_6M,unemployment_rate,IT,2024-04-01,21,1,7.119048,0.047619
NEW_HIRE_6M,unemployment_rate,IT,2024-07-01,14,1,6.621429,0.071429
NEW_HIRE_6M,unemployment_rate,IT,2024-10-01,10,1,6.37,0.1
NEW_HIRE_6M,unemployment_rate,IT,2025-01-01,13,1,6.169231,0.076923
NEW_HIRE_6M,unemployment_rate,IT,2025-04-01,17,1,6.264706,0.058824
NEW_HIRE_6M,unemployment_rate,PL,2021-01-01,12,2,3.2,0.166667
NEW_HIRE_6M,unemployment_rate,PL,2021-04-01,17,2,3.611765,0.117647
NEW_HIRE_6M,unemployment_rate,PL,2021-07-01,19,1,3.721053,0.052632
NEW_HIRE_6M,unemployment_rate,PL,2021-10-01,26,2,3.161538,0.076923
NEW_HIRE_6M,unemployment_rate,PL,2022-01-01,9,2,3.0,0.222222
NEW_HIRE_6M,unemployment_rate,PL,2022-04-01,26,4,2.819231,0.153846
NEW_HIRE_6M,unemployment_rate,PL,2022-07-01,14,3,2.8,0.214286
NEW_HIRE_6M,unemployment_rate,PL,2022-10-01,24,1,2.954167,0.041667
NEW_HIRE_6M,unemployment_rate,PL,2023-01-01,9,2,2.933333,0.222222
NEW_HIRE_6M,unemployment_rate,PL,2023-04-01,19,2,2.689474,0.105263
NEW_HIRE_6M,unemployment_rate,PL,2023-07-01,14,2,2.771429,0.142857
NEW_HIRE_6M,unemployment_rate,PL,2023-10-01,13,0,2.815385,0.0
NEW_HIRE_6M,unemployment_rate,PL,2024-01-01,12,1,3.058333,0.083333
NEW_HIRE_6M,unemployment_rate,PL,2024-04-01,15,2,2.9,0.133333
NEW_HIRE_6M,unemployment_rate,PL,2024-07-01,17,2,2.835294,0.117647
NEW_HIRE_6M,unemployment_rate,PL,2024-10-01,14,1,3.0,0.071429
NEW_HIRE_6M,unemployment_rate,PL,2025-01-01,12,2,2.8,0.166667
NEW_HIRE_6M,unemployment_rate,PL,2025-04-01,14,1,3.092857,0.071429
NEW_HIRE_6M,unemployment_rate,RO,2021-01-01,12,1,6.1,0.083333
NEW_HIRE_6M,unemployment_rate,RO,2021-04-01,16,4,6.1,0.25
NEW_HIRE_6M,unemployment_rate,RO,2021-07-01,15,0,5.393333,0.0
NEW_HIRE_6M,unemployment_rate,RO,2021-10-01,10,1,5.38,0.1
NEW_HIRE_6M,unemployment_rate,RO,2022-01-01,13,2,5.576923,0.153846
NEW_HIRE_6M,unemployment_rate,RO,2022-04-01,21,3,5.790476,0.142857
NEW_HIRE_6M,unemployment_rate,RO,2022-07-01,10,2,5.56,0.2
NEW_HIRE_6M,unemployment_rate,RO,2022-10-01,17,3,5.482353,0.176471
NEW_HIRE_6M,unemployment_rate,RO,2023-01-01,17,6,5.570588,0.352941
NEW_HIRE_6M,unemployment_rate,RO,2023-04-01,17,2,5.541176,0.117647
NEW_HIRE_6M,unemployment_rate,RO,2023-07-01,18,3,5.583333,0.166667
NEW_HIRE_6M,unemployment_rate,RO,2023-10-01,15,3,5.433333,0.2
NEW_HIRE_6M,unemployment_rate,RO,2024-01-01,29,1,5.5,0.034483
NEW_HIRE_6M,unemployment_rate,RO,2024-04-01,17,2,5.305882,0.117647
NEW_HIRE_6M,unemployment_rate,RO,2024-07-01,28,5,5.246429,0.178571
NEW_HIRE_6M,unemployment_rate,RO,2024-10-01,19,4,5.657895,0.210526
NEW_HIRE_6M,unemployment_rate,RO,2025-01-01,15,1,5.64,0.066667
NEW_HIRE_6M,unemployment_rate,RO,2025-04-01,13,1,6.015385,0.076923
REGRETTED_TURNOVER_12M,economic_sentiment,BG,2021-01-01,191,1,82.389005,0.005236
REGRETTED_TURNOVER_12M,economic_sentiment,BG,2021-04-01,228,1,90.525439,0.004386
REGRETTED_TURNOVER_12M,economic_sentiment,BG,2021-07-01,271,0,98.964207,0.0
REGRETTED_TURNOVER_12M,economic_sentiment,BG,2021-10-01,324,0,99.411728,0.0
REGRETTED_TURNOVER_12M,economic_sentiment,BG,2022-01-01,372,4,98.603226,0.010753
REGRETTED_TURNOVER_12M,economic_sentiment,BG,2022-04-01,403,1,96.869479,0.002481
REGRETTED_TURNOVER_12M,economic_sentiment,BG,2022-07-01,435,2,97.233103,0.004598
REGRETTED_TURNOVER_12M,economic_sentiment,BG,2022-10-01,477,0,98.403145,0.0
REGRETTED_TURNOVER_12M,economic_sentiment,BG,2023-01-01,505,2,101.927723,0.00396
REGRETTED_TURNOVER_12M,economic_sentiment,BG,2023-04-01,533,1,102.4394,0.001876
REGRETTED_TURNOVER_12M,economic_sentiment,BG,2023-07-01,572,1,103.925699,0.001748
REGRETTED_TURNOVER_12M,economic_sentiment,BG,2023-10-01,591,1,105.176819,0.001692
REGRETTED_TURNOVER_12M,economic_sentiment,BG,2024-01-01,638,2,105.573668,0.003135
REGRETTED_TURNOVER_12M,economic_sentiment,BG,2024-04-01,685,1,103.774161,0.00146
REGRETTED_TURNOVER_12M,economic_sentiment,BG,2024-07-01,746,3,105.04008,0.004021
REGRETTED_TURNOVER_12M,economic_sentiment,BG,2024-10-01,783,2,106.302554,0.002554
REGRETTED_TURNOVER_12M,economic_sentiment,BG,2025-01-01,802,2,104.997756,0.002494
REGRETTED_TURNOVER_12M,economic_sentiment,BG,2025-04-01,829,4,104.054644,0.004825
REGRETTED_TURNOVER_12M,economic_sentiment,BG,2025-07-01,839,3,103.400834,0.003576
REGRETTED_TURNOVER_12M,economic_sentiment,BG,2025-10-01,861,8,102.397561,0.009292
REGRETTED_TURNOVER_12M,economic_sentiment,GR,2021-01-01,203,2,92.228571,0.009852
REGRETTED_TURNOVER_12M,economic_sentiment,GR,2021-04-01,252,0,96.021825,0.0
REGRETTED_TURNOVER_12M,economic_sentiment,GR,2021-07-01,301,2,108.257475,0.006645
REGRETTED_TURNOVER_12M,economic_sentiment,GR,2021-10-01,360,1,111.834722,0.002778
REGRETTED_TURNOVER_12M,economic_sentiment,GR,2022-01-01,402,4,111.768408,0.00995
REGRETTED_TURNOVER_12M,economic_sentiment,GR,2022-04-01,425,0,109.108471,0.0
REGRETTED_TURNOVER_12M,economic_sentiment,GR,2022-07-01,473,0,102.972939,0.0
REGRETTED_TURNOVER_12M,economic_sentiment,GR,2022-10-01,518,0,100.640154,0.0
REGRETTED_TURNOVER_12M,economic_sentiment,GR,2023-01-01,564,0,103.189716,0.0
REGRETTED_TURNOVER_12M,economic_sentiment,GR,2023-04-01,581,0,107.043373,0.0
REGRETTED_TURNOVER_12M,economic_sentiment,GR,2023-07-01,631,1,108.77401,0.001585
REGRETTED_TURNOVER_12M,economic_sentiment,GR,2023-10-01,678,0,107.122566,0.0
REGRETTED_TURNOVER_12M,economic_sentiment,GR,2024-01-01,692,4,105.373988,0.00578
REGRETTED_TURNOVER_12M,economic_sentiment,GR,2024-04-01,709,1,106.851199,0.00141
REGRETTED_TURNOVER_12M,economic_sentiment,GR,2024-07-01,739,1,108.445196,0.001353
REGRETTED_TURNOVER_12M,economic_sentiment,GR,2024-10-01,783,4,107.686845,0.005109
REGRETTED_TURNOVER_12M,economic_sentiment,GR,2025-01-01,826,1,106.76937,0.001211
REGRETTED_TURNOVER_12M,economic_sentiment,GR,2025-04-01,830,2,106.866867,0.00241
REGRETTED_TURNOVER_12M,economic_sentiment,GR,2025-07-01,869,2,106.910587,0.002301
REGRETTED_TURNOVER_12M,economic_sentiment,GR,2025-10-01,888,3,107.563739,0.003378
REGRETTED_TURNOVER_12M,economic_sentiment,IE,2021-01-01,187,1,93.643316,0.005348
REGRETTED_TURNOVER_12M,economic_sentiment,IE,2021-04-01,206,1,98.556311,0.004854
REGRETTED_TURNOVER_12M,economic_sentiment,IE,2021-07-01,220,0,113.068636,0.0
REGRETTED_TURNOVER_12M,economic_sentiment,IE,2021-10-01,268,0,114.772388,0.0
REGRETTED_TURNOVER_12M,economic_sentiment,IE,2022-01-01,304,0,105.8375,0.0
REGRETTED_TURNOVER_12M,economic_sentiment,IE,2022-04-01,332,3,104.233133,0.009036
REGRETTED_TURNOVER_12M,economic_sentiment,IE,2022-07-01,382,0,97.506806,0.0
REGRETTED_TURNOVER_12M,economic_sentiment,IE,2022-10-01,417,1,94.121583,0.002398
REGRETTED_TURNOVER_12M,economic_sentiment,IE,2023-01-01,443,2,97.450113,0.004515
REGRETTED_TURNOVER_12M,economic_sentiment,IE,2023-04-01,490,1,98.736735,0.002041
REGRETTED_TURNOVER_12M,economic_sentiment,IE,2023-07-01,505,2,100.699208,0.00396
REGRETTED_TURNOVER_12M,economic_sentiment,IE,2023-10-01,519,3,99.687861,0.00578
REGRETTED_TURNOVER_12M,economic_sentiment,IE,2024-01-01,545,2,99.237248,0.00367
REGRETTED_TURNOVER_12M,economic_sentiment,IE,2024-04-01,577,0,98.686482,0.0
REGRETTED_TURNOVER_12M,economic_sentiment,IE,2024-07-01,622,1,99.658521,0.001608
REGRETTED_TURNOVER_12M,economic_sentiment,IE,2024-10-01,652,3,100.973006,0.004601
REGRETTED_TURNOVER_12M,economic_sentiment,IE,2025-01-01,671,1,100.669151,0.00149
REGRETTED_TURNOVER_12M,economic_sentiment,IE,2025-04-01,710,3,100.079437,0.004225
REGRETTED_TURNOVER_12M,economic_sentiment,IE,2025-07-01,737,3,98.915061,0.004071
REGRETTED_TURNOVER_12M,economic_sentiment,IE,2025-10-01,749,8,97.930841,0.010681
REGRETTED_TURNOVER_12M,economic_sentiment,IT,2021-01-01,219,2,91.023288,0.009132
REGRETTED_TURNOVER_12M,economic_sentiment,IT,2021-04-01,277,0,102.318773,0.0
REGRETTED_TURNOVER_12M,economic_sentiment,IT,2021-07-01,319,1,117.241693,0.003135
REGRETTED_TURNOVER_12M,economic_sentiment,IT,2021-10-01,368,1,119.305163,0.002717
REGRETTED_TURNOVER_12M,economic_sentiment,IT,2022-01-01,415,1,115.873735,0.00241
REGRETTED_TURNOVER_12M,economic_sentiment,IT,2022-04-01,450,1,106.920444,0.002222
REGRETTED_TURNOVER_12M,economic_sentiment,IT,2022-07-01,480,0,103.473125,0.0
REGRETTED_TURNOVER_12M,economic_sentiment,IT,2022-10-01,520,1,96.758846,0.001923
REGRETTED_TURNOVER_12M,economic_sentiment,IT,2023-01-01,563,1,100.847247,0.001776
REGRETTED_TURNOVER_12M,economic_sentiment,IT,2023-04-01,626,2,103.693291,0.003195
REGRETTED_TURNOVER_12M,economic_sentiment,IT,2023-07-01,657,2,100.824201,0.003044
REGRETTED_TURNOVER_12M,economic_sentiment,IT,2023-10-01,701,4,98.247361,0.005706
REGRETTED_TURNOVER_12M,economic_sentiment,IT,2024-01-01,721,3,98.961442,0.004161
REGRETTED_TURNOVER_12M,economic_sentiment,IT,2024-04-01,731,5,100.139398,0.00684
REGRETTED_TURNOVER_12M,economic_sentiment,IT,2024-07-01,754,1,100.232626,0.001326
REGRETTED_TURNOVER_12M,economic_sentiment,IT,2024-10-01,789,3,99.235361,0.003802
REGRETTED_TURNOVER_12M,economic_sentiment,IT,2025-01-01,798,1,98.907018,0.001253
REGRETTED_TURNOVER_12M,economic_sentiment,IT,2025-04-01,824,5,97.827063,0.006068
REGRETTED_TURNOVER_12M,economic_sentiment,IT,2025-07-01,837,4,99.334767,0.004779
REGRETTED_TURNOVER_12M,economic_sentiment,IT,2025-10-01,876,4,99.406164,0.004566
REGRETTED_TURNOVER_12M,economic_sentiment,PL,2021-01-01,191,3,84.433508,0.015707
REGRETTED_TURNOVER_12M,economic_sentiment,PL,2021-04-01,220,1,93.376818,0.004545
REGRETTED_TURNOVER_12M,economic_sentiment,PL,2021-07-01,267,0,103.419101,0.0
REGRETTED_TURNOVER_12M,economic_sentiment,PL,2021-10-01,326,0,104.661963,0.0
REGRETTED_TURNOVER_12M,economic_sentiment,PL,2022-01-01,372,1,100.523118,0.002688
REGRETTED_TURNOVER_12M,economic_sentiment,PL,2022-04-01,410,1,94.118537,0.002439
REGRETTED_TURNOVER_12M,economic_sentiment,PL,2022-07-01,467,2,90.001071,0.004283
REGRETTED_TURNOVER_12M,economic_sentiment,PL,2022-10-01,498,2,84.476305,0.004016
REGRETTED_TURNOVER_12M,economic_sentiment,PL,2023-01-01,544,0,83.836765,0.0
REGRETTED_TURNOVER_12M,economic_sentiment,PL,2023-04-01,571,1,87.037828,0.001751
REGRETTED_TURNOVER_12M,economic_sentiment,PL,2023-07-01,607,2,89.909226,0.003295
REGRETTED_TURNOVER_12M,economic_sentiment,PL,2023-10-01,632,3,93.416456,0.004747
REGRETTED_TURNOVER_12M,economic_sentiment,PL,2024-01-01,660,1,97.677576,0.001515
REGRETTED_TURNOVER_12M,economic_sentiment,PL,2024-04-01,686,2,99.90379,0.002915
REGRETTED_TURNOVER_12M,economic_sentiment,PL,2024-07-01,711,1,98.229114,0.001406
REGRETTED_TURNOVER_12M,economic_sentiment,PL,2024-10-01,753,1,97.600398,0.001328
REGRETTED_TURNOVER_12M,economic_sentiment,PL,2025-01-01,771,3,96.996887,0.003891
REGRETTED_TURNOVER_12M,economic_sentiment,PL,2025-04-01,793,1,98.033291,0.001261
REGRETTED_TURNOVER_12M,economic_sentiment,PL,2025-07-01,806,1,98.735236,0.001241
REGRETTED_TURNOVER_12M,economic_sentiment,PL,2025-10-01,820,4,98.400122,0.004878
REGRETTED_TURNOVER_12M,economic_sentiment,RO,2021-01-01,170,1,92.387059,0.005882
REGRETTED_TURNOVER_12M,economic_sentiment,RO,2021-04-01,204,1,96.904902,0.004902
REGRETTED_TURNOVER_12M,economic_sentiment,RO,2021-07-01,240,2,104.378333,0.008333
REGRETTED_TURNOVER_12M,economic_sentiment,RO,2021-10-01,269,1,102.43197,0.003717
REGRETTED_TURNOVER_12M,economic_sentiment,RO,2022-01-01,297,1,100.414815,0.003367
REGRETTED_TURNOVER_12M,economic_sentiment,RO,2022-04-01,328,0,100.052134,0.0
REGRETTED_TURNOVER_12M,economic_sentiment,RO,2022-07-01,377,2,98.499204,0.005305
REGRETTED_TURNOVER_12M,economic_sentiment,RO,2022-10-01,408,5,97.578922,0.012255
REGRETTED_TURNOVER_12M,economic_sentiment,RO,2023-01-01,423,3,98.425296,0.007092
REGRETTED_TURNOVER_12M,economic_sentiment,RO,2023-04-01,453,0,99.272627,0.0
REGRETTED_TURNOVER_12M,economic_sentiment,RO,2023-07-01,493,4,100.579108,0.008114
REGRETTED_TURNOVER_12M,economic_sentiment,RO,2023-10-01,526,2,100.631559,0.003802
REGRETTED_TURNOVER_12M,economic_sentiment,RO,2024-01-01,562,0,101.922242,0.0
REGRETTED_TURNOVER_12M,economic_sentiment,RO,2024-04-01,618,0,103.522006,0.0
REGRETTED_TURNOVER_12M,economic_sentiment,RO,2024-07-01,675,2,103.358519,0.002963
REGRETTED_TURNOVER_12M,economic_sentiment,RO,2024-10-01,727,2,104.315131,0.002751
REGRETTED_TURNOVER_12M,economic_sentiment,RO,2025-01-01,741,5,102.525641,0.006748
REGRETTED_TURNOVER_12M,economic_sentiment,RO,2025-04-01,758,1,101.537203,0.001319
REGRETTED_TURNOVER_12M,economic_sentiment,RO,2025-07-01,773,3,96.836352,0.003881
REGRETTED_TURNOVER_12M,economic_sentiment,RO,2025-10-01,767,8,93.405085,0.01043
REGRETTED_TURNOVER_12M,gdp_growth,BG,2021-01-01,191,1,3.79332,0.005236
REGRETTED_TURNOVER_12M,gdp_growth,BG,2021-04-01,228,1,3.79332,0.004386
REGRETTED_TURNOVER_12M,gdp_growth,BG,2021-07-01,271,0,-0.9607,0.0
REGRETTED_TURNOVER_12M,gdp_growth,BG,2021-10-01,324,0,-3.133235,0.0
REGRETTED_TURNOVER_12M,gdp_growth,BG,2022-01-01,372,4,-3.133235,0.010753
REGRETTED_TURNOVER_12M,gdp_growth,BG,2022-04-01,403,1,-3.133235,0.002481
REGRETTED_TURNOVER_12M,gdp_growth,BG,2022-07-01,435,2,4.249966,0.004598
REGRETTED_TURNOVER_12M,gdp_growth,BG,2022-10-01,477,0,7.828173,0.0
REGRETTED_TURNOVER_12M,gdp_growth,BG,2023-01-01,505,2,7.828173,0.00396
REGRETTED_TURNOVER_12M,gdp_growth,BG,2023-04-01,533,1,7.828173,0.001876
REGRETTED_TURNOVER_12M,gdp_growth,BG,2023-07-01,572,1,5.334149,0.001748
REGRETTED_TURNOVER_12M,gdp_growth,BG,2023-10-01,591,1,4.083864,0.001692
REGRETTED_TURNOVER_12M,gdp_growth,BG,2024-01-01,638,2,4.083864,0.003135
REGRETTED_TURNOVER_12M,gdp_growth,BG,2024-04-01,685,1,4.083864,0.00146
REGRETTED_TURNOVER_12M,gdp_growth,BG,2024-07-01,746,3,2.457606,0.004021
REGRETTED_TURNOVER_12M,gdp_growth,BG,2024-10-01,783,2,1.681511,0.002554
REGRETTED_TURNOVER_12M,gdp_growth,BG,2025-01-01,802,2,1.681511,0.002494
REGRETTED_TURNOVER_12M,gdp_growth,BG,2025-04-01,829,4,1.681511,0.004825
REGRETTED_TURNOVER_12M,gdp_growth,BG,2025-07-01,839,3,2.82805,0.003576
REGRETTED_TURNOVER_12M,gdp_growth,BG,2025-10-01,861,8,3.38709,0.009292
REGRETTED_TURNOVER_12M,gdp_growth,GR,2021-01-01,203,2,2.277181,0.009852
REGRETTED_TURNOVER_12M,gdp_growth,GR,2021-04-01,252,0,2.277181,0.0
REGRETTED_TURNOVER_12M,gdp_growth,GR,2021-07-01,301,2,-5.536937,0.006645
REGRETTED_TURNOVER_12M,gdp_growth,GR,2021-10-01,360,1,-9.196231,0.002778
REGRETTED_TURNOVER_12M,gdp_growth,GR,2022-01-01,402,4,-9.196231,0.00995
REGRETTED_TURNOVER_12M,gdp_growth,GR,2022-04-01,425,0,-9.196231,0.0
REGRETTED_TURNOVER_12M,gdp_growth,GR,2022-07-01,473,0,2.918111,0.0
REGRETTED_TURNOVER_12M,gdp_growth,GR,2022-10-01,518,0,8.654498,0.0
REGRETTED_TURNOVER_12M,gdp_growth,GR,2023-01-01,564,0,8.654498,0.0
REGRETTED_TURNOVER_12M,gdp_growth,GR,2023-04-01,581,0,8.654498,0.0
REGRETTED_TURNOVER_12M,gdp_growth,GR,2023-07-01,631,1,6.529751,0.001585
REGRETTED_TURNOVER_12M,gdp_growth,GR,2023-10-01,678,0,5.521986,0.0
REGRETTED_TURNOVER_12M,gdp_growth,GR,2024-01-01,692,4,5.521986,0.00578
REGRETTED_TURNOVER_12M,gdp_growth,GR,2024-04-01,709,1,5.521986,0.00141
REGRETTED_TURNOVER_12M,gdp_growth,GR,2024-07-01,739,1,3.240166,0.001353
REGRETTED_TURNOVER_12M,gdp_growth,GR,2024-10-01,783,4,2.135911,0.005109
REGRETTED_TURNOVER_12M,gdp_growth,GR,2025-01-01,826,1,2.135911,0.001211
REGRETTED_TURNOVER_12M,gdp_growth,GR,2025-04-01,830,2,2.135911,0.00241
REGRETTED_TURNOVER_12M,gdp_growth,GR,2025-07-01,869,2,2.102698,0.002301
REGRETTED_TURNOVER_12M,gdp_growth,GR,2025-10-01,888,3,2.086574,0.003378
REGRETTED_TURNOVER_12M,gdp_growth,IE,2021-01-01,187,1,4.97288,0.005348
REGRETTED_TURNOVER_12M,gdp_growth,IE,2021-04-01,206,1,4.97288,0.004854
REGRETTED_TURNOVER_12M,gdp_growth,IE,2021-07-01,220,0,6.459799,0.0
REGRETTED_TURNOVER_12M,gdp_growth,IE,2021-10-01,268,0,7.153695,0.0
REGRETTED_TURNOVER_12M,gdp_growth,IE,2022-01-01,304,0,7.153695,0.0
REGRETTED_TURNOVER_12M,gdp_growth,IE,2022-04-01,332,3,7.153695,0.009036
REGRETTED_TURNOVER_12M,gdp_growth,IE,2022-07-01,382,0,13.35047,0.0
REGRETTED_TURNOVER_12M,gdp_growth,IE,2022-10-01,417,1,16.258188,0.002398
REGRETTED_TURNOVER_12M,gdp_growth,IE,2023-01-01,443,2,16.258188,0.004515
REGRETTED_TURNOVER_12M,gdp_growth,IE,2023-04-01,490,1,16.258188,0.002041
REGRETTED_TURNOVER_12M,gdp_growth,IE,2023-07-01,505,2,10.386407,0.00396
REGRETTED_TURNOVER_12M,gdp_growth,IE,2023-10-01,519,3,7.511139,0.00578
REGRETTED_TURNOVER_12M,gdp_growth,IE,2024-01-01,545,2,7.511139,0.00367
REGRETTED_TURNOVER_12M,gdp_growth,IE,2024-04-01,577,0,7.511139,0.0
REGRETTED_TURNOVER_12M,gdp_growth,IE,2024-07-01,622,1,0.726645,0.001608
REGRETTED_TURNOVER_12M,gdp_growth,IE,2024-10-01,652,3,-2.536374,0.004601
REGRETTED_TURNOVER_12M,gdp_growth,IE,2025-01-01,671,1,-2.536374,0.00149
REGRETTED_TURNOVER_12M,gdp_growth,IE,2025-04-01,710,3,-2.536374,0.004225
REGRETTED_TURNOVER_12M,gdp_growth,IE,2025-07-01,737,3,0.913072,0.004071
REGRETTED_TURNOVER_12M,gdp_growth,IE,2025-10-01,749,8,2.599467,0.010681
REGRETTED_TURNOVER_12M,gdp_growth,IT,2021-01-01,219,2,0.429163,0.009132
REGRETTED_TURNOVER_12M,gdp_growth,IT,2021-04-01,277,0,0.429163,0.0
REGRETTED_TURNOVER_12M,gdp_growth,IT,2021-07-01,319,1,-6.011972,0.003135
REGRETTED_TURNOVER_12M,gdp_growth,IT,2021-10-01,368,1,-8.868221,0.002717
REGRETTED_TURNOVER_12M,gdp_growth,IT,2022-01-01,415,1,-8.868221,0.00241
REGRETTED_TURNOVER_12M,gdp_growth,IT,2022-04-01,450,1,-8.868221,0.002222
REGRETTED_TURNOVER_12M,gdp_growth,IT,2022-07-01,480,0,3.257541,0.0
REGRETTED_TURNOVER_12M,gdp_growth,IT,2022-10-01,520,1,8.931062,0.001923
REGRETTED_TURNOVER_12M,gdp_growth,IT,2023-01-01,563,1,8.931062,0.001776
REGRETTED_TURNOVER_12M,gdp_growth,IT,2023-04-01,626,2,8.931062,0.003195
REGRETTED_TURNOVER_12M,gdp_growth,IT,2023-07-01,657,2,6.159861,0.003044
REGRETTED_TURNOVER_12M,gdp_growth,IT,2023-10-01,701,4,4.821177,0.005706
REGRETTED_TURNOVER_12M,gdp_growth,IT,2024-01-01,721,3,4.821177,0.004161
REGRETTED_TURNOVER_12M,gdp_growth,IT,2024-04-01,731,5,4.821177,0.00684
REGRETTED_TURNOVER_12M,gdp_growth,IT,2024-07-01,754,1,2.215363,0.001326
REGRETTED_TURNOVER_12M,gdp_growth,IT,2024-10-01,789,3,0.922797,0.003802
REGRETTED_TURNOVER_12M,gdp_growth,IT,2025-01-01,798,1,0.922797,0.001253
REGRETTED_TURNOVER_12M,gdp_growth,IT,2025-04-01,824,5,0.922797,0.006068
REGRETTED_TURNOVER_12M,gdp_growth,IT,2025-07-01,837,4,0.829124,0.004779
REGRETTED_TURNOVER_12M,gdp_growth,IT,2025-10-01,876,4,0.783039,0.004566
REGRETTED_TURNOVER_12M,gdp_growth,PL,2021-01-01,191,3,4.580458,0.015707
REGRETTED_TURNOVER_12M,gdp_growth,PL,2021-04-01,220,1,4.580458,0.004545
REGRETTED_TURNOVER_12M,gdp_growth,PL,2021-07-01,267,0,-0.02846,0.0
REGRETTED_TURNOVER_12M,gdp_growth,PL,2021-10-01,326,0,-2.035569,0.0
REGRETTED_TURNOVER_12M,gdp_growth,PL,2022-01-01,372,1,-2.035569,0.002688
REGRETTED_TURNOVER_12M,gdp_growth,PL,2022-04-01,410,1,-2.035569,0.002439
REGRETTED_TURNOVER_12M,gdp_growth,PL,2022-07-01,467,2,3.990778,0.004283
REGRETTED_TURNOVER_12M,gdp_growth,PL,2022-10-01,498,2,6.927183,0.004016
REGRETTED_TURNOVER_12M,gdp_growth,PL,2023-01-01,544,0,6.927183,0.0
REGRETTED_TURNOVER_12M,gdp_growth,PL,2023-04-01,571,1,6.927183,0.001751
REGRETTED_TURNOVER_12M,gdp_growth,PL,2023-07-01,607,2,5.803519,0.003295
REGRETTED_TURNOVER_12M,gdp_growth,PL,2023-10-01,632,3,5.255457,0.004747
REGRETTED_TURNOVER_12M,gdp_growth,PL,2024-01-01,660,1,5.255457,0.001515
REGRETTED_TURNOVER_12M,gdp_growth,PL,2024-04-01,686,2,5.255457,0.002915
REGRETTED_TURNOVER_12M,gdp_growth,PL,2024-07-01,711,1,1.897105,0.001406
REGRETTED_TURNOVER_12M,gdp_growth,PL,2024-10-01,753,1,0.249611,0.001328
REGRETTED_TURNOVER_12M,gdp_growth,PL,2025-01-01,771,3,0.249611,0.003891
REGRETTED_TURNOVER_12M,gdp_growth,PL,2025-04-01,793,1,0.249611,0.001261
REGRETTED_TURNOVER_12M,gdp_growth,PL,2025-07-01,806,1,2.107894,0.001241
REGRETTED_TURNOVER_12M,gdp_growth,PL,2025-10-01,820,4,3.028416,0.004878
REGRETTED_TURNOVER_12M,gdp_growth,RO,2021-01-01,170,1,3.96029,0.005882
REGRETTED_TURNOVER_12M,gdp_growth,RO,2021-04-01,204,1,3.96029,0.004902
REGRETTED_TURNOVER_12M,gdp_growth,RO,2021-07-01,240,2,-1.204559,0.008333
REGRETTED_TURNOVER_12M,gdp_growth,RO,2021-10-01,269,1,-3.598025,0.003717
REGRETTED_TURNOVER_12M,gdp_growth,RO,2022-01-01,297,1,-3.598025,0.003367
REGRETTED_TURNOVER_12M,gdp_growth,RO,2022-04-01,328,0,-3.598025,0.0
REGRETTED_TURNOVER_12M,gdp_growth,RO,2022-07-01,377,2,2.566166,0.005305
REGRETTED_TURNOVER_12M,gdp_growth,RO,2022-10-01,408,5,5.587351,0.012255
REGRETTED_TURNOVER_12M,gdp_growth,RO,2023-01-01,423,3,5.587351,0.007092
REGRETTED_TURNOVER_12M,gdp_growth,RO,2023-04-01,453,0,5.587351,0.0
REGRETTED_TURNOVER_12M,gdp_growth,RO,2023-07-01,493,4,4.639117,0.008114
REGRETTED_TURNOVER_12M,gdp_growth,RO,2023-10-01,526,2,4.187713,0.003802
REGRETTED_TURNOVER_12M,gdp_growth,RO,2024-01-01,562,0,4.187713,0.0
REGRETTED_TURNOVER_12M,gdp_growth,RO,2024-04-01,618,0,4.187713,0.0
REGRETTED_TURNOVER_12M,gdp_growth,RO,2024-07-01,675,2,2.875327,0.002963
REGRETTED_TURNOVER_12M,gdp_growth,RO,2024-10-01,727,2,2.257734,0.002751
REGRETTED_TURNOVER_12M,gdp_growth,RO,2025-01-01,741,5,2.257734,0.006748
REGRETTED_TURNOVER_12M,gdp_growth,RO,2025-04-01,758,1,2.257734,0.001319
REGRETTED_TURNOVER_12M,gdp_growth,RO,2025-07-01,773,3,1.363826,0.003881
REGRETTED_TURNOVER_12M,gdp_growth,RO,2025-10-01,767,8,0.916004,0.01043
REGRETTED_TURNOVER_12M,hicp_inflation_first_release,BG,2021-01-01,191,1,-0.009424,0.005236
REGRETTED_TURNOVER_12M,hicp_inflation_first_release,BG,2021-04-01,228,1,1.011404,0.004386
REGRETTED_TURNOVER_12M,hicp_inflation_first_release,BG,2021-07-01,271,0,2.298524,0.0
REGRETTED_TURNOVER_12M,hicp_inflation_first_release,BG,2021-10-01,324,0,3.944444,0.0
REGRETTED_TURNOVER_12M,hicp_inflation_first_release,BG,2022-01-01,372,4,6.884677,0.010753
REGRETTED_TURNOVER_12M,hicp_inflation_first_release,BG,2022-04-01,403,1,10.374442,0.002481
REGRETTED_TURNOVER_12M,hicp_inflation_first_release,BG,2022-07-01,435,2,14.377011,0.004598
REGRETTED_TURNOVER_12M,hicp_inflation_first_release,BG,2022-10-01,477,0,15.130398,0.0
REGRETTED_TURNOVER_12M,hicp_inflation_first_release,BG,2023-01-01,505,2,14.3,0.00396
REGRETTED_TURNOVER_12M,hicp_inflation_first_release,BG,2023-04-01,533,1,12.00469,0.001876
REGRETTED_TURNOVER_12M,hicp_inflation_first_release,BG,2023-07-01,572,1,7.966434,0.001748
REGRETTED_TURNOVER_12M,hicp_inflation_first_release,BG,2023-10-01,591,1,6.591032,0.001692
REGRETTED_TURNOVER_12M,hicp_inflation_first_release,BG,2024-01-01,638,2,4.783856,0.003135
REGRETTED_TURNOVER_12M,hicp_inflation_first_release,BG,2024-04-01,685,1,3.025839,0.00146
REGRETTED_TURNOVER_12M,hicp_inflation_first_release,BG,2024-07-01,746,3,2.767694,0.004021
REGRETTED_TURNOVER_12M,hicp_inflation_first_release,BG,2024-10-01,783,2,1.965517,0.002554
REGRETTED_TURNOVER_12M,hicp_inflation_first_release,BG,2025-01-01,802,2,2.636908,0.002494
REGRETTED_TURNOVER_12M,hicp_inflation_first_release,BG,2025-04-01,829,4,3.560434,0.004825
REGRETTED_TURNOVER_12M,hicp_inflation_first_release,BG,2025-07-01,839,3,3.13528,0.003576
REGRETTED_TURNOVER_12M,hicp_inflation_first_release,BG,2025-10-01,861,8,3.767596,0.009292
REGRETTED_TURNOVER_12M,hicp_inflation_first_release,GR,2021-01-01,203,2,-2.305419,0.009852
REGRETTED_TURNOVER_12M,hicp_inflation_first_release,GR,2021-04-01,252,0,-1.637698,0.0
REGRETTED_TURNOVER_12M,hicp_inflation_first_release,GR,2021-07-01,301,2,0.060465,0.006645
REGRETTED_TURNOVER_12M,hicp_inflation_first_release,GR,2021-10-01,360,1,2.004167,0.002778
REGRETTED_TURNOVER_12M,hicp_inflation_first_release,GR,2022-01-01,402,4,4.637065,0.00995
REGRETTED_TURNOVER_12M,hicp_inflation_first_release,GR,2022-04-01,425,0,7.843059,0.0
REGRETTED_TURNOVER_12M,hicp_inflation_first_release,GR,2022-07-01,473,0,11.142495,0.0
REGRETTED_TURNOVER_12M,hicp_inflation_first_release,GR,2022-10-01,518,0,10.914672,0.0
REGRETTED_TURNOVER_12M,hicp_inflation_first_release,GR,2023-01-01,564,0,7.884043,0.0
REGRETTED_TURNOVER_12M,hicp_inflation_first_release,GR,2023-04-01,581,0,5.454905,0.0
REGRETTED_TURNOVER_12M,hicp_inflation_first_release,GR,2023-07-01,631,1,3.463391,0.001585
REGRETTED_TURNOVER_12M,hicp_inflation_first_release,GR,2023-10-01,678,0,3.235841,0.0
REGRETTED_TURNOVER_12M,hicp_inflation_first_release,GR,2024-01-01,692,4,3.268064,0.00578
REGRETTED_TURNOVER_12M,hicp_inflation_first_release,GR,2024-04-01,709,1,3.234274,0.00141
REGRETTED_TURNOVER_12M,hicp_inflation_first_release,GR,2024-07-01,739,1,2.636536,0.001353
REGRETTED_TURNOVER_12M,hicp_inflation_first_release,GR,2024-10-01,783,4,3.132567,0.005109
REGRETTED_TURNOVER_12M,hicp_inflation_first_release,GR,2025-01-01,826,1,3.000121,0.001211
REGRETTED_TURNOVER_12M,hicp_inflation_first_release,GR,2025-04-01,830,2,2.898675,0.00241
REGRETTED_TURNOVER_12M,hicp_inflation_first_release,GR,2025-07-01,869,2,3.535903,0.002301
REGRETTED_TURNOVER_12M,hicp_inflation_first_release,GR,2025-10-01,888,3,2.164977,0.003378
REGRETTED_TURNOVER_12M,hicp_inflation_first_release,IE,2021-01-01,187,1,-0.687166,0.005348
REGRETTED_TURNOVER_12M,hicp_inflation_first_release,IE,2021-04-01,206,1,0.265049,0.004854
REGRETTED_TURNOVER_12M,hicp_inflation_first_release,IE,2021-07-01,220,0,1.870455,0.0
REGRETTED_TURNOVER_12M,hicp_inflation_first_release,IE,2021-10-01,268,0,4.005224,0.0
REGRETTED_TURNOVER_12M,hicp_inflation_first_release,IE,2022-01-01,304,0,5.396053,0.0
REGRETTED_TURNOVER_12M,hicp_inflation_first_release,IE,2022-04-01,332,3,6.675301,0.009036
REGRETTED_TURNOVER_12M,hicp_inflation_first_release,IE,2022-07-01,382,0,9.153927,0.0
REGRETTED_TURNOVER_12M,hicp_inflation_first_release,IE,2022-10-01,417,1,9.035252,0.002398
REGRETTED_TURNOVER_12M,hicp_inflation_first_release,IE,2023-01-01,443,2,8.22009,0.004515
REGRETTED_TURNOVER_12M,hicp_inflation_first_release,IE,2023-04-01,490,1,7.084286,0.002041
REGRETTED_TURNOVER_12M,hicp_inflation_first_release,IE,2023-07-01,505,2,4.928119,0.00396
REGRETTED_TURNOVER_12M,hicp_inflation_first_release,IE,2023-10-01,519,3,4.4921,0.00578
REGRETTED_TURNOVER_12M,hicp_inflation_first_release,IE,2024-01-01,545,2,2.801468,0.00367
REGRETTED_TURNOVER_12M,hicp_inflation_first_release,IE,2024-04-01,577,0,1.861179,0.0
REGRETTED_TURNOVER_12M,hicp_inflation_first_release,IE,2024-07-01,622,1,1.629904,0.001608
REGRETTED_TURNOVER_12M,hicp_inflation_first_release,IE,2024-10-01,652,3,0.430521,0.004601
REGRETTED_TURNOVER_12M,hicp_inflation_first_release,IE,2025-01-01,671,1,1.069598,0.00149
REGRETTED_TURNOVER_12M,hicp_inflation_first_release,IE,2025-04-01,710,3,1.80507,0.004225
REGRETTED_TURNOVER_12M,hicp_inflation_first_release,IE,2025-07-01,737,3,1.534328,0.004071
REGRETTED_TURNOVER_12M,hicp_inflation_first_release,IE,2025-10-01,749,8,2.464887,0.010681
REGRETTED_TURNOVER_12M,hicp_inflation_first_release,IT,2021-01-01,219,2,0.058447,0.009132
REGRETTED_TURNOVER_12M,hicp_inflation_first_release,IT,2021-04-01,277,0,0.759567,0.0
REGRETTED_TURNOVER_12M,hicp_inflation_first_release,IT,2021-07-01,319,1,1.197806,0.003135
REGRETTED_TURNOVER_12M,hicp_inflation_first_release,IT,2021-10-01,368,1,2.842663,0.002717
REGRETTED_TURNOVER_12M,hicp_inflation_first_release,IT,2022-01-01,415,1,4.415422,0.00241
REGRETTED_TURNOVER_12M,hicp_inflation_first_release,IT,2022-04-01,450,1,6.498222,0.002222
REGRETTED_TURNOVER_12M,hicp_inflation_first_release,IT,2022-07-01,480,0,8.083125,0.0
REGRETTED_TURNOVER_12M,hicp_inflation_first_release,IT,2022-10-01,520,1,10.431154,0.001923
REGRETTED_TURNOVER_12M,hicp_inflation_first_release,IT,2023-01-01,563,1,11.780639,0.001776
REGRETTED_TURNOVER_12M,hicp_inflation_first_release,IT,2023-04-01,626,2,8.785942,0.003195
REGRETTED_TURNOVER_12M,hicp_inflation_first_release,IT,2023-07-01,657,2,7.020396,0.003044
REGRETTED_TURNOVER_12M,hicp_inflation_first_release,IT,2023-10-01,701,4,4.304422,0.005706
REGRETTED_TURNOVER_12M,hicp_inflation_first_release,IT,2024-01-01,721,3,0.699861,0.004161
REGRETTED_TURNOVER_12M,hicp_inflation_first_release,IT,2024-04-01,731,5,0.966895,0.00684
REGRETTED_TURNOVER_12M,hicp_inflation_first_release,IT,2024-07-01,754,1,1.069496,0.001326
REGRETTED_TURNOVER_12M,hicp_inflation_first_release,IT,2024-10-01,789,3,0.998859,0.003802
REGRETTED_TURNOVER_12M,hicp_inflation_first_release,IT,2025-01-01,798,1,1.468797,0.001253
REGRETTED_TURNOVER_12M,hicp_inflation_first_release,IT,2025-04-01,824,5,1.933981,0.006068
REGRETTED_TURNOVER_12M,hicp_inflation_first_release,IT,2025-07-01,837,4,1.7,0.004779
REGRETTED_TURNOVER_12M,hicp_inflation_first_release,IT,2025-10-01,876,4,1.533447,0.004566
REGRETTED_TURNOVER_12M,hicp_inflation_first_release,PL,2021-01-01,191,3,3.599476,0.015707
REGRETTED_TURNOVER_12M,hicp_inflation_first_release,PL,2021-04-01,220,1,4.401818,0.004545
REGRETTED_TURNOVER_12M,hicp_inflation_first_release,PL,2021-07-01,267,0,4.501124,0.0
REGRETTED_TURNOVER_12M,hicp_inflation_first_release,PL,2021-10-01,326,0,5.732822,0.0
REGRETTED_TURNOVER_12M,hicp_inflation_first_release,PL,2022-01-01,372,1,8.035215,0.002688
REGRETTED_TURNOVER_12M,hicp_inflation_first_release,PL,2022-04-01,410,1,9.965122,0.002439
REGRETTED_TURNOVER_12M,hicp_inflation_first_release,PL,2022-07-01,467,2,13.741328,0.004283
REGRETTED_TURNOVER_12M,hicp_inflation_first_release,PL,2022-10-01,498,2,15.624498,0.004016
REGRETTED_TURNOVER_12M,hicp_inflation_first_release,PL,2023-01-01,544,0,15.76489,0.0
REGRETTED_TURNOVER_12M,hicp_inflation_first_release,PL,2023-04-01,571,1,15.430473,0.001751
REGRETTED_TURNOVER_12M,hicp_inflation_first_release,PL,2023-07-01,607,2,11.22257,0.003295
REGRETTED_TURNOVER_12M,hicp_inflation_first_release,PL,2023-10-01,632,3,7.816139,0.004747
REGRETTED_TURNOVER_12M,hicp_inflation_first_release,PL,2024-01-01,660,1,5.692273,0.001515
REGRETTED_TURNOVER_12M,hicp_inflation_first_release,PL,2024-04-01,686,2,3.097522,0.002915
REGRETTED_TURNOVER_12M,hicp_inflation_first_release,PL,2024-07-01,711,1,3.241491,0.001406
REGRETTED_TURNOVER_12M,hicp_inflation_first_release,PL,2024-10-01,753,1,4.201195,0.001328
REGRETTED_TURNOVER_12M,hicp_inflation_first_release,PL,2025-01-01,771,3,4.034371,0.003891
REGRETTED_TURNOVER_12M,hicp_inflation_first_release,PL,2025-04-01,793,1,4.164313,0.001261
REGRETTED_TURNOVER_12M,hicp_inflation_first_release,PL,2025-07-01,806,1,3.298759,0.001241
REGRETTED_TURNOVER_12M,hicp_inflation_first_release,PL,2025-10-01,820,4,2.833293,0.004878
REGRETTED_TURNOVER_12M,hicp_inflation_first_release,RO,2021-01-01,170,1,1.808235,0.005882
REGRETTED_TURNOVER_12M,hicp_inflation_first_release,RO,2021-04-01,204,1,2.571569,0.004902
REGRETTED_TURNOVER_12M,hicp_inflation_first_release,RO,2021-07-01,240,2,3.51,0.008333
REGRETTED_TURNOVER_12M,hicp_inflation_first_release,RO,2021-10-01,269,1,5.261338,0.003717
REGRETTED_TURNOVER_12M,hicp_inflation_first_release,RO,2022-01-01,297,1,6.870034,0.003367
REGRETTED_TURNOVER_12M,hicp_inflation_first_release,RO,2022-04-01,328,0,9.779268,0.0
REGRETTED_TURNOVER_12M,hicp_inflation_first_release,RO,2022-07-01,377,2,12.802653,0.005305
REGRETTED_TURNOVER_12M,hicp_inflation_first_release,RO,2022-10-01,408,5,13.401961,0.012255
REGRETTED_TURNOVER_12M,hicp_inflation_first_release,RO,2023-01-01,423,3,14.027187,0.007092
REGRETTED_TURNOVER_12M,hicp_inflation_first_release,RO,2023-04-01,453,0,11.929801,0.0
REGRETTED_TURNOVER_12M,hicp_inflation_first_release,RO,2023-07-01,493,4,9.258012,0.008114
REGRETTED_TURNOVER_12M,hicp_inflation_first_release,RO,2023-10-01,526,2,8.924525,0.003802
REGRETTED_TURNOVER_12M,hicp_inflation_first_release,RO,2024-01-01,562,0,7.073843,0.0
REGRETTED_TURNOVER_12M,hicp_inflation_first_release,RO,2024-04-01,618,0,6.66165,0.0
REGRETTED_TURNOVER_12M,hicp_inflation_first_release,RO,2024-07-01,675,2,5.634074,0.002963
REGRETTED_TURNOVER_12M,hicp_inflation_first_release,RO,2024-10-01,727,2,5.031224,0.002751
REGRETTED_TURNOVER_12M,hicp_inflation_first_release,RO,2025-01-01,741,5,5.399865,0.006748
REGRETTED_TURNOVER_12M,hicp_inflation_first_release,RO,2025-04-01,758,1,5.065963,0.001319
REGRETTED_TURNOVER_12M,hicp_inflation_first_release,RO,2025-07-01,773,3,5.932471,0.003881
REGRETTED_TURNOVER_12M,hicp_inflation_first_release,RO,2025-10-01,767,8,8.50013,0.01043
REGRETTED_TURNOVER_12M,job_vacancy_rate,BG,2021-01-01,191,1,0.8,0.005236
REGRETTED_TURNOVER_12M,job_vacancy_rate,BG,2021-04-01,228,1,0.7,0.004386
REGRETTED_TURNOVER_12M,job_vacancy_rate,BG,2021-07-01,271,0,0.8,0.0
REGRETTED_TURNOVER_12M,job_vacancy_rate,BG,2021-10-01,324,0,0.8,0.0
REGRETTED_TURNOVER_12M,job_vacancy_rate,BG,2022-01-01,372,4,0.8,0.010753
REGRETTED_TURNOVER_12M,job_vacancy_rate,BG,2022-04-01,403,1,0.7,0.002481
REGRETTED_TURNOVER_12M,job_vacancy_rate,BG,2022-07-01,435,2,0.9,0.004598
REGRETTED_TURNOVER_12M,job_vacancy_rate,BG,2022-10-01,477,0,0.9,0.0
REGRETTED_TURNOVER_12M,job_vacancy_rate,BG,2023-01-01,505,2,0.8,0.00396
REGRETTED_TURNOVER_12M,job_vacancy_rate,BG,2023-04-01,533,1,0.8,0.001876
REGRETTED_TURNOVER_12M,job_vacancy_rate,BG,2023-07-01,572,1,0.8,0.001748
REGRETTED_TURNOVER_12M,job_vacancy_rate,BG,2023-10-01,591,1,0.8,0.001692
REGRETTED_TURNOVER_12M,job_vacancy_rate,BG,2024-01-01,638,2,0.8,0.003135
REGRETTED_TURNOVER_12M,job_vacancy_rate,BG,2024-04-01,685,1,0.7,0.00146
REGRETTED_TURNOVER_12M,job_vacancy_rate,BG,2024-07-01,746,3,0.8,0.004021
REGRETTED_TURNOVER_12M,job_vacancy_rate,BG,2024-10-01,783,2,0.8,0.002554
REGRETTED_TURNOVER_12M,job_vacancy_rate,BG,2025-01-01,802,2,0.8,0.002494
REGRETTED_TURNOVER_12M,job_vacancy_rate,BG,2025-04-01,829,4,0.7,0.004825
REGRETTED_TURNOVER_12M,job_vacancy_rate,BG,2025-07-01,839,3,0.9,0.003576
REGRETTED_TURNOVER_12M,job_vacancy_rate,BG,2025-10-01,861,8,0.9,0.009292
REGRETTED_TURNOVER_12M,job_vacancy_rate,GR,2021-01-01,203,2,0.5,0.009852
REGRETTED_TURNOVER_12M,job_vacancy_rate,GR,2021-04-01,252,0,0.3,0.0
REGRETTED_TURNOVER_12M,job_vacancy_rate,GR,2021-07-01,301,2,0.3,0.006645
REGRETTED_TURNOVER_12M,job_vacancy_rate,GR,2021-10-01,360,1,0.6,0.002778
REGRETTED_TURNOVER_12M,job_vacancy_rate,GR,2022-01-01,402,4,0.7,0.00995
REGRETTED_TURNOVER_12M,job_vacancy_rate,GR,2022-04-01,425,0,0.7,0.0
REGRETTED_TURNOVER_12M,job_vacancy_rate,GR,2022-07-01,473,0,0.8,0.0
REGRETTED_TURNOVER_12M,job_vacancy_rate,GR,2022-10-01,518,0,1.2,0.0
REGRETTED_TURNOVER_12M,job_vacancy_rate,GR,2023-01-01,564,0,1.1,0.0
REGRETTED_TURNOVER_12M,job_vacancy_rate,GR,2023-04-01,581,0,0.9,0.0
REGRETTED_TURNOVER_12M,job_vacancy_rate,GR,2023-07-01,631,1,1.5,0.001585
REGRETTED_TURNOVER_12M,job_vacancy_rate,GR,2023-10-01,678,0,1.6,0.0
REGRETTED_TURNOVER_12M,job_vacancy_rate,GR,2024-01-01,692,4,1.6,0.00578
REGRETTED_TURNOVER_12M,job_vacancy_rate,GR,2024-04-01,709,1,1.8,0.00141
REGRETTED_TURNOVER_12M,job_vacancy_rate,GR,2024-07-01,739,1,3.1,0.001353
REGRETTED_TURNOVER_12M,job_vacancy_rate,GR,2024-10-01,783,4,2.5,0.005109
REGRETTED_TURNOVER_12M,job_vacancy_rate,GR,2025-01-01,826,1,2.1,0.001211
REGRETTED_TURNOVER_12M,job_vacancy_rate,GR,2025-04-01,830,2,1.2,0.00241
REGRETTED_TURNOVER_12M,job_vacancy_rate,GR,2025-07-01,869,2,2.2,0.002301
REGRETTED_TURNOVER_12M,job_vacancy_rate,GR,2025-10-01,888,3,1.6,0.003378
REGRETTED_TURNOVER_12M,job_vacancy_rate,IE,2021-01-01,187,1,0.8,0.005348
REGRETTED_TURNOVER_12M,job_vacancy_rate,IE,2021-04-01,206,1,0.9,0.004854
REGRETTED_TURNOVER_12M,job_vacancy_rate,IE,2021-07-01,220,0,1.0,0.0
REGRETTED_TURNOVER_12M,job_vacancy_rate,IE,2021-10-01,268,0,1.2,0.0
REGRETTED_TURNOVER_12M,job_vacancy_rate,IE,2022-01-01,304,0,1.5,0.0
REGRETTED_TURNOVER_12M,job_vacancy_rate,IE,2022-04-01,332,3,1.4,0.009036
REGRETTED_TURNOVER_12M,job_vacancy_rate,IE,2022-07-01,382,0,1.6,0.0
REGRETTED_TURNOVER_12M,job_vacancy_rate,IE,2022-10-01,417,1,1.6,0.002398
REGRETTED_TURNOVER_12M,job_vacancy_rate,IE,2023-01-01,443,2,1.6,0.004515
REGRETTED_TURNOVER_12M,job_vacancy_rate,IE,2023-04-01,490,1,1.3,0.002041
REGRETTED_TURNOVER_12M,job_vacancy_rate,IE,2023-07-01,505,2,1.5,0.00396
REGRETTED_TURNOVER_12M,job_vacancy_rate,IE,2023-10-01,519,3,1.3,0.00578
REGRETTED_TURNOVER_12M,job_vacancy_rate,IE,2024-01-01,545,2,1.2,0.00367
REGRETTED_TURNOVER_12M,job_vacancy_rate,IE,2024-04-01,577,0,1.2,0.0
REGRETTED_TURNOVER_12M,job_vacancy_rate,IE,2024-07-01,622,1,1.2,0.001608
REGRETTED_TURNOVER_12M,job_vacancy_rate,IE,2024-10-01,652,3,1.3,0.004601
REGRETTED_TURNOVER_12M,job_vacancy_rate,IE,2025-01-01,671,1,1.2,0.00149
REGRETTED_TURNOVER_12M,job_vacancy_rate,IE,2025-04-01,710,3,1.2,0.004225
REGRETTED_TURNOVER_12M,job_vacancy_rate,IE,2025-07-01,737,3,1.3,0.004071
REGRETTED_TURNOVER_12M,job_vacancy_rate,IE,2025-10-01,749,8,1.3,0.010681
REGRETTED_TURNOVER_12M,job_vacancy_rate,IT,2021-01-01,219,2,0.9,0.009132
REGRETTED_TURNOVER_12M,job_vacancy_rate,IT,2021-04-01,277,0,0.8,0.0
REGRETTED_TURNOVER_12M,job_vacancy_rate,IT,2021-07-01,319,1,1.6,0.003135
REGRETTED_TURNOVER_12M,job_vacancy_rate,IT,2021-10-01,368,1,2.0,0.002717
REGRETTED_TURNOVER_12M,job_vacancy_rate,IT,2022-01-01,415,1,1.9,0.00241
REGRETTED_TURNOVER_12M,job_vacancy_rate,IT,2022-04-01,450,1,1.6,0.002222
REGRETTED_TURNOVER_12M,job_vacancy_rate,IT,2022-07-01,480,0,2.5,0.0
REGRETTED_TURNOVER_12M,job_vacancy_rate,IT,2022-10-01,520,1,2.3,0.001923
REGRETTED_TURNOVER_12M,job_vacancy_rate,IT,2023-01-01,563,1,2.1,0.001776
REGRETTED_TURNOVER_12M,job_vacancy_rate,IT,2023-04-01,626,2,1.9,0.003195
REGRETTED_TURNOVER_12M,job_vacancy_rate,IT,2023-07-01,657,2,2.7,0.003044
REGRETTED_TURNOVER_12M,job_vacancy_rate,IT,2023-10-01,701,4,2.4,0.005706
REGRETTED_TURNOVER_12M,job_vacancy_rate,IT,2024-01-01,721,3,2.1,0.004161
REGRETTED_TURNOVER_12M,job_vacancy_rate,IT,2024-04-01,731,5,1.9,0.00684
REGRETTED_TURNOVER_12M,job_vacancy_rate,IT,2024-07-01,754,1,2.5,0.001326
REGRETTED_TURNOVER_12M,job_vacancy_rate,IT,2024-10-01,789,3,2.2,0.003802
REGRETTED_TURNOVER_12M,job_vacancy_rate,IT,2025-01-01,798,1,1.9,0.001253
REGRETTED_TURNOVER_12M,job_vacancy_rate,IT,2025-04-01,824,5,1.7,0.006068
REGRETTED_TURNOVER_12M,job_vacancy_rate,IT,2025-07-01,837,4,2.3,0.004779
REGRETTED_TURNOVER_12M,job_vacancy_rate,IT,2025-10-01,876,4,1.8,0.004566
REGRETTED_TURNOVER_12M,job_vacancy_rate,PL,2021-01-01,191,3,0.7,0.015707
REGRETTED_TURNOVER_12M,job_vacancy_rate,PL,2021-04-01,220,1,0.7,0.004545
REGRETTED_TURNOVER_12M,job_vacancy_rate,PL,2021-07-01,267,0,0.9,0.0
REGRETTED_TURNOVER_12M,job_vacancy_rate,PL,2021-10-01,326,0,1.2,0.0
REGRETTED_TURNOVER_12M,job_vacancy_rate,PL,2022-01-01,372,1,1.2,0.002688
REGRETTED_TURNOVER_12M,job_vacancy_rate,PL,2022-04-01,410,1,1.1,0.002439
REGRETTED_TURNOVER_12M,job_vacancy_rate,PL,2022-07-01,467,2,1.3,0.004283
REGRETTED_TURNOVER_12M,job_vacancy_rate,PL,2022-10-01,498,2,1.2,0.004016
REGRETTED_TURNOVER_12M,job_vacancy_rate,PL,2023-01-01,544,0,1.1,0.0
REGRETTED_TURNOVER_12M,job_vacancy_rate,PL,2023-04-01,571,1,0.9,0.001751
REGRETTED_TURNOVER_12M,job_vacancy_rate,PL,2023-07-01,607,2,0.9,0.003295
REGRETTED_TURNOVER_12M,job_vacancy_rate,PL,2023-10-01,632,3,0.9,0.004747
REGRETTED_TURNOVER_12M,job_vacancy_rate,PL,2024-01-01,660,1,0.9,0.001515
REGRETTED_TURNOVER_12M,job_vacancy_rate,PL,2024-04-01,686,2,0.8,0.002915
REGRETTED_TURNOVER_12M,job_vacancy_rate,PL,2024-07-01,711,1,0.9,0.001406
REGRETTED_TURNOVER_12M,job_vacancy_rate,PL,2024-10-01,753,1,0.9,0.001328
REGRETTED_TURNOVER_12M,job_vacancy_rate,PL,2025-01-01,771,3,0.9,0.003891
REGRETTED_TURNOVER_12M,job_vacancy_rate,PL,2025-04-01,793,1,0.7,0.001261
REGRETTED_TURNOVER_12M,job_vacancy_rate,PL,2025-07-01,806,1,0.8,0.001241
REGRETTED_TURNOVER_12M,job_vacancy_rate,PL,2025-10-01,820,4,0.8,0.004878
REGRETTED_TURNOVER_12M,job_vacancy_rate,RO,2021-01-01,170,1,0.8,0.005882
REGRETTED_TURNOVER_12M,job_vacancy_rate,RO,2021-04-01,204,1,0.7,0.004902
REGRETTED_TURNOVER_12M,job_vacancy_rate,RO,2021-07-01,240,2,0.8,0.008333
REGRETTED_TURNOVER_12M,job_vacancy_rate,RO,2021-10-01,269,1,0.8,0.003717
REGRETTED_TURNOVER_12M,job_vacancy_rate,RO,2022-01-01,297,1,1.0,0.003367
REGRETTED_TURNOVER_12M,job_vacancy_rate,RO,2022-04-01,328,0,0.9,0.0
REGRETTED_TURNOVER_12M,job_vacancy_rate,RO,2022-07-01,377,2,1.0,0.005305
REGRETTED_TURNOVER_12M,job_vacancy_rate,RO,2022-10-01,408,5,0.9,0.012255
REGRETTED_TURNOVER_12M,job_vacancy_rate,RO,2023-01-01,423,3,0.9,0.007092
REGRETTED_TURNOVER_12M,job_vacancy_rate,RO,2023-04-01,453,0,0.8,0.0
REGRETTED_TURNOVER_12M,job_vacancy_rate,RO,2023-07-01,493,4,0.9,0.008114
REGRETTED_TURNOVER_12M,job_vacancy_rate,RO,2023-10-01,526,2,0.8,0.003802
REGRETTED_TURNOVER_12M,job_vacancy_rate,RO,2024-01-01,562,0,0.8,0.0
REGRETTED_TURNOVER_12M,job_vacancy_rate,RO,2024-04-01,618,0,0.7,0.0
REGRETTED_TURNOVER_12M,job_vacancy_rate,RO,2024-07-01,675,2,0.7,0.002963
REGRETTED_TURNOVER_12M,job_vacancy_rate,RO,2024-10-01,727,2,0.7,0.002751
REGRETTED_TURNOVER_12M,job_vacancy_rate,RO,2025-01-01,741,5,0.8,0.006748
REGRETTED_TURNOVER_12M,job_vacancy_rate,RO,2025-04-01,758,1,0.7,0.001319
REGRETTED_TURNOVER_12M,job_vacancy_rate,RO,2025-07-01,773,3,0.6,0.003881
REGRETTED_TURNOVER_12M,job_vacancy_rate,RO,2025-10-01,767,8,0.6,0.01043
REGRETTED_TURNOVER_12M,unemployment_rate,BG,2021-01-01,191,1,6.331937,0.005236
REGRETTED_TURNOVER_12M,unemployment_rate,BG,2021-04-01,228,1,5.920175,0.004386
REGRETTED_TURNOVER_12M,unemployment_rate,BG,2021-07-01,271,0,5.361255,0.0
REGRETTED_TURNOVER_12M,unemployment_rate,BG,2021-10-01,324,0,4.896605,0.0
REGRETTED_TURNOVER_12M,unemployment_rate,BG,2022-01-01,372,4,4.6,0.010753
REGRETTED_TURNOVER_12M,unemployment_rate,BG,2022-04-01,403,1,4.432258,0.002481
REGRETTED_TURNOVER_12M,unemployment_rate,BG,2022-07-01,435,2,4.331954,0.004598
REGRETTED_TURNOVER_12M,unemployment_rate,BG,2022-10-01,477,0,3.932704,0.0
REGRETTED_TURNOVER_12M,unemployment_rate,BG,2023-01-01,505,2,3.8,0.00396
REGRETTED_TURNOVER_12M,unemployment_rate,BG,2023-04-01,533,1,4.101689,0.001876
REGRETTED_TURNOVER_12M,unemployment_rate,BG,2023-07-01,572,1,4.433042,0.001748
REGRETTED_TURNOVER_12M,unemployment_rate,BG,2023-10-01,591,1,4.432826,0.001692
REGRETTED_TURNOVER_12M,unemployment_rate,BG,2024-01-01,638,2,4.3,0.003135
REGRETTED_TURNOVER_12M,unemployment_rate,BG,2024-04-01,685,1,4.600876,0.00146
REGRETTED_TURNOVER_12M,unemployment_rate,BG,2024-07-01,746,3,4.096917,0.004021
REGRETTED_TURNOVER_12M,unemployment_rate,BG,2024-10-01,783,2,3.933333,0.002554
REGRETTED_TURNOVER_12M,unemployment_rate,BG,2025-01-01,802,2,4.0,0.002494
REGRETTED_TURNOVER_12M,unemployment_rate,BG,2025-04-01,829,4,3.664536,0.004825
REGRETTED_TURNOVER_12M,unemployment_rate,BG,2025-07-01,839,3,3.467223,0.003576
REGRETTED_TURNOVER_12M,unemployment_rate,BG,2025-10-01,861,8,3.699652,0.009292
REGRETTED_TURNOVER_12M,unemployment_rate,GR,2021-01-01,203,2,17.594581,0.009852
REGRETTED_TURNOVER_12M,unemployment_rate,GR,2021-04-01,252,0,16.362698,0.0
REGRETTED_TURNOVER_12M,unemployment_rate,GR,2021-07-01,301,2,16.039867,0.006645
REGRETTED_TURNOVER_12M,unemployment_rate,GR,2021-10-01,360,1,13.815556,0.002778
REGRETTED_TURNOVER_12M,unemployment_rate,GR,2022-01-01,402,4,13.2,0.00995
REGRETTED_TURNOVER_12M,unemployment_rate,GR,2022-04-01,425,0,12.792471,0.0
REGRETTED_TURNOVER_12M,unemployment_rate,GR,2022-07-01,473,0,12.63277,0.0
REGRETTED_TURNOVER_12M,unemployment_rate,GR,2022-10-01,518,0,12.426641,0.0
REGRETTED_TURNOVER_12M,unemployment_rate,GR,2023-01-01,564,0,11.664539,0.0
REGRETTED_TURNOVER_12M,unemployment_rate,GR,2023-04-01,581,0,11.530981,0.0
REGRETTED_TURNOVER_12M,unemployment_rate,GR,2023-07-01,631,1,11.472266,0.001585
REGRETTED_TURNOVER_12M,unemployment_rate,GR,2023-10-01,678,0,11.364602,0.0
REGRETTED_TURNOVER_12M,unemployment_rate,GR,2024-01-01,692,4,10.330636,0.00578
REGRETTED_TURNOVER_12M,unemployment_rate,GR,2024-04-01,709,1,10.802821,0.00141
REGRETTED_TURNOVER_12M,unemployment_rate,GR,2024-07-01,739,1,10.090392,0.001353
REGRETTED_TURNOVER_12M,unemployment_rate,GR,2024-10-01,783,4,9.698978,0.005109
REGRETTED_TURNOVER_12M,unemployment_rate,GR,2025-01-01,826,1,9.7,0.001211
REGRETTED_TURNOVER_12M,unemployment_rate,GR,2025-04-01,830,2,9.233373,0.00241
REGRETTED_TURNOVER_12M,unemployment_rate,GR,2025-07-01,869,2,8.935098,0.002301
REGRETTED_TURNOVER_12M,unemployment_rate,GR,2025-10-01,888,3,8.799775,0.003378
REGRETTED_TURNOVER_12M,unemployment_rate,IE,2021-01-01,187,1,6.264171,0.005348
REGRETTED_TURNOVER_12M,unemployment_rate,IE,2021-04-01,206,1,7.170874,0.004854
REGRETTED_TURNOVER_12M,unemployment_rate,IE,2021-07-01,220,0,6.914091,0.0
REGRETTED_TURNOVER_12M,unemployment_rate,IE,2021-10-01,268,0,5.423881,0.0
REGRETTED_TURNOVER_12M,unemployment_rate,IE,2022-01-01,304,0,5.3,0.0
REGRETTED_TURNOVER_12M,unemployment_rate,IE,2022-04-01,332,3,4.93253,0.009036
REGRETTED_TURNOVER_12M,unemployment_rate,IE,2022-07-01,382,0,4.261257,0.0
REGRETTED_TURNOVER_12M,unemployment_rate,IE,2022-10-01,417,1,4.233333,0.002398
REGRETTED_TURNOVER_12M,unemployment_rate,IE,2023-01-01,443,2,4.5,0.004515
REGRETTED_TURNOVER_12M,unemployment_rate,IE,2023-04-01,490,1,4.264286,0.002041
REGRETTED_TURNOVER_12M,unemployment_rate,IE,2023-07-01,505,2,4.201188,0.00396
REGRETTED_TURNOVER_12M,unemployment_rate,IE,2023-10-01,519,3,4.434682,0.00578
REGRETTED_TURNOVER_12M,unemployment_rate,IE,2024-01-01,545,2,4.533028,0.00367
REGRETTED_TURNOVER_12M,unemployment_rate,IE,2024-04-01,577,0,4.297747,0.0
REGRETTED_TURNOVER_12M,unemployment_rate,IE,2024-07-01,622,1,4.4,0.001608
REGRETTED_TURNOVER_12M,unemployment_rate,IE,2024-10-01,652,3,4.198926,0.004601
REGRETTED_TURNOVER_12M,unemployment_rate,IE,2025-01-01,671,1,4.3,0.00149
REGRETTED_TURNOVER_12M,unemployment_rate,IE,2025-04-01,710,3,4.466479,0.004225
REGRETTED_TURNOVER_12M,unemployment_rate,IE,2025-07-01,737,3,4.6,0.004071
REGRETTED_TURNOVER_12M,unemployment_rate,IE,2025-10-01,749,8,4.933511,0.010681
REGRETTED_TURNOVER_12M,unemployment_rate,IT,2021-01-01,219,2,9.655251,0.009132
REGRETTED_TURNOVER_12M,unemployment_rate,IT,2021-04-01,277,0,10.041877,0.0
REGRETTED_TURNOVER_12M,unemployment_rate,IT,2021-07-01,319,1,9.879937,0.003135
REGRETTED_TURNOVER_12M,unemployment_rate,IT,2021-10-01,368,1,9.1,0.002717
REGRETTED_TURNOVER_12M,unemployment_rate,IT,2022-01-01,415,1,9.1,0.00241
REGRETTED_TURNOVER_12M,unemployment_rate,IT,2022-04-01,450,1,8.498667,0.002222
REGRETTED_TURNOVER_12M,unemployment_rate,IT,2022-07-01,480,0,8.134375,0.0
REGRETTED_TURNOVER_12M,unemployment_rate,IT,2022-10-01,520,1,8.033269,0.001923
REGRETTED_TURNOVER_12M,unemployment_rate,IT,2023-01-01,563,1,7.8,0.001776
REGRETTED_TURNOVER_12M,unemployment_rate,IT,2023-04-01,626,2,7.866454,0.003195
REGRETTED_TURNOVER_12M,unemployment_rate,IT,2023-07-01,657,2,7.730289,0.003044
REGRETTED_TURNOVER_12M,unemployment_rate,IT,2023-10-01,701,4,7.699429,0.005706
REGRETTED_TURNOVER_12M,unemployment_rate,IT,2024-01-01,721,3,7.567129,0.004161
REGRETTED_TURNOVER_12M,unemployment_rate,IT,2024-04-01,731,5,7.098632,0.00684
REGRETTED_TURNOVER_12M,unemployment_rate,IT,2024-07-01,754,1,6.666844,0.001326
REGRETTED_TURNOVER_12M,unemployment_rate,IT,2024-10-01,789,3,6.29962,0.003802
REGRETTED_TURNOVER_12M,unemployment_rate,IT,2025-01-01,798,1,6.167043,0.001253
REGRETTED_TURNOVER_12M,unemployment_rate,IT,2025-04-01,824,5,6.266383,0.006068
REGRETTED_TURNOVER_12M,unemployment_rate,IT,2025-07-01,837,4,6.166189,0.004779
REGRETTED_TURNOVER_12M,unemployment_rate,IT,2025-10-01,876,4,5.933447,0.004566
REGRETTED_TURNOVER_12M,unemployment_rate,PL,2021-01-01,191,3,3.2,0.015707
REGRETTED_TURNOVER_12M,unemployment_rate,PL,2021-04-01,220,1,3.681364,0.004545
REGRETTED_TURNOVER_12M,unemployment_rate,PL,2021-07-01,267,0,3.658427,0.0
REGRETTED_TURNOVER_12M,unemployment_rate,PL,2021-10-01,326,0,3.125153,0.0
REGRETTED_TURNOVER_12M,unemployment_rate,PL,2022-01-01,372,1,3.0,0.002688
REGRETTED_TURNOVER_12M,unemployment_rate,PL,2022-04-01,410,1,2.831707,0.002439
REGRETTED_TURNOVER_12M,unemployment_rate,PL,2022-07-01,467,2,2.8,0.004283
REGRETTED_TURNOVER_12M,unemployment_rate,PL,2022-10-01,498,2,2.968273,0.004016
REGRETTED_TURNOVER_12M,unemployment_rate,PL,2023-01-01,544,0,2.932904,0.0
REGRETTED_TURNOVER_12M,unemployment_rate,PL,2023-04-01,571,1,2.698949,0.001751
REGRETTED_TURNOVER_12M,unemployment_rate,PL,2023-07-01,607,2,2.767216,0.003295
REGRETTED_TURNOVER_12M,unemployment_rate,PL,2023-10-01,632,3,2.801108,0.004747
REGRETTED_TURNOVER_12M,unemployment_rate,PL,2024-01-01,660,1,3.067121,0.001515
REGRETTED_TURNOVER_12M,unemployment_rate,PL,2024-04-01,686,2,2.932216,0.002915
REGRETTED_TURNOVER_12M,unemployment_rate,PL,2024-07-01,711,1,2.834037,0.001406
REGRETTED_TURNOVER_12M,unemployment_rate,PL,2024-10-01,753,1,3.0,0.001328
REGRETTED_TURNOVER_12M,unemployment_rate,PL,2025-01-01,771,3,2.8,0.003891
REGRETTED_TURNOVER_12M,unemployment_rate,PL,2025-04-01,793,1,3.100883,0.001261
REGRETTED_TURNOVER_12M,unemployment_rate,PL,2025-07-01,806,1,3.0,0.001241
REGRETTED_TURNOVER_12M,unemployment_rate,PL,2025-10-01,820,4,3.166951,0.004878
REGRETTED_TURNOVER_12M,unemployment_rate,RO,2021-01-01,170,1,6.1,0.005882
REGRETTED_TURNOVER_12M,unemployment_rate,RO,2021-04-01,204,1,6.095588,0.004902
REGRETTED_TURNOVER_12M,unemployment_rate,RO,2021-07-01,240,2,5.361667,0.008333
REGRETTED_TURNOVER_12M,unemployment_rate,RO,2021-10-01,269,1,5.367658,0.003717
REGRETTED_TURNOVER_12M,unemployment_rate,RO,2022-01-01,297,1,5.564646,0.003367
REGRETTED_TURNOVER_12M,unemployment_rate,RO,2022-04-01,328,0,5.801524,0.0
REGRETTED_TURNOVER_12M,unemployment_rate,RO,2022-07-01,377,2,5.566313,0.005305
REGRETTED_TURNOVER_12M,unemployment_rate,RO,2022-10-01,408,5,5.466176,0.012255
REGRETTED_TURNOVER_12M,unemployment_rate,RO,2023-01-01,423,3,5.566903,0.007092
REGRETTED_TURNOVER_12M,unemployment_rate,RO,2023-04-01,453,0,5.535541,0.0
REGRETTED_TURNOVER_12M,unemployment_rate,RO,2023-07-01,493,4,5.602434,0.008114
REGRETTED_TURNOVER_12M,unemployment_rate,RO,2023-10-01,526,2,5.43251,0.003802
REGRETTED_TURNOVER_12M,unemployment_rate,RO,2024-01-01,562,0,5.5,0.0
REGRETTED_TURNOVER_12M,unemployment_rate,RO,2024-04-01,618,0,5.298058,0.0
REGRETTED_TURNOVER_12M,unemployment_rate,RO,2024-07-01,675,2,5.233185,0.002963
REGRETTED_TURNOVER_12M,unemployment_rate,RO,2024-10-01,727,2,5.666713,0.002751
REGRETTED_TURNOVER_12M,unemployment_rate,RO,2025-01-01,741,5,5.633198,0.006748
REGRETTED_TURNOVER_12M,unemployment_rate,RO,2025-04-01,758,1,6.001583,0.001319
REGRETTED_TURNOVER_12M,unemployment_rate,RO,2025-07-01,773,3,6.166624,0.003881
REGRETTED_TURNOVER_12M,unemployment_rate,RO,2025-10-01,767,8,5.999609,0.01043
SENIOR_HIRE_12M,economic_sentiment,BG,2021-01-01,2,0,83.1,0.0
SENIOR_HIRE_12M,economic_sentiment,BG,2021-04-01,1,0,85.7,0.0
SENIOR_HIRE_12M,economic_sentiment,BG,2021-07-01,8,2,99.125,0.25
SENIOR_HIRE_12M,economic_sentiment,BG,2021-10-01,4,2,100.3,0.5
SENIOR_HIRE_12M,economic_sentiment,BG,2022-01-01,4,0,98.85,0.0
SENIOR_HIRE_12M,economic_sentiment,BG,2022-04-01,3,2,101.2,0.666667
SENIOR_HIRE_12M,economic_sentiment,BG,2022-07-01,6,3,97.5,0.5
SENIOR_HIRE_12M,economic_sentiment,BG,2022-10-01,2,0,98.4,0.0
SENIOR_HIRE_12M,economic_sentiment,BG,2023-01-01,2,0,101.65,0.0
SENIOR_HIRE_12M,economic_sentiment,BG,2023-04-01,3,1,103.066667,0.333333
SENIOR_HIRE_12M,economic_sentiment,BG,2023-07-01,1,1,105.7,1.0
SENIOR_HIRE_12M,economic_sentiment,BG,2023-10-01,5,1,104.98,0.2
SENIOR_HIRE_12M,economic_sentiment,BG,2024-01-01,4,1,106.2,0.25
SENIOR_HIRE_12M,economic_sentiment,BG,2024-04-01,2,0,104.35,0.0
SENIOR_HIRE_12M,economic_sentiment,BG,2024-07-01,4,1,104.65,0.25
SENIOR_HIRE_12M,economic_sentiment,BG,2024-10-01,2,0,106.9,0.0
SENIOR_HIRE_12M,economic_sentiment,GR,2021-01-01,4,0,92.575,0.0
SENIOR_HIRE_12M,economic_sentiment,GR,2021-04-01,5,1,97.14,0.2
SENIOR_HIRE_12M,economic_sentiment,GR,2021-07-01,3,3,106.633333,1.0
SENIOR_HIRE_12M,economic_sentiment,GR,2021-10-01,7,3,112.857143,0.428571
SENIOR_HIRE_12M,economic_sentiment,GR,2022-01-01,1,0,112.4,0.0
SENIOR_HIRE_12M,economic_sentiment,GR,2022-04-01,6,0,112.033333,0.0
SENIOR_HIRE_12M,economic_sentiment,GR,2022-07-01,3,0,104.266667,0.0
SENIOR_HIRE_12M,economic_sentiment,GR,2022-10-01,2,0,98.8,0.0
SENIOR_HIRE_12M,economic_sentiment,GR,2023-01-01,2,0,101.85,0.0
SENIOR_HIRE_12M,economic_sentiment,GR,2023-04-01,2,0,108.0,0.0
SENIOR_HIRE_12M,economic_sentiment,GR,2023-07-01,4,0,109.075,0.0
SENIOR_HIRE_12M,economic_sentiment,GR,2023-10-01,5,1,107.36,0.2
SENIOR_HIRE_12M,economic_sentiment,GR,2024-01-01,5,1,105.44,0.2
SENIOR_HIRE_12M,economic_sentiment,GR,2024-04-01,4,2,107.15,0.5
SENIOR_HIRE_12M,economic_sentiment,GR,2024-07-01,1,0,110.0,0.0
SENIOR_HIRE_12M,economic_sentiment,GR,2024-10-01,1,0,105.6,0.0
SENIOR_HIRE_12M,economic_sentiment,IE,2021-01-01,3,0,95.733333,0.0
SENIOR_HIRE_12M,economic_sentiment,IE,2021-07-01,4,1,113.55,0.25
SENIOR_HIRE_12M,economic_sentiment,IE,2021-10-01,1,0,114.7,0.0
SENIOR_HIRE_12M,economic_sentiment,IE,2022-01-01,2,0,106.8,0.0
SENIOR_HIRE_12M,economic_sentiment,IE,2022-04-01,4,0,103.55,0.0
SENIOR_HIRE_12M,economic_sentiment,IE,2022-07-01,2,0,92.2,0.0
SENIOR_HIRE_12M,economic_sentiment,IE,2022-10-01,3,0,92.433333,0.0
SENIOR_HIRE_12M,economic_sentiment,IE,2023-01-01,3,1,94.933333,0.333333
SENIOR_HIRE_12M,economic_sentiment,IE,2023-04-01,3,2,98.266667,0.666667
SENIOR_HIRE_12M,economic_sentiment,IE,2023-07-01,1,1,100.9,1.0
SENIOR_HIRE_12M,economic_sentiment,IE,2023-10-01,1,0,98.2,0.0
SENIOR_HIRE_12M,economic_sentiment,IE,2024-01-01,3,1,99.3,0.333333
SENIOR_HIRE_12M,economic_sentiment,IE,2024-04-01,2,0,97.7,0.0
SENIOR_HIRE_12M,economic_sentiment,IE,2024-07-01,1,0,100.3,0.0
SENIOR_HIRE_12M,economic_sentiment,IE,2024-10-01,2,1,105.9,0.5
SENIOR_HIRE_12M,economic_sentiment,IT,2021-01-01,2,0,87.95,0.0
SENIOR_HIRE_12M,economic_sentiment,IT,2021-07-01,3,2,117.833333,0.666667
SENIOR_HIRE_12M,economic_sentiment,IT,2021-10-01,3,0,118.9,0.0
SENIOR_HIRE_12M,economic_sentiment,IT,2022-01-01,5,2,115.46,0.4
SENIOR_HIRE_12M,economic_sentiment,IT,2022-04-01,1,0,104.7,0.0
SENIOR_HIRE_12M,economic_sentiment,IT,2022-07-01,3,0,101.766667,0.0
SENIOR_HIRE_12M,economic_sentiment,IT,2022-10-01,2,0,95.0,0.0
SENIOR_HIRE_12M,economic_sentiment,IT,2023-01-01,3,0,101.333333,0.0
SENIOR_HIRE_12M,economic_sentiment,IT,2023-04-01,3,0,102.766667,0.0
SENIOR_HIRE_12M,economic_sentiment,IT,2023-07-01,2,1,101.1,0.5
SENIOR_HIRE_12M,economic_sentiment,IT,2023-10-01,4,1,98.325,0.25
SENIOR_HIRE_12M,economic_sentiment,IT,2024-01-01,1,1,100.5,1.0
SENIOR_HIRE_12M,economic_sentiment,IT,2024-04-01,6,1,99.966667,0.166667
SENIOR_HIRE_12M,economic_sentiment,IT,2024-07-01,3,0,99.9,0.0
SENIOR_HIRE_12M,economic_sentiment,IT,2024-10-01,1,0,99.8,0.0
SENIOR_HIRE_12M,economic_sentiment,PL,2021-01-01,1,0,86.8,0.0
SENIOR_HIRE_12M,economic_sentiment,PL,2021-04-01,1,0,94.3,0.0
SENIOR_HIRE_12M,economic_sentiment,PL,2021-07-01,2,0,102.95,0.0
SENIOR_HIRE_12M,economic_sentiment,PL,2021-10-01,6,2,104.666667,0.333333
SENIOR_HIRE_12M,economic_sentiment,PL,2022-04-01,5,0,91.36,0.0
SENIOR_HIRE_12M,economic_sentiment,PL,2022-07-01,4,3,90.0,0.75
SENIOR_HIRE_12M,economic_sentiment,PL,2022-10-01,2,1,84.95,0.5
SENIOR_HIRE_12M,economic_sentiment,PL,2023-01-01,1,1,83.5,1.0
SENIOR_HIRE_12M,economic_sentiment,PL,2023-04-01,3,0,86.3,0.0
SENIOR_HIRE_12M,economic_sentiment,PL,2023-07-01,4,1,89.875,0.25
SENIOR_HIRE_12M,economic_sentiment,PL,2023-10-01,6,0,93.833333,0.0
SENIOR_HIRE_12M,economic_sentiment,PL,2024-01-01,1,0,97.4,0.0
SENIOR_HIRE_12M,economic_sentiment,PL,2024-04-01,4,0,100.1,0.0
SENIOR_HIRE_12M,economic_sentiment,PL,2024-10-01,6,2,97.35,0.333333
SENIOR_HIRE_12M,economic_sentiment,RO,2021-01-01,2,1,91.1,0.5
SENIOR_HIRE_12M,economic_sentiment,RO,2021-07-01,1,0,104.2,0.0
SENIOR_HIRE_12M,economic_sentiment,RO,2021-10-01,2,0,101.7,0.0
SENIOR_HIRE_12M,economic_sentiment,RO,2022-01-01,4,1,100.125,0.25
SENIOR_HIRE_12M,economic_sentiment,RO,2022-04-01,2,1,99.7,0.5
SENIOR_HIRE_12M,economic_sentiment,RO,2022-07-01,3,1,98.5,0.333333
SENIOR_HIRE_12M,economic_sentiment,RO,2022-10-01,2,1,96.9,0.5
SENIOR_HIRE_12M,economic_sentiment,RO,2023-01-01,4,1,98.35,0.25
SENIOR_HIRE_12M,economic_sentiment,RO,2023-04-01,2,0,99.0,0.0
SENIOR_HIRE_12M,economic_sentiment,RO,2023-07-01,3,0,100.566667,0.0
SENIOR_HIRE_12M,economic_sentiment,RO,2024-01-01,2,0,101.65,0.0
SENIOR_HIRE_12M,economic_sentiment,RO,2024-04-01,2,0,104.5,0.0
SENIOR_HIRE_12M,economic_sentiment,RO,2024-07-01,3,0,103.366667,0.0
SENIOR_HIRE_12M,economic_sentiment,RO,2024-10-01,3,1,104.3,0.333333
SENIOR_HIRE_12M,gdp_growth,BG,2021-01-01,2,0,3.79332,0.0
SENIOR_HIRE_12M,gdp_growth,BG,2021-04-01,1,0,3.79332,0.0
SENIOR_HIRE_12M,gdp_growth,BG,2021-07-01,8,2,-0.535777,0.25
SENIOR_HIRE_12M,gdp_growth,BG,2021-10-01,4,2,-3.133235,0.5
SENIOR_HIRE_12M,gdp_growth,BG,2022-01-01,4,0,-3.133235,0.0
SENIOR_HIRE_12M,gdp_growth,BG,2022-04-01,3,2,-3.133235,0.666667
SENIOR_HIRE_12M,gdp_growth,BG,2022-07-01,6,3,4.17437,0.5
SENIOR_HIRE_12M,gdp_growth,BG,2022-10-01,2,0,7.828173,0.0
SENIOR_HIRE_12M,gdp_growth,BG,2023-01-01,2,0,7.828173,0.0
SENIOR_HIRE_12M,gdp_growth,BG,2023-04-01,3,1,7.828173,0.333333
SENIOR_HIRE_12M,gdp_growth,BG,2023-07-01,1,1,4.083864,1.0
SENIOR_HIRE_12M,gdp_growth,BG,2023-10-01,5,1,4.083864,0.2
SENIOR_HIRE_12M,gdp_growth,BG,2024-01-01,4,1,4.083864,0.25
SENIOR_HIRE_12M,gdp_growth,BG,2024-04-01,2,0,4.083864,0.0
SENIOR_HIRE_12M,gdp_growth,BG,2024-07-01,4,1,2.882687,0.25
SENIOR_HIRE_12M,gdp_growth,BG,2024-10-01,2,0,1.681511,0.0
SENIOR_HIRE_12M,gdp_growth,GR,2021-01-01,4,0,2.277181,0.0
SENIOR_HIRE_12M,gdp_growth,GR,2021-04-01,5,1,2.277181,0.2
SENIOR_HIRE_12M,gdp_growth,GR,2021-07-01,3,3,-1.54729,1.0
SENIOR_HIRE_12M,gdp_growth,GR,2021-10-01,7,3,-9.196231,0.428571
SENIOR_HIRE_12M,gdp_growth,GR,2022-01-01,1,0,-9.196231,0.0
SENIOR_HIRE_12M,gdp_growth,GR,2022-04-01,6,0,-9.196231,0.0
SENIOR_HIRE_12M,gdp_growth,GR,2022-07-01,3,0,2.704255,0.0
SENIOR_HIRE_12M,gdp_growth,GR,2022-10-01,2,0,8.654498,0.0
SENIOR_HIRE_12M,gdp_growth,GR,2023-01-01,2,0,8.654498,0.0
SENIOR_HIRE_12M,gdp_growth,GR,2023-04-01,2,0,8.654498,0.0
SENIOR_HIRE_12M,gdp_growth,GR,2023-07-01,4,0,6.305114,0.0
SENIOR_HIRE_12M,gdp_growth,GR,2023-10-01,5,1,5.521986,0.2
SENIOR_HIRE_12M,gdp_growth,GR,2024-01-01,5,1,5.521986,0.2
SENIOR_HIRE_12M,gdp_growth,GR,2024-04-01,4,2,5.521986,0.5
SENIOR_HIRE_12M,gdp_growth,GR,2024-07-01,1,0,5.521986,0.0
SENIOR_HIRE_12M,gdp_growth,GR,2024-10-01,1,0,2.135911,0.0
SENIOR_HIRE_12M,gdp_growth,IE,2021-01-01,3,0,4.97288,0.0
SENIOR_HIRE_12M,gdp_growth,IE,2021-07-01,4,1,6.608491,0.25
SENIOR_HIRE_12M,gdp_growth,IE,2021-10-01,1,0,7.153695,0.0
SENIOR_HIRE_12M,gdp_growth,IE,2022-01-01,2,0,7.153695,0.0
SENIOR_HIRE_12M,gdp_growth,IE,2022-04-01,4,0,7.153695,0.0
SENIOR_HIRE_12M,gdp_growth,IE,2022-07-01,2,0,16.258188,0.0
SENIOR_HIRE_12M,gdp_growth,IE,2022-10-01,3,0,16.258188,0.0
SENIOR_HIRE_12M,gdp_growth,IE,2023-01-01,3,1,16.258188,0.333333
SENIOR_HIRE_12M,gdp_growth,IE,2023-04-01,3,2,16.258188,0.666667
SENIOR_HIRE_12M,gdp_growth,IE,2023-07-01,1,1,7.511139,1.0
SENIOR_HIRE_12M,gdp_growth,IE,2023-10-01,1,0,7.511139,0.0
SENIOR_HIRE_12M,gdp_growth,IE,2024-01-01,3,1,7.511139,0.333333
SENIOR_HIRE_12M,gdp_growth,IE,2024-04-01,2,0,7.511139,0.0
SENIOR_HIRE_12M,gdp_growth,IE,2024-07-01,1,0,-2.536374,0.0
SENIOR_HIRE_12M,gdp_growth,IE,2024-10-01,2,1,-2.536374,0.5
SENIOR_HIRE_12M,gdp_growth,IT,2021-01-01,2,0,0.429163,0.0
SENIOR_HIRE_12M,gdp_growth,IT,2021-07-01,3,2,-5.769093,0.666667
SENIOR_HIRE_12M,gdp_growth,IT,2021-10-01,3,0,-8.868221,0.0
SENIOR_HIRE_12M,gdp_growth,IT,2022-01-01,5,2,-8.868221,0.4
SENIOR_HIRE_12M,gdp_growth,IT,2022-04-01,1,0,-8.868221,0.0
SENIOR_HIRE_12M,gdp_growth,IT,2022-07-01,3,0,8.931062,0.0
SENIOR_HIRE_12M,gdp_growth,IT,2022-10-01,2,0,8.931062,0.0
SENIOR_HIRE_12M,gdp_growth,IT,2023-01-01,3,0,8.931062,0.0
SENIOR_HIRE_12M,gdp_growth,IT,2023-04-01,3,0,8.931062,0.0
SENIOR_HIRE_12M,gdp_growth,IT,2023-07-01,2,1,6.876119,0.5
SENIOR_HIRE_12M,gdp_growth,IT,2023-10-01,4,1,4.821177,0.25
SENIOR_HIRE_12M,gdp_growth,IT,2024-01-01,1,1,4.821177,1.0
SENIOR_HIRE_12M,gdp_growth,IT,2024-04-01,6,1,4.821177,0.166667
SENIOR_HIRE_12M,gdp_growth,IT,2024-07-01,3,0,0.922797,0.0
SENIOR_HIRE_12M,gdp_growth,IT,2024-10-01,1,0,0.922797,0.0
SENIOR_HIRE_12M,gdp_growth,PL,2021-01-01,1,0,4.580458,0.0
SENIOR_HIRE_12M,gdp_growth,PL,2021-04-01,1,0,4.580458,0.0
SENIOR_HIRE_12M,gdp_growth,PL,2021-07-01,2,0,1.272445,0.0
SENIOR_HIRE_12M,gdp_growth,PL,2021-10-01,6,2,-2.035569,0.333333
SENIOR_HIRE_12M,gdp_growth,PL,2022-04-01,5,0,-2.035569,0.0
SENIOR_HIRE_12M,gdp_growth,PL,2022-07-01,4,3,4.686495,0.75
SENIOR_HIRE_12M,gdp_growth,PL,2022-10-01,2,1,6.927183,0.5
SENIOR_HIRE_12M,gdp_growth,PL,2023-01-01,1,1,6.927183,1.0
SENIOR_HIRE_12M,gdp_growth,PL,2023-04-01,3,0,6.927183,0.0
SENIOR_HIRE_12M,gdp_growth,PL,2023-07-01,4,1,5.673388,0.25
SENIOR_HIRE_12M,gdp_growth,PL,2023-10-01,6,0,5.255457,0.0
SENIOR_HIRE_12M,gdp_growth,PL,2024-01-01,1,0,5.255457,0.0
SENIOR_HIRE_12M,gdp_growth,PL,2024-04-01,4,0,5.255457,0.0
SENIOR_HIRE_12M,gdp_growth,PL,2024-10-01,6,2,0.249611,0.333333
SENIOR_HIRE_12M,gdp_growth,RO,2021-01-01,2,1,3.96029,0.5
SENIOR_HIRE_12M,gdp_growth,RO,2021-07-01,1,0,-3.598025,0.0
SENIOR_HIRE_12M,gdp_growth,RO,2021-10-01,2,0,-3.598025,0.0
SENIOR_HIRE_12M,gdp_growth,RO,2022-01-01,4,1,-3.598025,0.25
SENIOR_HIRE_12M,gdp_growth,RO,2022-04-01,2,1,-3.598025,0.5
SENIOR_HIRE_12M,gdp_growth,RO,2022-07-01,3,1,5.587351,0.333333
SENIOR_HIRE_12M,gdp_growth,RO,2022-10-01,2,1,5.587351,0.5
SENIOR_HIRE_12M,gdp_growth,RO,2023-01-01,4,1,5.587351,0.25
SENIOR_HIRE_12M,gdp_growth,RO,2023-04-01,2,0,5.587351,0.0
SENIOR_HIRE_12M,gdp_growth,RO,2023-07-01,3,0,4.654259,0.0
SENIOR_HIRE_12M,gdp_growth,RO,2024-01-01,2,0,4.187713,0.0
SENIOR_HIRE_12M,gdp_growth,RO,2024-04-01,2,0,4.187713,0.0
SENIOR_HIRE_12M,gdp_growth,RO,2024-07-01,3,0,2.90106,0.0
SENIOR_HIRE_12M,gdp_growth,RO,2024-10-01,3,1,2.257734,0.333333
SENIOR_HIRE_12M,hicp_inflation_first_release,BG,2021-01-01,2,0,0.3,0.0
SENIOR_HIRE_12M,hicp_inflation_first_release,BG,2021-04-01,1,0,0.2,0.0
SENIOR_HIRE_12M,hicp_inflation_first_release,BG,2021-07-01,8,2,2.2625,0.25
SENIOR_HIRE_12M,hicp_inflation_first_release,BG,2021-10-01,4,2,3.25,0.5
SENIOR_HIRE_12M,hicp_inflation_first_release,BG,2022-01-01,4,0,6.8,0.0
SENIOR_HIRE_12M,hicp_inflation_first_release,BG,2022-04-01,3,2,8.4,0.666667
SENIOR_HIRE_12M,hicp_inflation_first_release,BG,2022-07-01,6,3,14.4,0.5
SENIOR_HIRE_12M,hicp_inflation_first_release,BG,2022-10-01,2,0,15.2,0.0
SENIOR_HIRE_12M,hicp_inflation_first_release,BG,2023-01-01,2,0,14.3,0.0
SENIOR_HIRE_12M,hicp_inflation_first_release,BG,2023-04-01,3,1,11.5,0.333333
SENIOR_HIRE_12M,hicp_inflation_first_release,BG,2023-07-01,1,1,7.8,1.0
SENIOR_HIRE_12M,hicp_inflation_first_release,BG,2023-10-01,5,1,6.74,0.2
SENIOR_HIRE_12M,hicp_inflation_first_release,BG,2024-01-01,4,1,5.125,0.25
SENIOR_HIRE_12M,hicp_inflation_first_release,BG,2024-04-01,2,0,2.8,0.0
SENIOR_HIRE_12M,hicp_inflation_first_release,BG,2024-07-01,4,1,2.75,0.25
SENIOR_HIRE_12M,hicp_inflation_first_release,BG,2024-10-01,2,0,1.75,0.0
SENIOR_HIRE_12M,hicp_inflation_first_release,GR,2021-01-01,4,0,-2.325,0.0
SENIOR_HIRE_12M,hicp_inflation_first_release,GR,2021-04-01,5,1,-1.64,0.2
SENIOR_HIRE_12M,hicp_inflation_first_release,GR,2021-07-01,3,3,-0.6,1.0
SENIOR_HIRE_12M,hicp_inflation_first_release,GR,2021-10-01,7,3,1.528571,0.428571
SENIOR_HIRE_12M,hicp_inflation_first_release,GR,2022-01-01,1,0,4.0,0.0
SENIOR_HIRE_12M,hicp_inflation_first_release,GR,2022-04-01,6,0,7.433333,0.0
SENIOR_HIRE_12M,hicp_inflation_first_release,GR,2022-07-01,3,0,11.233333,0.0
SENIOR_HIRE_12M,hicp_inflation_first_release,GR,2022-10-01,2,0,10.35,0.0
SENIOR_HIRE_12M,hicp_inflation_first_release,GR,2023-01-01,2,0,8.2,0.0
SENIOR_HIRE_12M,hicp_inflation_first_release,GR,2023-04-01,2,0,4.5,0.0
SENIOR_HIRE_12M,hicp_inflation_first_release,GR,2023-07-01,4,0,3.475,0.0
SENIOR_HIRE_12M,hicp_inflation_first_release,GR,2023-10-01,5,1,3.4,0.2
SENIOR_HIRE_12M,hicp_inflation_first_release,GR,2024-01-01,5,1,3.18,0.2
SENIOR_HIRE_12M,hicp_inflation_first_release,GR,2024-04-01,4,2,3.175,0.5
SENIOR_HIRE_12M,hicp_inflation_first_release,GR,2024-07-01,1,0,2.4,0.0
SENIOR_HIRE_12M,hicp_inflation_first_release,GR,2024-10-01,1,0,3.2,0.0
SENIOR_HIRE_12M,hicp_inflation_first_release,IE,2021-01-01,3,0,-1.0,0.0
SENIOR_HIRE_12M,hicp_inflation_first_release,IE,2021-07-01,4,1,1.925,0.25
SENIOR_HIRE_12M,hicp_inflation_first_release,IE,2021-10-01,1,0,3.8,0.0
SENIOR_HIRE_12M,hicp_inflation_first_release,IE,2022-01-01,2,0,5.25,0.0
SENIOR_HIRE_12M,hicp_inflation_first_release,IE,2022-04-01,4,0,6.825,0.0
SENIOR_HIRE_12M,hicp_inflation_first_release,IE,2022-07-01,2,0,9.7,0.0
SENIOR_HIRE_12M,hicp_inflation_first_release,IE,2022-10-01,3,0,9.133333,0.0
SENIOR_HIRE_12M,hicp_inflation_first_release,IE,2023-01-01,3,1,8.466667,0.333333
SENIOR_HIRE_12M,hicp_inflation_first_release,IE,2023-04-01,3,2,7.466667,0.666667
SENIOR_HIRE_12M,hicp_inflation_first_release,IE,2023-07-01,1,1,4.9,1.0
SENIOR_HIRE_12M,hicp_inflation_first_release,IE,2023-10-01,1,0,3.6,0.0
SENIOR_HIRE_12M,hicp_inflation_first_release,IE,2024-01-01,3,1,2.8,0.333333
SENIOR_HIRE_12M,hicp_inflation_first_release,IE,2024-04-01,2,0,1.7,0.0
SENIOR_HIRE_12M,hicp_inflation_first_release,IE,2024-07-01,1,0,1.5,0.0
SENIOR_HIRE_12M,hicp_inflation_first_release,IE,2024-10-01,2,1,0.2,0.5
SENIOR_HIRE_12M,hicp_inflation_first_release,IT,2021-01-01,2,0,-0.3,0.0
SENIOR_HIRE_12M,hicp_inflation_first_release,IT,2021-07-01,3,2,1.133333,0.666667
SENIOR_HIRE_12M,hicp_inflation_first_release,IT,2021-10-01,3,0,2.666667,0.0
SENIOR_HIRE_12M,hicp_inflation_first_release,IT,2022-01-01,5,2,4.48,0.4
SENIOR_HIRE_12M,hicp_inflation_first_release,IT,2022-04-01,1,0,6.4,0.0
SENIOR_HIRE_12M,hicp_inflation_first_release,IT,2022-07-01,3,0,8.433333,0.0
SENIOR_HIRE_12M,hicp_inflation_first_release,IT,2022-10-01,2,0,12.6,0.0
SENIOR_HIRE_12M,hicp_inflation_first_release,IT,2023-01-01,3,0,11.2,0.0
SENIOR_HIRE_12M,hicp_inflation_first_release,IT,2023-04-01,3,0,9.2,0.0
SENIOR_HIRE_12M,hicp_inflation_first_release,IT,2023-07-01,2,1,7.4,0.5
SENIOR_HIRE_12M,hicp_inflation_first_release,IT,2023-10-01,4,1,5.6,0.25
SENIOR_HIRE_12M,hicp_inflation_first_release,IT,2024-01-01,1,1,0.9,1.0
SENIOR_HIRE_12M,hicp_inflation_first_release,IT,2024-04-01,6,1,0.866667,0.166667
SENIOR_HIRE_12M,hicp_inflation_first_release,IT,2024-07-01,3,0,1.133333,0.0
SENIOR_HIRE_12M,hicp_inflation_first_release,IT,2024-10-01,1,0,0.7,0.0
SENIOR_HIRE_12M,hicp_inflation_first_release,PL,2021-01-01,1,0,3.7,0.0
SENIOR_HIRE_12M,hicp_inflation_first_release,PL,2021-04-01,1,0,4.3,0.0
SENIOR_HIRE_12M,hicp_inflation_first_release,PL,2021-07-01,2,0,4.65,0.0
SENIOR_HIRE_12M,hicp_inflation_first_release,PL,2021-10-01,6,2,5.7,0.333333
SENIOR_HIRE_12M,hicp_inflation_first_release,PL,2022-04-01,5,0,10.52,0.0
SENIOR_HIRE_12M,hicp_inflation_first_release,PL,2022-07-01,4,3,13.85,0.75
SENIOR_HIRE_12M,hicp_inflation_first_release,PL,2022-10-01,2,1,15.55,0.5
SENIOR_HIRE_12M,hicp_inflation_first_release,PL,2023-01-01,1,1,15.8,1.0
SENIOR_HIRE_12M,hicp_inflation_first_release,PL,2023-04-01,3,0,15.866667,0.0
SENIOR_HIRE_12M,hicp_inflation_first_release,PL,2023-07-01,4,1,11.175,0.25
SENIOR_HIRE_12M,hicp_inflation_first_release,PL,2023-10-01,6,0,7.233333,0.0
SENIOR_HIRE_12M,hicp_inflation_first_release,PL,2024-01-01,1,0,6.2,0.0
SENIOR_HIRE_12M,hicp_inflation_first_release,PL,2024-04-01,4,0,2.85,0.0
SENIOR_HIRE_12M,hicp_inflation_first_release,PL,2024-10-01,6,2,4.2,0.333333
SENIOR_HIRE_12M,hicp_inflation_first_release,RO,2021-01-01,2,1,1.7,0.5
SENIOR_HIRE_12M,hicp_inflation_first_release,RO,2021-07-01,1,0,3.5,0.0
SENIOR_HIRE_12M,hicp_inflation_first_release,RO,2021-10-01,2,0,5.85,0.0
SENIOR_HIRE_12M,hicp_inflation_first_release,RO,2022-01-01,4,1,6.825,0.25
SENIOR_HIRE_12M,hicp_inflation_first_release,RO,2022-04-01,2,1,11.7,0.5
SENIOR_HIRE_12M,hicp_inflation_first_release,RO,2022-07-01,3,1,13.0,0.333333
SENIOR_HIRE_12M,hicp_inflation_first_release,RO,2022-10-01,2,1,13.3,0.5
SENIOR_HIRE_12M,hicp_inflation_first_release,RO,2023-01-01,4,1,14.05,0.25
SENIOR_HIRE_12M,hicp_inflation_first_release,RO,2023-04-01,2,0,13.4,0.0
SENIOR_HIRE_12M,hicp_inflation_first_release,RO,2023-07-01,3,0,9.266667,0.0
SENIOR_HIRE_12M,hicp_inflation_first_release,RO,2024-01-01,2,0,6.95,0.0
SENIOR_HIRE_12M,hicp_inflation_first_release,RO,2024-04-01,2,0,6.45,0.0
SENIOR_HIRE_12M,hicp_inflation_first_release,RO,2024-07-01,3,0,5.633333,0.0
SENIOR_HIRE_12M,hicp_inflation_first_release,RO,2024-10-01,3,1,5.033333,0.333333
SENIOR_HIRE_12M,job_vacancy_rate,BG,2021-01-01,2,0,0.8,0.0
SENIOR_HIRE_12M,job_vacancy_rate,BG,2021-04-01,1,0,0.7,0.0
SENIOR_HIRE_12M,job_vacancy_rate,BG,2021-07-01,8,2,0.8,0.25
SENIOR_HIRE_12M,job_vacancy_rate,BG,2021-10-01,4,2,0.8,0.5
SENIOR_HIRE_12M,job_vacancy_rate,BG,2022-01-01,4,0,0.8,0.0
SENIOR_HIRE_12M,job_vacancy_rate,BG,2022-04-01,3,2,0.7,0.666667
SENIOR_HIRE_12M,job_vacancy_rate,BG,2022-07-01,6,3,0.9,0.5
SENIOR_HIRE_12M,job_vacancy_rate,BG,2022-10-01,2,0,0.9,0.0
SENIOR_HIRE_12M,job_vacancy_rate,BG,2023-01-01,2,0,0.8,0.0
SENIOR_HIRE_12M,job_vacancy_rate,BG,2023-04-01,3,1,0.8,0.333333
SENIOR_HIRE_12M,job_vacancy_rate,BG,2023-07-01,1,1,0.8,1.0
SENIOR_HIRE_12M,job_vacancy_rate,BG,2023-10-01,5,1,0.8,0.2
SENIOR_HIRE_12M,job_vacancy_rate,BG,2024-01-01,4,1,0.8,0.25
SENIOR_HIRE_12M,job_vacancy_rate,BG,2024-04-01,2,0,0.7,0.0
SENIOR_HIRE_12M,job_vacancy_rate,BG,2024-07-01,4,1,0.8,0.25
SENIOR_HIRE_12M,job_vacancy_rate,BG,2024-10-01,2,0,0.8,0.0
SENIOR_HIRE_12M,job_vacancy_rate,GR,2021-01-01,4,0,0.5,0.0
SENIOR_HIRE_12M,job_vacancy_rate,GR,2021-04-01,5,1,0.3,0.2
SENIOR_HIRE_12M,job_vacancy_rate,GR,2021-07-01,3,3,0.3,1.0
SENIOR_HIRE_12M,job_vacancy_rate,GR,2021-10-01,7,3,0.6,0.428571
SENIOR_HIRE_12M,job_vacancy_rate,GR,2022-01-01,1,0,0.7,0.0
SENIOR_HIRE_12M,job_vacancy_rate,GR,2022-04-01,6,0,0.7,0.0
SENIOR_HIRE_12M,job_vacancy_rate,GR,2022-07-01,3,0,0.8,0.0
SENIOR_HIRE_12M,job_vacancy_rate,GR,2022-10-01,2,0,1.2,0.0
SENIOR_HIRE_12M,job_vacancy_rate,GR,2023-01-01,2,0,1.1,0.0
SENIOR_HIRE_12M,job_vacancy_rate,GR,2023-04-01,2,0,0.9,0.0
SENIOR_HIRE_12M,job_vacancy_rate,GR,2023-07-01,4,0,1.5,0.0
SENIOR_HIRE_12M,job_vacancy_rate,GR,2023-10-01,5,1,1.6,0.2
SENIOR_HIRE_12M,job_vacancy_rate,GR,2024-01-01,5,1,1.6,0.2
SENIOR_HIRE_12M,job_vacancy_rate,GR,2024-04-01,4,2,1.8,0.5
SENIOR_HIRE_12M,job_vacancy_rate,GR,2024-07-01,1,0,3.1,0.0
SENIOR_HIRE_12M,job_vacancy_rate,GR,2024-10-01,1,0,2.5,0.0
SENIOR_HIRE_12M,job_vacancy_rate,IE,2021-01-01,3,0,0.8,0.0
SENIOR_HIRE_12M,job_vacancy_rate,IE,2021-07-01,4,1,1.0,0.25
SENIOR_HIRE_12M,job_vacancy_rate,IE,2021-10-01,1,0,1.2,0.0
SENIOR_HIRE_12M,job_vacancy_rate,IE,2022-01-01,2,0,1.5,0.0
SENIOR_HIRE_12M,job_vacancy_rate,IE,2022-04-01,4,0,1.4,0.0
SENIOR_HIRE_12M,job_vacancy_rate,IE,2022-07-01,2,0,1.6,0.0
SENIOR_HIRE_12M,job_vacancy_rate,IE,2022-10-01,3,0,1.6,0.0
SENIOR_HIRE_12M,job_vacancy_rate,IE,2023-01-01,3,1,1.6,0.333333
SENIOR_HIRE_12M,job_vacancy_rate,IE,2023-04-01,3,2,1.3,0.666667
SENIOR_HIRE_12M,job_vacancy_rate,IE,2023-07-01,1,1,1.5,1.0
SENIOR_HIRE_12M,job_vacancy_rate,IE,2023-10-01,1,0,1.3,0.0
SENIOR_HIRE_12M,job_vacancy_rate,IE,2024-01-01,3,1,1.2,0.333333
SENIOR_HIRE_12M,job_vacancy_rate,IE,2024-04-01,2,0,1.2,0.0
SENIOR_HIRE_12M,job_vacancy_rate,IE,2024-07-01,1,0,1.2,0.0
SENIOR_HIRE_12M,job_vacancy_rate,IE,2024-10-01,2,1,1.3,0.5
SENIOR_HIRE_12M,job_vacancy_rate,IT,2021-01-01,2,0,0.9,0.0
SENIOR_HIRE_12M,job_vacancy_rate,IT,2021-07-01,3,2,1.6,0.666667
SENIOR_HIRE_12M,job_vacancy_rate,IT,2021-10-01,3,0,2.0,0.0
SENIOR_HIRE_12M,job_vacancy_rate,IT,2022-01-01,5,2,1.9,0.4
SENIOR_HIRE_12M,job_vacancy_rate,IT,2022-04-01,1,0,1.6,0.0
SENIOR_HIRE_12M,job_vacancy_rate,IT,2022-07-01,3,0,2.5,0.0
SENIOR_HIRE_12M,job_vacancy_rate,IT,2022-10-01,2,0,2.3,0.0
SENIOR_HIRE_12M,job_vacancy_rate,IT,2023-01-01,3,0,2.1,0.0
SENIOR_HIRE_12M,job_vacancy_rate,IT,2023-04-01,3,0,1.9,0.0
SENIOR_HIRE_12M,job_vacancy_rate,IT,2023-07-01,2,1,2.7,0.5
SENIOR_HIRE_12M,job_vacancy_rate,IT,2023-10-01,4,1,2.4,0.25
SENIOR_HIRE_12M,job_vacancy_rate,IT,2024-01-01,1,1,2.1,1.0
SENIOR_HIRE_12M,job_vacancy_rate,IT,2024-04-01,6,1,1.9,0.166667
SENIOR_HIRE_12M,job_vacancy_rate,IT,2024-07-01,3,0,2.5,0.0
SENIOR_HIRE_12M,job_vacancy_rate,IT,2024-10-01,1,0,2.2,0.0
SENIOR_HIRE_12M,job_vacancy_rate,PL,2021-01-01,1,0,0.7,0.0
SENIOR_HIRE_12M,job_vacancy_rate,PL,2021-04-01,1,0,0.7,0.0
SENIOR_HIRE_12M,job_vacancy_rate,PL,2021-07-01,2,0,0.9,0.0
SENIOR_HIRE_12M,job_vacancy_rate,PL,2021-10-01,6,2,1.2,0.333333
SENIOR_HIRE_12M,job_vacancy_rate,PL,2022-04-01,5,0,1.1,0.0
SENIOR_HIRE_12M,job_vacancy_rate,PL,2022-07-01,4,3,1.3,0.75
SENIOR_HIRE_12M,job_vacancy_rate,PL,2022-10-01,2,1,1.2,0.5
SENIOR_HIRE_12M,job_vacancy_rate,PL,2023-01-01,1,1,1.1,1.0
SENIOR_HIRE_12M,job_vacancy_rate,PL,2023-04-01,3,0,0.9,0.0
SENIOR_HIRE_12M,job_vacancy_rate,PL,2023-07-01,4,1,0.9,0.25
SENIOR_HIRE_12M,job_vacancy_rate,PL,2023-10-01,6,0,0.9,0.0
SENIOR_HIRE_12M,job_vacancy_rate,PL,2024-01-01,1,0,0.9,0.0
SENIOR_HIRE_12M,job_vacancy_rate,PL,2024-04-01,4,0,0.8,0.0
SENIOR_HIRE_12M,job_vacancy_rate,PL,2024-10-01,6,2,0.9,0.333333
SENIOR_HIRE_12M,job_vacancy_rate,RO,2021-01-01,2,1,0.8,0.5
SENIOR_HIRE_12M,job_vacancy_rate,RO,2021-07-01,1,0,0.8,0.0
SENIOR_HIRE_12M,job_vacancy_rate,RO,2021-10-01,2,0,0.8,0.0
SENIOR_HIRE_12M,job_vacancy_rate,RO,2022-01-01,4,1,1.0,0.25
SENIOR_HIRE_12M,job_vacancy_rate,RO,2022-04-01,2,1,0.9,0.5
SENIOR_HIRE_12M,job_vacancy_rate,RO,2022-07-01,3,1,1.0,0.333333
SENIOR_HIRE_12M,job_vacancy_rate,RO,2022-10-01,2,1,0.9,0.5
SENIOR_HIRE_12M,job_vacancy_rate,RO,2023-01-01,4,1,0.9,0.25
SENIOR_HIRE_12M,job_vacancy_rate,RO,2023-04-01,2,0,0.8,0.0
SENIOR_HIRE_12M,job_vacancy_rate,RO,2023-07-01,3,0,0.9,0.0
SENIOR_HIRE_12M,job_vacancy_rate,RO,2024-01-01,2,0,0.8,0.0
SENIOR_HIRE_12M,job_vacancy_rate,RO,2024-04-01,2,0,0.7,0.0
SENIOR_HIRE_12M,job_vacancy_rate,RO,2024-07-01,3,0,0.7,0.0
SENIOR_HIRE_12M,job_vacancy_rate,RO,2024-10-01,3,1,0.7,0.333333
SENIOR_HIRE_12M,unemployment_rate,BG,2021-01-01,2,0,6.4,0.0
SENIOR_HIRE_12M,unemployment_rate,BG,2021-04-01,1,0,6.2,0.0
SENIOR_HIRE_12M,unemployment_rate,BG,2021-07-01,8,2,5.3375,0.25
SENIOR_HIRE_12M,unemployment_rate,BG,2021-10-01,4,2,4.95,0.5
SENIOR_HIRE_12M,unemployment_rate,BG,2022-01-01,4,0,4.6,0.0
SENIOR_HIRE_12M,unemployment_rate,BG,2022-04-01,3,2,4.5,0.666667
SENIOR_HIRE_12M,unemployment_rate,BG,2022-07-01,6,3,4.266667,0.5
SENIOR_HIRE_12M,unemployment_rate,BG,2022-10-01,2,0,3.9,0.0
SENIOR_HIRE_12M,unemployment_rate,BG,2023-01-01,2,0,3.8,0.0
SENIOR_HIRE_12M,unemployment_rate,BG,2023-04-01,3,1,4.133333,0.333333
SENIOR_HIRE_12M,unemployment_rate,BG,2023-07-01,1,1,4.5,1.0
SENIOR_HIRE_12M,unemployment_rate,BG,2023-10-01,5,1,4.44,0.2
SENIOR_HIRE_12M,unemployment_rate,BG,2024-01-01,4,1,4.3,0.25
SENIOR_HIRE_12M,unemployment_rate,BG,2024-04-01,2,0,4.7,0.0
SENIOR_HIRE_12M,unemployment_rate,BG,2024-07-01,4,1,4.15,0.25
SENIOR_HIRE_12M,unemployment_rate,BG,2024-10-01,2,0,3.95,0.0
SENIOR_HIRE_12M,unemployment_rate,GR,2021-01-01,4,0,17.575,0.0
SENIOR_HIRE_12M,unemployment_rate,GR,2021-04-01,5,1,16.14,0.2
SENIOR_HIRE_12M,unemployment_rate,GR,2021-07-01,3,3,16.733333,1.0
SENIOR_HIRE_12M,unemployment_rate,GR,2021-10-01,7,3,13.985714,0.428571
SENIOR_HIRE_12M,unemployment_rate,GR,2022-01-01,1,0,13.2,0.0
SENIOR_HIRE_12M,unemployment_rate,GR,2022-04-01,6,0,12.933333,0.0
SENIOR_HIRE_12M,unemployment_rate,GR,2022-07-01,3,0,12.766667,0.0
SENIOR_HIRE_12M,unemployment_rate,GR,2022-10-01,2,0,12.45,0.0
SENIOR_HIRE_12M,unemployment_rate,GR,2023-01-01,2,0,11.7,0.0
SENIOR_HIRE_12M,unemployment_rate,GR,2023-04-01,2,0,11.4,0.0
SENIOR_HIRE_12M,unemployment_rate,GR,2023-07-01,4,0,11.525,0.0
SENIOR_HIRE_12M,unemployment_rate,GR,2023-10-01,5,1,11.34,0.2
SENIOR_HIRE_12M,unemployment_rate,GR,2024-01-01,5,1,10.38,0.2
SENIOR_HIRE_12M,unemployment_rate,GR,2024-04-01,4,2,10.55,0.5
SENIOR_HIRE_12M,unemployment_rate,GR,2024-07-01,1,0,10.8,0.0
SENIOR_HIRE_12M,unemployment_rate,GR,2024-10-01,1,0,9.8,0.0
SENIOR_HIRE_12M,unemployment_rate,IE,2021-01-01,3,0,6.333333,0.0
SENIOR_HIRE_12M,unemployment_rate,IE,2021-07-01,4,1,6.775,0.25
SENIOR_HIRE_12M,unemployment_rate,IE,2021-10-01,1,0,5.4,0.0
SENIOR_HIRE_12M,unemployment_rate,IE,2022-01-01,2,0,5.3,0.0
SENIOR_HIRE_12M,unemployment_rate,IE,2022-04-01,4,0,4.925,0.0
SENIOR_HIRE_12M,unemployment_rate,IE,2022-07-01,2,0,4.1,0.0
SENIOR_HIRE_12M,unemployment_rate,IE,2022-10-01,3,0,4.3,0.0
SENIOR_HIRE_12M,unemployment_rate,IE,2023-01-01,3,1,4.5,0.333333
SENIOR_HIRE_12M,unemployment_rate,IE,2023-04-01,3,2,4.3,0.666667
SENIOR_HIRE_12M,unemployment_rate,IE,2023-07-01,1,1,4.2,1.0
SENIOR_HIRE_12M,unemployment_rate,IE,2023-10-01,1,0,4.6,0.0
SENIOR_HIRE_12M,unemployment_rate,IE,2024-01-01,3,1,4.5,0.333333
SENIOR_HIRE_12M,unemployment_rate,IE,2024-04-01,2,0,4.2,0.0
SENIOR_HIRE_12M,unemployment_rate,IE,2024-07-01,1,0,4.4,0.0
SENIOR_HIRE_12M,unemployment_rate,IE,2024-10-01,2,1,4.1,0.5
SENIOR_HIRE_12M,unemployment_rate,IT,2021-01-01,2,0,9.75,0.0
SENIOR_HIRE_12M,unemployment_rate,IT,2021-07-01,3,2,9.766667,0.666667
SENIOR_HIRE_12M,unemployment_rate,IT,2021-10-01,3,0,9.1,0.0
SENIOR_HIRE_12M,unemployment_rate,IT,2022-01-01,5,2,9.1,0.4
SENIOR_HIRE_12M,unemployment_rate,IT,2022-04-01,1,0,8.3,0.0
SENIOR_HIRE_12M,unemployment_rate,IT,2022-07-01,3,0,8.166667,0.0
SENIOR_HIRE_12M,unemployment_rate,IT,2022-10-01,2,0,8.0,0.0
SENIOR_HIRE_12M,unemployment_rate,IT,2023-01-01,3,0,7.8,0.0
SENIOR_HIRE_12M,unemployment_rate,IT,2023-04-01,3,0,7.866667,0.0
SENIOR_HIRE_12M,unemployment_rate,IT,2023-07-01,2,1,7.85,0.5
SENIOR_HIRE_12M,unemployment_rate,IT,2023-10-01,4,1,7.65,0.25
SENIOR_HIRE_12M,unemployment_rate,IT,2024-01-01,1,1,7.5,1.0
SENIOR_HIRE_12M,unemployment_rate,IT,2024-04-01,6,1,6.966667,0.166667
SENIOR_HIRE_12M,unemployment_rate,IT,2024-07-01,3,0,6.566667,0.0
SENIOR_HIRE_12M,unemployment_rate,IT,2024-10-01,1,0,6.4,0.0
SENIOR_HIRE_12M,unemployment_rate,PL,2021-01-01,1,0,3.2,0.0
SENIOR_HIRE_12M,unemployment_rate,PL,2021-04-01,1,0,3.8,0.0
SENIOR_HIRE_12M,unemployment_rate,PL,2021-07-01,2,0,3.65,0.0
SENIOR_HIRE_12M,unemployment_rate,PL,2021-10-01,6,2,3.133333,0.333333
SENIOR_HIRE_12M,unemployment_rate,PL,2022-04-01,5,0,2.8,0.0
SENIOR_HIRE_12M,unemployment_rate,PL,2022-07-01,4,3,2.8,0.75
SENIOR_HIRE_12M,unemployment_rate,PL,2022-10-01,2,1,2.95,0.5
SENIOR_HIRE_12M,unemployment_rate,PL,2023-01-01,1,1,2.9,1.0
SENIOR_HIRE_12M,unemployment_rate,PL,2023-04-01,3,0,2.666667,0.0
SENIOR_HIRE_12M,unemployment_rate,PL,2023-07-01,4,1,2.775,0.25
SENIOR_HIRE_12M,unemployment_rate,PL,2023-10-01,6,0,2.833333,0.0
SENIOR_HIRE_12M,unemployment_rate,PL,2024-01-01,1,0,3.1,0.0
SENIOR_HIRE_12M,unemployment_rate,PL,2024-04-01,4,0,2.85,0.0
SENIOR_HIRE_12M,unemployment_rate,PL,2024-10-01,6,2,3.0,0.333333
SENIOR_HIRE_12M,unemployment_rate,RO,2021-01-01,2,1,6.1,0.5
SENIOR_HIRE_12M,unemployment_rate,RO,2021-07-01,1,0,5.4,0.0
SENIOR_HIRE_12M,unemployment_rate,RO,2021-10-01,2,0,5.4,0.0
SENIOR_HIRE_12M,unemployment_rate,RO,2022-01-01,4,1,5.6,0.25
SENIOR_HIRE_12M,unemployment_rate,RO,2022-04-01,2,1,5.8,0.5
SENIOR_HIRE_12M,unemployment_rate,RO,2022-07-01,3,1,5.533333,0.333333
SENIOR_HIRE_12M,unemployment_rate,RO,2022-10-01,2,1,5.5,0.5
SENIOR_HIRE_12M,unemployment_rate,RO,2023-01-01,4,1,5.575,0.25
SENIOR_HIRE_12M,unemployment_rate,RO,2023-04-01,2,0,5.4,0.0
SENIOR_HIRE_12M,unemployment_rate,RO,2023-07-01,3,0,5.6,0.0
SENIOR_HIRE_12M,unemployment_rate,RO,2024-01-01,2,0,5.5,0.0
SENIOR_HIRE_12M,unemployment_rate,RO,2024-04-01,2,0,5.2,0.0
SENIOR_HIRE_12M,unemployment_rate,RO,2024-07-01,3,0,5.233333,0.0
SENIOR_HIRE_12M,unemployment_rate,RO,2024-10-01,3,1,5.666667,0.333333
