indicator_id,lens,country_code,frequency,period_start,period_end,value,unit,status,status_label,release_code,quality_rules,provider,dataset,source_geo,source_period,source_updated,loaded_at,snapshot_sha256
economic_sentiment,economic_cycle,BG,M,2019-01-01,2019-01-31,103.2,"index, long-term average = 100",,,,"",eurostat,ei_bssi_m_r2,BG,2019-01,2026-08-28T11:00:00+0200,2026-09-28T01:56:21+00:00,6b235d028c6fd1630af6d7607cbe8ba058abb4c903ca78cc69263cceb8982912
economic_sentiment,economic_cycle,BG,M,2019-02-01,2019-02-28,101.3,"index, long-term average = 100",,,,"",eurostat,ei_bssi_m_r2,BG,2019-02,2026-08-28T11:00:00+0200,2026-09-28T01:56:21+00:00,6b235d028c6fd1630af6d7607cbe8ba058abb4c903ca78cc69263cceb8982912
economic_sentiment,economic_cycle,BG,M,2019-03-01,2019-03-31,98.2,"index, long-term average = 100",,,,"",eurostat,ei_bssi_m_r2,BG,2019-03,2026-08-28T11:00:00+0200,2026-09-28T01:56:21+00:00,6b235d028c6fd1630af6d7607cbe8ba058abb4c903ca78cc69263cceb8982912
economic_sentiment,economic_cycle,BG,M,2019-04-01,2019-04-30,101.6,"index, long-term average = 100",,,,"",eurostat,ei_bssi_m_r2,BG,2019-04,2026-08-28T11:00:00+0200,2026-09-28T01:56:21+00:00,6b235d028c6fd1630af6d7607cbe8ba058abb4c903ca78cc69263cceb8982912
economic_sentiment,economic_cycle,BG,M,2019-05-01,2019-05-31,101.1,"index, long-term average = 100",,,,"",eurostat,ei_bssi_m_r2,BG,2019-05,2026-08-28T11:00:00+0200,2026-09-28T01:56:21+00:00,6b235d028c6fd1630af6d7607cbe8ba058abb4c903ca78cc69263cceb8982912
economic_sentiment,economic_cycle,BG,M,2019-06-01,2019-06-30,98.8,"index, long-term average = 100",,,,"",eurostat,ei_bssi_m_r2,BG,2019-06,2026-08-28T11:00:00+0200,2026-09-28T01:56:21+00:00,6b235d028c6fd1630af6d7607cbe8ba058abb4c903ca78cc69263cceb8982912
economic_sentiment,economic_cycle,BG,M,2019-07-01,2019-07-31,102.8,"index, long-term average = 100",,,,"",eurostat,ei_bssi_m_r2,BG,2019-07,2026-08-28T11:00:00+0200,2026-09-28T01:56:21+00:00,6b235d028c6fd1630af6d7607cbe8ba058abb4c903ca78cc69263cceb8982912
economic_sentiment,economic_cycle,BG,M,2019-08-01,2019-08-31,102.8,"index, long-term average = 100",,,,"",eurostat,ei_bssi_m_r2,BG,2019-08,2026-08-28T11:00:00+0200,2026-09-28T01:56:21+00:00,6b235d028c6fd1630af6d7607cbe8ba058abb4c903ca78cc69263cceb8982912
economic_sentiment,economic_cycle,BG,M,2019-09-01,2019-09-30,102.7,"index, long-term average = 100",,,,"",eurostat,ei_bssi_m_r2,BG,2019-09,2026-08-28T11:00:00+0200,2026-09-28T01:56:21+00:00,6b235d028c6fd1630af6d7607cbe8ba058abb4c903ca78cc69263cceb8982912
economic_sentiment,economic_cycle,BG,M,2019-10-01,2019-10-31,103.9,"index, long-term average = 100",,,,"",eurostat,ei_bssi_m_r2,BG,2019-10,2026-08-28T11:00:00+0200,2026-09-28T01:56:21+00:00,6b235d028c6fd1630af6d7607cbe8ba058abb4c903ca78cc69263cceb8982912
economic_sentiment,economic_cycle,BG,M,2019-11-01,2019-11-30,102.4,"index, long-term average = 100",,,,"",eurostat,ei_bssi_m_r2,BG,2019-11,2026-08-28T11:00:00+0200,2026-09-28T01:56:21+00:00,6b235d028c6fd1630af6d7607cbe8ba058abb4c903ca78cc69263cceb8982912
economic_sentiment,economic_cycle,BG,M,2019-12-01,2019-12-31,104.2,"index, long-term average = 100",,,,"",eurostat,ei_bssi_m_r2,BG,2019-12,2026-08-28T11:00:00+0200,2026-09-28T01:56:21+00:00,6b235d028c6fd1630af6d7607cbe8ba058abb4c903ca78cc69263cceb8982912
economic_sentiment,economic_cycle,BG,M,2020-01-01,2020-01-31,102.5,"index, long-term average = 100",,,,"",eurostat,ei_bssi_m_r2,BG,2020-01,2026-08-28T11:00:00+0200,2026-09-28T01:56:21+00:00,6b235d028c6fd1630af6d7607cbe8ba058abb4c903ca78cc69263cceb8982912
economic_sentiment,economic_cycle,BG,M,2020-02-01,2020-02-29,98.7,"index, long-term average = 100",,,,"",eurostat,ei_bssi_m_r2,BG,2020-02,2026-08-28T11:00:00+0200,2026-09-28T01:56:21+00:00,6b235d028c6fd1630af6d7607cbe8ba058abb4c903ca78cc69263cceb8982912
economic_sentiment,economic_cycle,BG,M,2020-03-01,2020-03-31,95.5,"index, long-term average = 100",,,,"",eurostat,ei_bssi_m_r2,BG,2020-03,2026-08-28T11:00:00+0200,2026-09-28T01:56:21+00:00,6b235d028c6fd1630af6d7607cbe8ba058abb4c903ca78cc69263cceb8982912
economic_sentiment,economic_cycle,BG,M,2020-04-01,2020-04-30,53.9,"index, long-term average = 100",,,,"",eurostat,ei_bssi_m_r2,BG,2020-04,2026-08-28T11:00:00+0200,2026-09-28T01:56:21+00:00,6b235d028c6fd1630af6d7607cbe8ba058abb4c903ca78cc69263cceb8982912
economic_sentiment,economic_cycle,BG,M,2020-05-01,2020-05-31,61.7,"index, long-term average = 100",,,,"",eurostat,ei_bssi_m_r2,BG,2020-05,2026-08-28T11:00:00+0200,2026-09-28T01:56:21+00:00,6b235d028c6fd1630af6d7607cbe8ba058abb4c903ca78cc69263cceb8982912
economic_sentiment,economic_cycle,BG,M,2020-06-01,2020-06-30,72.4,"index, long-term average = 100",,,,"",eurostat,ei_bssi_m_r2,BG,2020-06,2026-08-28T11:00:00+0200,2026-09-28T01:56:21+00:00,6b235d028c6fd1630af6d7607cbe8ba058abb4c903ca78cc69263cceb8982912
economic_sentiment,economic_cycle,BG,M,2020-07-01,2020-07-31,75.5,"index, long-term average = 100",,,,"",eurostat,ei_bssi_m_r2,BG,2020-07,2026-08-28T11:00:00+0200,2026-09-28T01:56:21+00:00,6b235d028c6fd1630af6d7607cbe8ba058abb4c903ca78cc69263cceb8982912
economic_sentiment,economic_cycle,BG,M,2020-08-01,2020-08-31,78.2,"index, long-term average = 100",,,,"",eurostat,ei_bssi_m_r2,BG,2020-08,2026-08-28T11:00:00+0200,2026-09-28T01:56:21+00:00,6b235d028c6fd1630af6d7607cbe8ba058abb4c903ca78cc69263cceb8982912
economic_sentiment,economic_cycle,BG,M,2020-09-01,2020-09-30,84.5,"index, long-term average = 100",,,,"",eurostat,ei_bssi_m_r2,BG,2020-09,2026-08-28T11:00:00+0200,2026-09-28T01:56:21+00:00,6b235d028c6fd1630af6d7607cbe8ba058abb4c903ca78cc69263cceb8982912
economic_sentiment,economic_cycle,BG,M,2020-10-01,2020-10-31,85.0,"index, long-term average = 100",,,,"",eurostat,ei_bssi_m_r2,BG,2020-10,2026-08-28T11:00:00+0200,2026-09-28T01:56:21+00:00,6b235d028c6fd1630af6d7607cbe8ba058abb4c903ca78cc69263cceb8982912
economic_sentiment,economic_cycle,BG,M,2020-11-01,2020-11-30,83.1,"index, long-term average = 100",,,,"",eurostat,ei_bssi_m_r2,BG,2020-11,2026-08-28T11:00:00+0200,2026-09-28T01:56:21+00:00,6b235d028c6fd1630af6d7607cbe8ba058abb4c903ca78cc69263cceb8982912
economic_sentiment,economic_cycle,BG,M,2020-12-01,2020-12-31,80.2,"index, long-term average = 100",,,,"",eurostat,ei_bssi_m_r2,BG,2020-12,2026-08-28T11:00:00+0200,2026-09-28T01:56:21+00:00,6b235d028c6fd1630af6d7607cbe8ba058abb4c903ca78cc69263cceb8982912
economic_sentiment,economic_cycle,BG,M,2021-01-01,2021-01-31,83.8,"index, long-term average = 100",,,,"",eurostat,ei_bssi_m_r2,BG,2021-01,2026-08-28T11:00:00+0200,2026-09-28T01:56:21+00:00,6b235d028c6fd1630af6d7607cbe8ba058abb4c903ca78cc69263cceb8982912
economic_sentiment,economic_cycle,BG,M,2021-02-01,2021-02-28,85.7,"index, long-term average = 100",,,,"",eurostat,ei_bssi_m_r2,BG,2021-02,2026-08-28T11:00:00+0200,2026-09-28T01:56:21+00:00,6b235d028c6fd1630af6d7607cbe8ba058abb4c903ca78cc69263cceb8982912
economic_sentiment,economic_cycle,BG,M,2021-03-01,2021-03-31,92.3,"index, long-term average = 100",,,,"",eurostat,ei_bssi_m_r2,BG,2021-03,2026-08-28T11:00:00+0200,2026-09-28T01:56:21+00:00,6b235d028c6fd1630af6d7607cbe8ba058abb4c903ca78cc69263cceb8982912
economic_sentiment,economic_cycle,BG,M,2021-04-01,2021-04-30,93.0,"index, long-term average = 100",,,,"",eurostat,ei_bssi_m_r2,BG,2021-04,2026-08-28T11:00:00+0200,2026-09-28T01:56:21+00:00,6b235d028c6fd1630af6d7607cbe8ba058abb4c903ca78cc69263cceb8982912
economic_sentiment,economic_cycle,BG,M,2021-05-01,2021-05-31,95.1,"index, long-term average = 100",,,,"",eurostat,ei_bssi_m_r2,BG,2021-05,2026-08-28T11:00:00+0200,2026-09-28T01:56:21+00:00,6b235d028c6fd1630af6d7607cbe8ba058abb4c903ca78cc69263cceb8982912
economic_sentiment,economic_cycle,BG,M,2021-06-01,2021-06-30,99.3,"index, long-term average = 100",,,,"",eurostat,ei_bssi_m_r2,BG,2021-06,2026-08-28T11:00:00+0200,2026-09-28T01:56:21+00:00,6b235d028c6fd1630af6d7607cbe8ba058abb4c903ca78cc69263cceb8982912
economic_sentiment,economic_cycle,BG,M,2021-07-01,2021-07-31,102.1,"index, long-term average = 100",,,,"",eurostat,ei_bssi_m_r2,BG,2021-07,2026-08-28T11:00:00+0200,2026-09-28T01:56:21+00:00,6b235d028c6fd1630af6d7607cbe8ba058abb4c903ca78cc69263cceb8982912
economic_sentiment,economic_cycle,BG,M,2021-08-01,2021-08-31,100.6,"index, long-term average = 100",,,,"",eurostat,ei_bssi_m_r2,BG,2021-08,2026-08-28T11:00:00+0200,2026-09-28T01:56:21+00:00,6b235d028c6fd1630af6d7607cbe8ba058abb4c903ca78cc69263cceb8982912
economic_sentiment,economic_cycle,BG,M,2021-09-01,2021-09-30,100.0,"index, long-term average = 100",,,,"",eurostat,ei_bssi_m_r2,BG,2021-09,2026-08-28T11:00:00+0200,2026-09-28T01:56:21+00:00,6b235d028c6fd1630af6d7607cbe8ba058abb4c903ca78cc69263cceb8982912
economic_sentiment,economic_cycle,BG,M,2021-10-01,2021-10-31,97.8,"index, long-term average = 100",,,,"",eurostat,ei_bssi_m_r2,BG,2021-10,2026-08-28T11:00:00+0200,2026-09-28T01:56:21+00:00,6b235d028c6fd1630af6d7607cbe8ba058abb4c903ca78cc69263cceb8982912
economic_sentiment,economic_cycle,BG,M,2021-11-01,2021-11-30,94.8,"index, long-term average = 100",,,,"",eurostat,ei_bssi_m_r2,BG,2021-11,2026-08-28T11:00:00+0200,2026-09-28T01:56:21+00:00,6b235d028c6fd1630af6d7607cbe8ba058abb4c903ca78cc69263cceb8982912
economic_sentiment,economic_cycle,BG,M,2021-12-01,2021-12-31,99.8,"index, long-term average = 100",,,,"",eurostat,ei_bssi_m_r2,BG,2021-12,2026-08-28T11:00:00+0200,2026-09-28T01:56:21+00:00,6b235d028c6fd1630af6d7607cbe8ba058abb4c903ca78cc69263cceb8982912
economic_sentiment,economic_cycle,BG,M,2022-01-01,2022-01-31,101.0,"index, long-term average = 100",,,,"",eurostat,ei_bssi_m_r2,BG,2022-01,2026-08-28T11:00:00+0200,2026-09-28T01:56:21+00:00,6b235d028c6fd1630af6d7607cbe8ba058abb4c903ca78cc69263cceb8982912
economic_sentiment,economic_cycle,BG,M,2022-02-01,2022-02-28,101.2,"index, long-term average = 100",,,,"",eurostat,ei_bssi_m_r2,BG,2022-02,2026-08-28T11:00:00+0200,2026-09-28T01:56:21+00:00,6b235d028c6fd1630af6d7607cbe8ba058abb4c903ca78cc69263cceb8982912
economic_sentiment,economic_cycle,BG,M,2022-03-01,2022-03-31,94.4,"index, long-term average = 100",,,,"",eurostat,ei_bssi_m_r2,BG,2022-03,2026-08-28T11:00:00+0200,2026-09-28T01:56:21+00:00,6b235d028c6fd1630af6d7607cbe8ba058abb4c903ca78cc69263cceb8982912
economic_sentiment,economic_cycle,BG,M,2022-04-01,2022-04-30,95.2,"index, long-term average = 100",,,,"",eurostat,ei_bssi_m_r2,BG,2022-04,2026-08-28T11:00:00+0200,2026-09-28T01:56:21+00:00,6b235d028c6fd1630af6d7607cbe8ba058abb4c903ca78cc69263cceb8982912
economic_sentiment,economic_cycle,BG,M,2022-05-01,2022-05-31,94.3,"index, long-term average = 100",,,,"",eurostat,ei_bssi_m_r2,BG,2022-05,2026-08-28T11:00:00+0200,2026-09-28T01:56:21+00:00,6b235d028c6fd1630af6d7607cbe8ba058abb4c903ca78cc69263cceb8982912
economic_sentiment,economic_cycle,BG,M,2022-06-01,2022-06-30,98.2,"index, long-term average = 100",,,,"",eurostat,ei_bssi_m_r2,BG,2022-06,2026-08-28T11:00:00+0200,2026-09-28T01:56:21+00:00,6b235d028c6fd1630af6d7607cbe8ba058abb4c903ca78cc69263cceb8982912
economic_sentiment,economic_cycle,BG,M,2022-07-01,2022-07-31,99.1,"index, long-term average = 100",,,,"",eurostat,ei_bssi_m_r2,BG,2022-07,2026-08-28T11:00:00+0200,2026-09-28T01:56:21+00:00,6b235d028c6fd1630af6d7607cbe8ba058abb4c903ca78cc69263cceb8982912
economic_sentiment,economic_cycle,BG,M,2022-08-01,2022-08-31,98.4,"index, long-term average = 100",,,,"",eurostat,ei_bssi_m_r2,BG,2022-08,2026-08-28T11:00:00+0200,2026-09-28T01:56:21+00:00,6b235d028c6fd1630af6d7607cbe8ba058abb4c903ca78cc69263cceb8982912
economic_sentiment,economic_cycle,BG,M,2022-09-01,2022-09-30,98.1,"index, long-term average = 100",,,,"",eurostat,ei_bssi_m_r2,BG,2022-09,2026-08-28T11:00:00+0200,2026-09-28T01:56:21+00:00,6b235d028c6fd1630af6d7607cbe8ba058abb4c903ca78cc69263cceb8982912
economic_sentiment,economic_cycle,BG,M,2022-10-01,2022-10-31,98.7,"index, long-term average = 100",,,,"",eurostat,ei_bssi_m_r2,BG,2022-10,2026-08-28T11:00:00+0200,2026-09-28T01:56:21+00:00,6b235d028c6fd1630af6d7607cbe8ba058abb4c903ca78cc69263cceb8982912
economic_sentiment,economic_cycle,BG,M,2022-11-01,2022-11-30,102.5,"index, long-term average = 100",,,,"",eurostat,ei_bssi_m_r2,BG,2022-11,2026-08-28T11:00:00+0200,2026-09-28T01:56:21+00:00,6b235d028c6fd1630af6d7607cbe8ba058abb4c903ca78cc69263cceb8982912
economic_sentiment,economic_cycle,BG,M,2022-12-01,2022-12-31,102.5,"index, long-term average = 100",,,,"",eurostat,ei_bssi_m_r2,BG,2022-12,2026-08-28T11:00:00+0200,2026-09-28T01:56:21+00:00,6b235d028c6fd1630af6d7607cbe8ba058abb4c903ca78cc69263cceb8982912
economic_sentiment,economic_cycle,BG,M,2023-01-01,2023-01-31,100.8,"index, long-term average = 100",,,,"",eurostat,ei_bssi_m_r2,BG,2023-01,2026-08-28T11:00:00+0200,2026-09-28T01:56:21+00:00,6b235d028c6fd1630af6d7607cbe8ba058abb4c903ca78cc69263cceb8982912
economic_sentiment,economic_cycle,BG,M,2023-02-01,2023-02-28,101.6,"index, long-term average = 100",,,,"",eurostat,ei_bssi_m_r2,BG,2023-02,2026-08-28T11:00:00+0200,2026-09-28T01:56:21+00:00,6b235d028c6fd1630af6d7607cbe8ba058abb4c903ca78cc69263cceb8982912
economic_sentiment,economic_cycle,BG,M,2023-03-01,2023-03-31,103.5,"index, long-term average = 100",,,,"",eurostat,ei_bssi_m_r2,BG,2023-03,2026-08-28T11:00:00+0200,2026-09-28T01:56:21+00:00,6b235d028c6fd1630af6d7607cbe8ba058abb4c903ca78cc69263cceb8982912
economic_sentiment,economic_cycle,BG,M,2023-04-01,2023-04-30,102.2,"index, long-term average = 100",,,,"",eurostat,ei_bssi_m_r2,BG,2023-04,2026-08-28T11:00:00+0200,2026-09-28T01:56:21+00:00,6b235d028c6fd1630af6d7607cbe8ba058abb4c903ca78cc69263cceb8982912
economic_sentiment,economic_cycle,BG,M,2023-05-01,2023-05-31,103.0,"index, long-term average = 100",,,,"",eurostat,ei_bssi_m_r2,BG,2023-05,2026-08-28T11:00:00+0200,2026-09-28T01:56:21+00:00,6b235d028c6fd1630af6d7607cbe8ba058abb4c903ca78cc69263cceb8982912
economic_sentiment,economic_cycle,BG,M,2023-06-01,2023-06-30,103.1,"index, long-term average = 100",,,,"",eurostat,ei_bssi_m_r2,BG,2023-06,2026-08-28T11:00:00+0200,2026-09-28T01:56:21+00:00,6b235d028c6fd1630af6d7607cbe8ba058abb4c903ca78cc69263cceb8982912
economic_sentiment,economic_cycle,BG,M,2023-07-01,2023-07-31,105.7,"index, long-term average = 100",,,,"",eurostat,ei_bssi_m_r2,BG,2023-07,2026-08-28T11:00:00+0200,2026-09-28T01:56:21+00:00,6b235d028c6fd1630af6d7607cbe8ba058abb4c903ca78cc69263cceb8982912
economic_sentiment,economic_cycle,BG,M,2023-08-01,2023-08-31,104.5,"index, long-term average = 100",,,,"",eurostat,ei_bssi_m_r2,BG,2023-08,2026-08-28T11:00:00+0200,2026-09-28T01:56:21+00:00,6b235d028c6fd1630af6d7607cbe8ba058abb4c903ca78cc69263cceb8982912
economic_sentiment,economic_cycle,BG,M,2023-09-01,2023-09-30,104.9,"index, long-term average = 100",,,,"",eurostat,ei_bssi_m_r2,BG,2023-09,2026-08-28T11:00:00+0200,2026-09-28T01:56:21+00:00,6b235d028c6fd1630af6d7607cbe8ba058abb4c903ca78cc69263cceb8982912
economic_sentiment,economic_cycle,BG,M,2023-10-01,2023-10-31,106.1,"index, long-term average = 100",,,,"",eurostat,ei_bssi_m_r2,BG,2023-10,2026-08-28T11:00:00+0200,2026-09-28T01:56:21+00:00,6b235d028c6fd1630af6d7607cbe8ba058abb4c903ca78cc69263cceb8982912
economic_sentiment,economic_cycle,BG,M,2023-11-01,2023-11-30,104.7,"index, long-term average = 100",,,,"",eurostat,ei_bssi_m_r2,BG,2023-11,2026-08-28T11:00:00+0200,2026-09-28T01:56:21+00:00,6b235d028c6fd1630af6d7607cbe8ba058abb4c903ca78cc69263cceb8982912
economic_sentiment,economic_cycle,BG,M,2023-12-01,2023-12-31,106.7,"index, long-term average = 100",,,,"",eurostat,ei_bssi_m_r2,BG,2023-12,2026-08-28T11:00:00+0200,2026-09-28T01:56:21+00:00,6b235d028c6fd1630af6d7607cbe8ba058abb4c903ca78cc69263cceb8982912
economic_sentiment,economic_cycle,BG,M,2024-01-01,2024-01-31,105.3,"index, long-term average = 100",,,,"",eurostat,ei_bssi_m_r2,BG,2024-01,2026-08-28T11:00:00+0200,2026-09-28T01:56:21+00:00,6b235d028c6fd1630af6d7607cbe8ba058abb4c903ca78cc69263cceb8982912
economic_sentiment,economic_cycle,BG,M,2024-02-01,2024-02-29,102.6,"index, long-term average = 100",,,,"",eurostat,ei_bssi_m_r2,BG,2024-02,2026-08-28T11:00:00+0200,2026-09-28T01:56:21+00:00,6b235d028c6fd1630af6d7607cbe8ba058abb4c903ca78cc69263cceb8982912
economic_sentiment,economic_cycle,BG,M,2024-03-01,2024-03-31,104.7,"index, long-term average = 100",,,,"",eurostat,ei_bssi_m_r2,BG,2024-03,2026-08-28T11:00:00+0200,2026-09-28T01:56:21+00:00,6b235d028c6fd1630af6d7607cbe8ba058abb4c903ca78cc69263cceb8982912
economic_sentiment,economic_cycle,BG,M,2024-04-01,2024-04-30,104.0,"index, long-term average = 100",,,,"",eurostat,ei_bssi_m_r2,BG,2024-04,2026-08-28T11:00:00+0200,2026-09-28T01:56:21+00:00,6b235d028c6fd1630af6d7607cbe8ba058abb4c903ca78cc69263cceb8982912
economic_sentiment,economic_cycle,BG,M,2024-05-01,2024-05-31,104.4,"index, long-term average = 100",,,,"",eurostat,ei_bssi_m_r2,BG,2024-05,2026-08-28T11:00:00+0200,2026-09-28T01:56:21+00:00,6b235d028c6fd1630af6d7607cbe8ba058abb4c903ca78cc69263cceb8982912
economic_sentiment,economic_cycle,BG,M,2024-06-01,2024-06-30,105.8,"index, long-term average = 100",,,,"",eurostat,ei_bssi_m_r2,BG,2024-06,2026-08-28T11:00:00+0200,2026-09-28T01:56:21+00:00,6b235d028c6fd1630af6d7607cbe8ba058abb4c903ca78cc69263cceb8982912
economic_sentiment,economic_cycle,BG,M,2024-07-01,2024-07-31,104.9,"index, long-term average = 100",,,,"",eurostat,ei_bssi_m_r2,BG,2024-07,2026-08-28T11:00:00+0200,2026-09-28T01:56:21+00:00,6b235d028c6fd1630af6d7607cbe8ba058abb4c903ca78cc69263cceb8982912
economic_sentiment,economic_cycle,BG,M,2024-08-01,2024-08-31,105.1,"index, long-term average = 100",,,,"",eurostat,ei_bssi_m_r2,BG,2024-08,2026-08-28T11:00:00+0200,2026-09-28T01:56:21+00:00,6b235d028c6fd1630af6d7607cbe8ba058abb4c903ca78cc69263cceb8982912
economic_sentiment,economic_cycle,BG,M,2024-09-01,2024-09-30,107.1,"index, long-term average = 100",,,,"",eurostat,ei_bssi_m_r2,BG,2024-09,2026-08-28T11:00:00+0200,2026-09-28T01:56:21+00:00,6b235d028c6fd1630af6d7607cbe8ba058abb4c903ca78cc69263cceb8982912
economic_sentiment,economic_cycle,BG,M,2024-10-01,2024-10-31,106.7,"index, long-term average = 100",,,,"",eurostat,ei_bssi_m_r2,BG,2024-10,2026-08-28T11:00:00+0200,2026-09-28T01:56:21+00:00,6b235d028c6fd1630af6d7607cbe8ba058abb4c903ca78cc69263cceb8982912
economic_sentiment,economic_cycle,BG,M,2024-11-01,2024-11-30,105.3,"index, long-term average = 100",,,,"",eurostat,ei_bssi_m_r2,BG,2024-11,2026-08-28T11:00:00+0200,2026-09-28T01:56:21+00:00,6b235d028c6fd1630af6d7607cbe8ba058abb4c903ca78cc69263cceb8982912
economic_sentiment,economic_cycle,BG,M,2024-12-01,2024-12-31,105.4,"index, long-term average = 100",,,,"",eurostat,ei_bssi_m_r2,BG,2024-12,2026-08-28T11:00:00+0200,2026-09-28T01:56:21+00:00,6b235d028c6fd1630af6d7607cbe8ba058abb4c903ca78cc69263cceb8982912
economic_sentiment,economic_cycle,BG,M,2025-01-01,2025-01-31,104.3,"index, long-term average = 100",,,,"",eurostat,ei_bssi_m_r2,BG,2025-01,2026-08-28T11:00:00+0200,2026-09-28T01:56:21+00:00,6b235d028c6fd1630af6d7607cbe8ba058abb4c903ca78cc69263cceb8982912
economic_sentiment,economic_cycle,BG,M,2025-02-01,2025-02-28,104.6,"index, long-term average = 100",,,,"",eurostat,ei_bssi_m_r2,BG,2025-02,2026-08-28T11:00:00+0200,2026-09-28T01:56:21+00:00,6b235d028c6fd1630af6d7607cbe8ba058abb4c903ca78cc69263cceb8982912
economic_sentiment,economic_cycle,BG,M,2025-03-01,2025-03-31,105.1,"index, long-term average = 100",,,,"",eurostat,ei_bssi_m_r2,BG,2025-03,2026-08-28T11:00:00+0200,2026-09-28T01:56:21+00:00,6b235d028c6fd1630af6d7607cbe8ba058abb4c903ca78cc69263cceb8982912
economic_sentiment,economic_cycle,BG,M,2025-04-01,2025-04-30,102.5,"index, long-term average = 100",,,,"",eurostat,ei_bssi_m_r2,BG,2025-04,2026-08-28T11:00:00+0200,2026-09-28T01:56:21+00:00,6b235d028c6fd1630af6d7607cbe8ba058abb4c903ca78cc69263cceb8982912
economic_sentiment,economic_cycle,BG,M,2025-05-01,2025-05-31,103.3,"index, long-term average = 100",,,,"",eurostat,ei_bssi_m_r2,BG,2025-05,2026-08-28T11:00:00+0200,2026-09-28T01:56:21+00:00,6b235d028c6fd1630af6d7607cbe8ba058abb4c903ca78cc69263cceb8982912
economic_sentiment,economic_cycle,BG,M,2025-06-01,2025-06-30,103.8,"index, long-term average = 100",,,,"",eurostat,ei_bssi_m_r2,BG,2025-06,2026-08-28T11:00:00+0200,2026-09-28T01:56:21+00:00,6b235d028c6fd1630af6d7607cbe8ba058abb4c903ca78cc69263cceb8982912
economic_sentiment,economic_cycle,BG,M,2025-07-01,2025-07-31,103.1,"index, long-term average = 100",,,,"",eurostat,ei_bssi_m_r2,BG,2025-07,2026-08-28T11:00:00+0200,2026-09-28T01:56:21+00:00,6b235d028c6fd1630af6d7607cbe8ba058abb4c903ca78cc69263cceb8982912
economic_sentiment,economic_cycle,BG,M,2025-08-01,2025-08-31,103.1,"index, long-term average = 100",,,,"",eurostat,ei_bssi_m_r2,BG,2025-08,2026-08-28T11:00:00+0200,2026-09-28T01:56:21+00:00,6b235d028c6fd1630af6d7607cbe8ba058abb4c903ca78cc69263cceb8982912
economic_sentiment,economic_cycle,BG,M,2025-09-01,2025-09-30,102.9,"index, long-term average = 100",,,,"",eurostat,ei_bssi_m_r2,BG,2025-09,2026-08-28T11:00:00+0200,2026-09-28T01:56:21+00:00,6b235d028c6fd1630af6d7607cbe8ba058abb4c903ca78cc69263cceb8982912
economic_sentiment,economic_cycle,BG,M,2025-10-01,2025-10-31,101.2,"index, long-term average = 100",,,,"",eurostat,ei_bssi_m_r2,BG,2025-10,2026-08-28T11:00:00+0200,2026-09-28T01:56:21+00:00,6b235d028c6fd1630af6d7607cbe8ba058abb4c903ca78cc69263cceb8982912
economic_sentiment,economic_cycle,BG,M,2025-11-01,2025-11-30,101.0,"index, long-term average = 100",,,,"",eurostat,ei_bssi_m_r2,BG,2025-11,2026-08-28T11:00:00+0200,2026-09-28T01:56:21+00:00,6b235d028c6fd1630af6d7607cbe8ba058abb4c903ca78cc69263cceb8982912
economic_sentiment,economic_cycle,BG,M,2025-12-01,2025-12-31,99.9,"index, long-term average = 100",,,,"",eurostat,ei_bssi_m_r2,BG,2025-12,2026-08-28T11:00:00+0200,2026-09-28T01:56:21+00:00,6b235d028c6fd1630af6d7607cbe8ba058abb4c903ca78cc69263cceb8982912
economic_sentiment,economic_cycle,BG,M,2026-01-01,2026-01-31,100.4,"index, long-term average = 100",,,,"",eurostat,ei_bssi_m_r2,BG,2026-01,2026-08-28T11:00:00+0200,2026-09-28T01:56:21+00:00,6b235d028c6fd1630af6d7607cbe8ba058abb4c903ca78cc69263cceb8982912
economic_sentiment,economic_cycle,BG,M,2026-02-01,2026-02-28,98.5,"index, long-term average = 100",,,,"",eurostat,ei_bssi_m_r2,BG,2026-02,2026-08-28T11:00:00+0200,2026-09-28T01:56:21+00:00,6b235d028c6fd1630af6d7607cbe8ba058abb4c903ca78cc69263cceb8982912
economic_sentiment,economic_cycle,BG,M,2026-03-01,2026-03-31,97.2,"index, long-term average = 100",,,,"",eurostat,ei_bssi_m_r2,BG,2026-03,2026-08-28T11:00:00+0200,2026-09-28T01:56:21+00:00,6b235d028c6fd1630af6d7607cbe8ba058abb4c903ca78cc69263cceb8982912
economic_sentiment,economic_cycle,BG,M,2026-04-01,2026-04-30,94.4,"index, long-term average = 100",,,,"",eurostat,ei_bssi_m_r2,BG,2026-04,2026-08-28T11:00:00+0200,2026-09-28T01:56:21+00:00,6b235d028c6fd1630af6d7607cbe8ba058abb4c903ca78cc69263cceb8982912
economic_sentiment,economic_cycle,BG,M,2026-05-01,2026-05-31,95.5,"index, long-term average = 100",,,,"",eurostat,ei_bssi_m_r2,BG,2026-05,2026-08-28T11:00:00+0200,2026-09-28T01:56:21+00:00,6b235d028c6fd1630af6d7607cbe8ba058abb4c903ca78cc69263cceb8982912
economic_sentiment,economic_cycle,BG,M,2026-06-01,2026-06-30,95.0,"index, long-term average = 100",,,,"",eurostat,ei_bssi_m_r2,BG,2026-06,2026-08-28T11:00:00+0200,2026-09-28T01:56:21+00:00,6b235d028c6fd1630af6d7607cbe8ba058abb4c903ca78cc69263cceb8982912
economic_sentiment,economic_cycle,BG,M,2026-07-01,2026-07-31,94.7,"index, long-term average = 100",,,,"",eurostat,ei_bssi_m_r2,BG,2026-07,2026-08-28T11:00:00+0200,2026-09-28T01:56:21+00:00,6b235d028c6fd1630af6d7607cbe8ba058abb4c903ca78cc69263cceb8982912
economic_sentiment,economic_cycle,BG,M,2026-08-01,2026-08-31,96.8,"index, long-term average = 100",,,,"",eurostat,ei_bssi_m_r2,BG,2026-08,2026-08-28T11:00:00+0200,2026-09-28T01:56:21+00:00,6b235d028c6fd1630af6d7607cbe8ba058abb4c903ca78cc69263cceb8982912
economic_sentiment,economic_cycle,GR,M,2019-01-01,2019-01-31,100.7,"index, long-term average = 100",,,,"",eurostat,ei_bssi_m_r2,EL,2019-01,2026-08-28T11:00:00+0200,2026-09-28T01:56:21+00:00,6b235d028c6fd1630af6d7607cbe8ba058abb4c903ca78cc69263cceb8982912
economic_sentiment,economic_cycle,GR,M,2019-02-01,2019-02-28,101.4,"index, long-term average = 100",,,,"",eurostat,ei_bssi_m_r2,EL,2019-02,2026-08-28T11:00:00+0200,2026-09-28T01:56:21+00:00,6b235d028c6fd1630af6d7607cbe8ba058abb4c903ca78cc69263cceb8982912
economic_sentiment,economic_cycle,GR,M,2019-03-01,2019-03-31,101.7,"index, long-term average = 100",,,,"",eurostat,ei_bssi_m_r2,EL,2019-03,2026-08-28T11:00:00+0200,2026-09-28T01:56:21+00:00,6b235d028c6fd1630af6d7607cbe8ba058abb4c903ca78cc69263cceb8982912
economic_sentiment,economic_cycle,GR,M,2019-04-01,2019-04-30,101.1,"index, long-term average = 100",,,,"",eurostat,ei_bssi_m_r2,EL,2019-04,2026-08-28T11:00:00+0200,2026-09-28T01:56:21+00:00,6b235d028c6fd1630af6d7607cbe8ba058abb4c903ca78cc69263cceb8982912
economic_sentiment,economic_cycle,GR,M,2019-05-01,2019-05-31,101.4,"index, long-term average = 100",,,,"",eurostat,ei_bssi_m_r2,EL,2019-05,2026-08-28T11:00:00+0200,2026-09-28T01:56:21+00:00,6b235d028c6fd1630af6d7607cbe8ba058abb4c903ca78cc69263cceb8982912
economic_sentiment,economic_cycle,GR,M,2019-06-01,2019-06-30,102.7,"index, long-term average = 100",,,,"",eurostat,ei_bssi_m_r2,EL,2019-06,2026-08-28T11:00:00+0200,2026-09-28T01:56:21+00:00,6b235d028c6fd1630af6d7607cbe8ba058abb4c903ca78cc69263cceb8982912
economic_sentiment,economic_cycle,GR,M,2019-07-01,2019-07-31,105.8,"index, long-term average = 100",,,,"",eurostat,ei_bssi_m_r2,EL,2019-07,2026-08-28T11:00:00+0200,2026-09-28T01:56:21+00:00,6b235d028c6fd1630af6d7607cbe8ba058abb4c903ca78cc69263cceb8982912
economic_sentiment,economic_cycle,GR,M,2019-08-01,2019-08-31,108.4,"index, long-term average = 100",,,,"",eurostat,ei_bssi_m_r2,EL,2019-08,2026-08-28T11:00:00+0200,2026-09-28T01:56:21+00:00,6b235d028c6fd1630af6d7607cbe8ba058abb4c903ca78cc69263cceb8982912
economic_sentiment,economic_cycle,GR,M,2019-09-01,2019-09-30,108.7,"index, long-term average = 100",,,,"",eurostat,ei_bssi_m_r2,EL,2019-09,2026-08-28T11:00:00+0200,2026-09-28T01:56:21+00:00,6b235d028c6fd1630af6d7607cbe8ba058abb4c903ca78cc69263cceb8982912
economic_sentiment,economic_cycle,GR,M,2019-10-01,2019-10-31,108.5,"index, long-term average = 100",,,,"",eurostat,ei_bssi_m_r2,EL,2019-10,2026-08-28T11:00:00+0200,2026-09-28T01:56:21+00:00,6b235d028c6fd1630af6d7607cbe8ba058abb4c903ca78cc69263cceb8982912
economic_sentiment,economic_cycle,GR,M,2019-11-01,2019-11-30,107.7,"index, long-term average = 100",,,,"",eurostat,ei_bssi_m_r2,EL,2019-11,2026-08-28T11:00:00+0200,2026-09-28T01:56:21+00:00,6b235d028c6fd1630af6d7607cbe8ba058abb4c903ca78cc69263cceb8982912
economic_sentiment,economic_cycle,GR,M,2019-12-01,2019-12-31,110.7,"index, long-term average = 100",,,,"",eurostat,ei_bssi_m_r2,EL,2019-12,2026-08-28T11:00:00+0200,2026-09-28T01:56:21+00:00,6b235d028c6fd1630af6d7607cbe8ba058abb4c903ca78cc69263cceb8982912
economic_sentiment,economic_cycle,GR,M,2020-01-01,2020-01-31,108.7,"index, long-term average = 100",,,,"",eurostat,ei_bssi_m_r2,EL,2020-01,2026-08-28T11:00:00+0200,2026-09-28T01:56:21+00:00,6b235d028c6fd1630af6d7607cbe8ba058abb4c903ca78cc69263cceb8982912
economic_sentiment,economic_cycle,GR,M,2020-02-01,2020-02-29,112.3,"index, long-term average = 100",,,,"",eurostat,ei_bssi_m_r2,EL,2020-02,2026-08-28T11:00:00+0200,2026-09-28T01:56:21+00:00,6b235d028c6fd1630af6d7607cbe8ba058abb4c903ca78cc69263cceb8982912
economic_sentiment,economic_cycle,GR,M,2020-03-01,2020-03-31,107.0,"index, long-term average = 100",,,,"",eurostat,ei_bssi_m_r2,EL,2020-03,2026-08-28T11:00:00+0200,2026-09-28T01:56:21+00:00,6b235d028c6fd1630af6d7607cbe8ba058abb4c903ca78cc69263cceb8982912
economic_sentiment,economic_cycle,GR,M,2020-04-01,2020-04-30,95.9,"index, long-term average = 100",,,,"",eurostat,ei_bssi_m_r2,EL,2020-04,2026-08-28T11:00:00+0200,2026-09-28T01:56:21+00:00,6b235d028c6fd1630af6d7607cbe8ba058abb4c903ca78cc69263cceb8982912
economic_sentiment,economic_cycle,GR,M,2020-05-01,2020-05-31,83.5,"index, long-term average = 100",,,,"",eurostat,ei_bssi_m_r2,EL,2020-05,2026-08-28T11:00:00+0200,2026-09-28T01:56:21+00:00,6b235d028c6fd1630af6d7607cbe8ba058abb4c903ca78cc69263cceb8982912
economic_sentiment,economic_cycle,GR,M,2020-06-01,2020-06-30,84.4,"index, long-term average = 100",,,,"",eurostat,ei_bssi_m_r2,EL,2020-06,2026-08-28T11:00:00+0200,2026-09-28T01:56:21+00:00,6b235d028c6fd1630af6d7607cbe8ba058abb4c903ca78cc69263cceb8982912
economic_sentiment,economic_cycle,GR,M,2020-07-01,2020-07-31,88.4,"index, long-term average = 100",,,,"",eurostat,ei_bssi_m_r2,EL,2020-07,2026-08-28T11:00:00+0200,2026-09-28T01:56:21+00:00,6b235d028c6fd1630af6d7607cbe8ba058abb4c903ca78cc69263cceb8982912
economic_sentiment,economic_cycle,GR,M,2020-08-01,2020-08-31,88.5,"index, long-term average = 100",,,,"",eurostat,ei_bssi_m_r2,EL,2020-08,2026-08-28T11:00:00+0200,2026-09-28T01:56:21+00:00,6b235d028c6fd1630af6d7607cbe8ba058abb4c903ca78cc69263cceb8982912
economic_sentiment,economic_cycle,GR,M,2020-09-01,2020-09-30,88.7,"index, long-term average = 100",,,,"",eurostat,ei_bssi_m_r2,EL,2020-09,2026-08-28T11:00:00+0200,2026-09-28T01:56:21+00:00,6b235d028c6fd1630af6d7607cbe8ba058abb4c903ca78cc69263cceb8982912
economic_sentiment,economic_cycle,GR,M,2020-10-01,2020-10-31,93.0,"index, long-term average = 100",,,,"",eurostat,ei_bssi_m_r2,EL,2020-10,2026-08-28T11:00:00+0200,2026-09-28T01:56:21+00:00,6b235d028c6fd1630af6d7607cbe8ba058abb4c903ca78cc69263cceb8982912
economic_sentiment,economic_cycle,GR,M,2020-11-01,2020-11-30,91.1,"index, long-term average = 100",,,,"",eurostat,ei_bssi_m_r2,EL,2020-11,2026-08-28T11:00:00+0200,2026-09-28T01:56:21+00:00,6b235d028c6fd1630af6d7607cbe8ba058abb4c903ca78cc69263cceb8982912
economic_sentiment,economic_cycle,GR,M,2020-12-01,2020-12-31,93.6,"index, long-term average = 100",,,,"",eurostat,ei_bssi_m_r2,EL,2020-12,2026-08-28T11:00:00+0200,2026-09-28T01:56:21+00:00,6b235d028c6fd1630af6d7607cbe8ba058abb4c903ca78cc69263cceb8982912
economic_sentiment,economic_cycle,GR,M,2021-01-01,2021-01-31,92.0,"index, long-term average = 100",,,,"",eurostat,ei_bssi_m_r2,EL,2021-01,2026-08-28T11:00:00+0200,2026-09-28T01:56:21+00:00,6b235d028c6fd1630af6d7607cbe8ba058abb4c903ca78cc69263cceb8982912
economic_sentiment,economic_cycle,GR,M,2021-02-01,2021-02-28,93.7,"index, long-term average = 100",,,,"",eurostat,ei_bssi_m_r2,EL,2021-02,2026-08-28T11:00:00+0200,2026-09-28T01:56:21+00:00,6b235d028c6fd1630af6d7607cbe8ba058abb4c903ca78cc69263cceb8982912
economic_sentiment,economic_cycle,GR,M,2021-03-01,2021-03-31,97.5,"index, long-term average = 100",,,,"",eurostat,ei_bssi_m_r2,EL,2021-03,2026-08-28T11:00:00+0200,2026-09-28T01:56:21+00:00,6b235d028c6fd1630af6d7607cbe8ba058abb4c903ca78cc69263cceb8982912
economic_sentiment,economic_cycle,GR,M,2021-04-01,2021-04-30,96.6,"index, long-term average = 100",,,,"",eurostat,ei_bssi_m_r2,EL,2021-04,2026-08-28T11:00:00+0200,2026-09-28T01:56:21+00:00,6b235d028c6fd1630af6d7607cbe8ba058abb4c903ca78cc69263cceb8982912
economic_sentiment,economic_cycle,GR,M,2021-05-01,2021-05-31,106.6,"index, long-term average = 100",,,,"",eurostat,ei_bssi_m_r2,EL,2021-05,2026-08-28T11:00:00+0200,2026-09-28T01:56:21+00:00,6b235d028c6fd1630af6d7607cbe8ba058abb4c903ca78cc69263cceb8982912
economic_sentiment,economic_cycle,GR,M,2021-06-01,2021-06-30,106.7,"index, long-term average = 100",,,,"",eurostat,ei_bssi_m_r2,EL,2021-06,2026-08-28T11:00:00+0200,2026-09-28T01:56:21+00:00,6b235d028c6fd1630af6d7607cbe8ba058abb4c903ca78cc69263cceb8982912
economic_sentiment,economic_cycle,GR,M,2021-07-01,2021-07-31,111.3,"index, long-term average = 100",,,,"",eurostat,ei_bssi_m_r2,EL,2021-07,2026-08-28T11:00:00+0200,2026-09-28T01:56:21+00:00,6b235d028c6fd1630af6d7607cbe8ba058abb4c903ca78cc69263cceb8982912
economic_sentiment,economic_cycle,GR,M,2021-08-01,2021-08-31,113.6,"index, long-term average = 100",,,,"",eurostat,ei_bssi_m_r2,EL,2021-08,2026-08-28T11:00:00+0200,2026-09-28T01:56:21+00:00,6b235d028c6fd1630af6d7607cbe8ba058abb4c903ca78cc69263cceb8982912
economic_sentiment,economic_cycle,GR,M,2021-09-01,2021-09-30,109.3,"index, long-term average = 100",,,,"",eurostat,ei_bssi_m_r2,EL,2021-09,2026-08-28T11:00:00+0200,2026-09-28T01:56:21+00:00,6b235d028c6fd1630af6d7607cbe8ba058abb4c903ca78cc69263cceb8982912
economic_sentiment,economic_cycle,GR,M,2021-10-01,2021-10-31,112.7,"index, long-term average = 100",,,,"",eurostat,ei_bssi_m_r2,EL,2021-10,2026-08-28T11:00:00+0200,2026-09-28T01:56:21+00:00,6b235d028c6fd1630af6d7607cbe8ba058abb4c903ca78cc69263cceb8982912
economic_sentiment,economic_cycle,GR,M,2021-11-01,2021-11-30,112.4,"index, long-term average = 100",,,,"",eurostat,ei_bssi_m_r2,EL,2021-11,2026-08-28T11:00:00+0200,2026-09-28T01:56:21+00:00,6b235d028c6fd1630af6d7607cbe8ba058abb4c903ca78cc69263cceb8982912
economic_sentiment,economic_cycle,GR,M,2021-12-01,2021-12-31,109.8,"index, long-term average = 100",,,,"",eurostat,ei_bssi_m_r2,EL,2021-12,2026-08-28T11:00:00+0200,2026-09-28T01:56:21+00:00,6b235d028c6fd1630af6d7607cbe8ba058abb4c903ca78cc69263cceb8982912
economic_sentiment,economic_cycle,GR,M,2022-01-01,2022-01-31,113.1,"index, long-term average = 100",,,,"",eurostat,ei_bssi_m_r2,EL,2022-01,2026-08-28T11:00:00+0200,2026-09-28T01:56:21+00:00,6b235d028c6fd1630af6d7607cbe8ba058abb4c903ca78cc69263cceb8982912
economic_sentiment,economic_cycle,GR,M,2022-02-01,2022-02-28,113.5,"index, long-term average = 100",,,,"",eurostat,ei_bssi_m_r2,EL,2022-02,2026-08-28T11:00:00+0200,2026-09-28T01:56:21+00:00,6b235d028c6fd1630af6d7607cbe8ba058abb4c903ca78cc69263cceb8982912
economic_sentiment,economic_cycle,GR,M,2022-03-01,2022-03-31,111.3,"index, long-term average = 100",,,,"",eurostat,ei_bssi_m_r2,EL,2022-03,2026-08-28T11:00:00+0200,2026-09-28T01:56:21+00:00,6b235d028c6fd1630af6d7607cbe8ba058abb4c903ca78cc69263cceb8982912
economic_sentiment,economic_cycle,GR,M,2022-04-01,2022-04-30,103.0,"index, long-term average = 100",,,,"",eurostat,ei_bssi_m_r2,EL,2022-04,2026-08-28T11:00:00+0200,2026-09-28T01:56:21+00:00,6b235d028c6fd1630af6d7607cbe8ba058abb4c903ca78cc69263cceb8982912
economic_sentiment,economic_cycle,GR,M,2022-05-01,2022-05-31,106.8,"index, long-term average = 100",,,,"",eurostat,ei_bssi_m_r2,EL,2022-05,2026-08-28T11:00:00+0200,2026-09-28T01:56:21+00:00,6b235d028c6fd1630af6d7607cbe8ba058abb4c903ca78cc69263cceb8982912
economic_sentiment,economic_cycle,GR,M,2022-06-01,2022-06-30,103.0,"index, long-term average = 100",,,,"",eurostat,ei_bssi_m_r2,EL,2022-06,2026-08-28T11:00:00+0200,2026-09-28T01:56:21+00:00,6b235d028c6fd1630af6d7607cbe8ba058abb4c903ca78cc69263cceb8982912
economic_sentiment,economic_cycle,GR,M,2022-07-01,2022-07-31,99.4,"index, long-term average = 100",,,,"",eurostat,ei_bssi_m_r2,EL,2022-07,2026-08-28T11:00:00+0200,2026-09-28T01:56:21+00:00,6b235d028c6fd1630af6d7607cbe8ba058abb4c903ca78cc69263cceb8982912
economic_sentiment,economic_cycle,GR,M,2022-08-01,2022-08-31,99.8,"index, long-term average = 100",,,,"",eurostat,ei_bssi_m_r2,EL,2022-08,2026-08-28T11:00:00+0200,2026-09-28T01:56:21+00:00,6b235d028c6fd1630af6d7607cbe8ba058abb4c903ca78cc69263cceb8982912
economic_sentiment,economic_cycle,GR,M,2022-09-01,2022-09-30,104.4,"index, long-term average = 100",,,,"",eurostat,ei_bssi_m_r2,EL,2022-09,2026-08-28T11:00:00+0200,2026-09-28T01:56:21+00:00,6b235d028c6fd1630af6d7607cbe8ba058abb4c903ca78cc69263cceb8982912
economic_sentiment,economic_cycle,GR,M,2022-10-01,2022-10-31,97.8,"index, long-term average = 100",,,,"",eurostat,ei_bssi_m_r2,EL,2022-10,2026-08-28T11:00:00+0200,2026-09-28T01:56:21+00:00,6b235d028c6fd1630af6d7607cbe8ba058abb4c903ca78cc69263cceb8982912
economic_sentiment,economic_cycle,GR,M,2022-11-01,2022-11-30,100.4,"index, long-term average = 100",,,,"",eurostat,ei_bssi_m_r2,EL,2022-11,2026-08-28T11:00:00+0200,2026-09-28T01:56:21+00:00,6b235d028c6fd1630af6d7607cbe8ba058abb4c903ca78cc69263cceb8982912
economic_sentiment,economic_cycle,GR,M,2022-12-01,2022-12-31,103.3,"index, long-term average = 100",,,,"",eurostat,ei_bssi_m_r2,EL,2022-12,2026-08-28T11:00:00+0200,2026-09-28T01:56:21+00:00,6b235d028c6fd1630af6d7607cbe8ba058abb4c903ca78cc69263cceb8982912
economic_sentiment,economic_cycle,GR,M,2023-01-01,2023-01-31,105.7,"index, long-term average = 100",,,,"",eurostat,ei_bssi_m_r2,EL,2023-01,2026-08-28T11:00:00+0200,2026-09-28T01:56:21+00:00,6b235d028c6fd1630af6d7607cbe8ba058abb4c903ca78cc69263cceb8982912
economic_sentiment,economic_cycle,GR,M,2023-02-01,2023-02-28,107.0,"index, long-term average = 100",,,,"",eurostat,ei_bssi_m_r2,EL,2023-02,2026-08-28T11:00:00+0200,2026-09-28T01:56:21+00:00,6b235d028c6fd1630af6d7607cbe8ba058abb4c903ca78cc69263cceb8982912
economic_sentiment,economic_cycle,GR,M,2023-03-01,2023-03-31,106.1,"index, long-term average = 100",,,,"",eurostat,ei_bssi_m_r2,EL,2023-03,2026-08-28T11:00:00+0200,2026-09-28T01:56:21+00:00,6b235d028c6fd1630af6d7607cbe8ba058abb4c903ca78cc69263cceb8982912
economic_sentiment,economic_cycle,GR,M,2023-04-01,2023-04-30,108.0,"index, long-term average = 100",,,,"",eurostat,ei_bssi_m_r2,EL,2023-04,2026-08-28T11:00:00+0200,2026-09-28T01:56:21+00:00,6b235d028c6fd1630af6d7607cbe8ba058abb4c903ca78cc69263cceb8982912
economic_sentiment,economic_cycle,GR,M,2023-05-01,2023-05-31,107.1,"index, long-term average = 100",,,,"",eurostat,ei_bssi_m_r2,EL,2023-05,2026-08-28T11:00:00+0200,2026-09-28T01:56:21+00:00,6b235d028c6fd1630af6d7607cbe8ba058abb4c903ca78cc69263cceb8982912
economic_sentiment,economic_cycle,GR,M,2023-06-01,2023-06-30,109.0,"index, long-term average = 100",,,,"",eurostat,ei_bssi_m_r2,EL,2023-06,2026-08-28T11:00:00+0200,2026-09-28T01:56:21+00:00,6b235d028c6fd1630af6d7607cbe8ba058abb4c903ca78cc69263cceb8982912
economic_sentiment,economic_cycle,GR,M,2023-07-01,2023-07-31,110.1,"index, long-term average = 100",,,,"",eurostat,ei_bssi_m_r2,EL,2023-07,2026-08-28T11:00:00+0200,2026-09-28T01:56:21+00:00,6b235d028c6fd1630af6d7607cbe8ba058abb4c903ca78cc69263cceb8982912
economic_sentiment,economic_cycle,GR,M,2023-08-01,2023-08-31,110.7,"index, long-term average = 100",,,,"",eurostat,ei_bssi_m_r2,EL,2023-08,2026-08-28T11:00:00+0200,2026-09-28T01:56:21+00:00,6b235d028c6fd1630af6d7607cbe8ba058abb4c903ca78cc69263cceb8982912
economic_sentiment,economic_cycle,GR,M,2023-09-01,2023-09-30,106.0,"index, long-term average = 100",,,,"",eurostat,ei_bssi_m_r2,EL,2023-09,2026-08-28T11:00:00+0200,2026-09-28T01:56:21+00:00,6b235d028c6fd1630af6d7607cbe8ba058abb4c903ca78cc69263cceb8982912
economic_sentiment,economic_cycle,GR,M,2023-10-01,2023-10-31,104.7,"index, long-term average = 100",,,,"",eurostat,ei_bssi_m_r2,EL,2023-10,2026-08-28T11:00:00+0200,2026-09-28T01:56:21+00:00,6b235d028c6fd1630af6d7607cbe8ba058abb4c903ca78cc69263cceb8982912
economic_sentiment,economic_cycle,GR,M,2023-11-01,2023-11-30,104.5,"index, long-term average = 100",,,,"",eurostat,ei_bssi_m_r2,EL,2023-11,2026-08-28T11:00:00+0200,2026-09-28T01:56:21+00:00,6b235d028c6fd1630af6d7607cbe8ba058abb4c903ca78cc69263cceb8982912
economic_sentiment,economic_cycle,GR,M,2023-12-01,2023-12-31,105.0,"index, long-term average = 100",,,,"",eurostat,ei_bssi_m_r2,EL,2023-12,2026-08-28T11:00:00+0200,2026-09-28T01:56:21+00:00,6b235d028c6fd1630af6d7607cbe8ba058abb4c903ca78cc69263cceb8982912
economic_sentiment,economic_cycle,GR,M,2024-01-01,2024-01-31,106.6,"index, long-term average = 100",,,,"",eurostat,ei_bssi_m_r2,EL,2024-01,2026-08-28T11:00:00+0200,2026-09-28T01:56:21+00:00,6b235d028c6fd1630af6d7607cbe8ba058abb4c903ca78cc69263cceb8982912
economic_sentiment,economic_cycle,GR,M,2024-02-01,2024-02-29,104.3,"index, long-term average = 100",,,,"",eurostat,ei_bssi_m_r2,EL,2024-02,2026-08-28T11:00:00+0200,2026-09-28T01:56:21+00:00,6b235d028c6fd1630af6d7607cbe8ba058abb4c903ca78cc69263cceb8982912
economic_sentiment,economic_cycle,GR,M,2024-03-01,2024-03-31,108.1,"index, long-term average = 100",,,,"",eurostat,ei_bssi_m_r2,EL,2024-03,2026-08-28T11:00:00+0200,2026-09-28T01:56:21+00:00,6b235d028c6fd1630af6d7607cbe8ba058abb4c903ca78cc69263cceb8982912
economic_sentiment,economic_cycle,GR,M,2024-04-01,2024-04-30,108.1,"index, long-term average = 100",,,,"",eurostat,ei_bssi_m_r2,EL,2024-04,2026-08-28T11:00:00+0200,2026-09-28T01:56:21+00:00,6b235d028c6fd1630af6d7607cbe8ba058abb4c903ca78cc69263cceb8982912
economic_sentiment,economic_cycle,GR,M,2024-05-01,2024-05-31,110.0,"index, long-term average = 100",,,,"",eurostat,ei_bssi_m_r2,EL,2024-05,2026-08-28T11:00:00+0200,2026-09-28T01:56:21+00:00,6b235d028c6fd1630af6d7607cbe8ba058abb4c903ca78cc69263cceb8982912
economic_sentiment,economic_cycle,GR,M,2024-06-01,2024-06-30,109.5,"index, long-term average = 100",,,,"",eurostat,ei_bssi_m_r2,EL,2024-06,2026-08-28T11:00:00+0200,2026-09-28T01:56:21+00:00,6b235d028c6fd1630af6d7607cbe8ba058abb4c903ca78cc69263cceb8982912
economic_sentiment,economic_cycle,GR,M,2024-07-01,2024-07-31,105.9,"index, long-term average = 100",,,,"",eurostat,ei_bssi_m_r2,EL,2024-07,2026-08-28T11:00:00+0200,2026-09-28T01:56:21+00:00,6b235d028c6fd1630af6d7607cbe8ba058abb4c903ca78cc69263cceb8982912
economic_sentiment,economic_cycle,GR,M,2024-08-01,2024-08-31,105.6,"index, long-term average = 100",,,,"",eurostat,ei_bssi_m_r2,EL,2024-08,2026-08-28T11:00:00+0200,2026-09-28T01:56:21+00:00,6b235d028c6fd1630af6d7607cbe8ba058abb4c903ca78cc69263cceb8982912
economic_sentiment,economic_cycle,GR,M,2024-09-01,2024-09-30,110.1,"index, long-term average = 100",,,,"",eurostat,ei_bssi_m_r2,EL,2024-09,2026-08-28T11:00:00+0200,2026-09-28T01:56:21+00:00,6b235d028c6fd1630af6d7607cbe8ba058abb4c903ca78cc69263cceb8982912
economic_sentiment,economic_cycle,GR,M,2024-10-01,2024-10-31,107.3,"index, long-term average = 100",,,,"",eurostat,ei_bssi_m_r2,EL,2024-10,2026-08-28T11:00:00+0200,2026-09-28T01:56:21+00:00,6b235d028c6fd1630af6d7607cbe8ba058abb4c903ca78cc69263cceb8982912
economic_sentiment,economic_cycle,GR,M,2024-11-01,2024-11-30,106.4,"index, long-term average = 100",,,,"",eurostat,ei_bssi_m_r2,EL,2024-11,2026-08-28T11:00:00+0200,2026-09-28T01:56:21+00:00,6b235d028c6fd1630af6d7607cbe8ba058abb4c903ca78cc69263cceb8982912
economic_sentiment,economic_cycle,GR,M,2024-12-01,2024-12-31,106.0,"index, long-term average = 100",,,,"",eurostat,ei_bssi_m_r2,EL,2024-12,2026-08-28T11:00:00+0200,2026-09-28T01:56:21+00:00,6b235d028c6fd1630af6d7607cbe8ba058abb4c903ca78cc69263cceb8982912
economic_sentiment,economic_cycle,GR,M,2025-01-01,2025-01-31,107.9,"index, long-term average = 100",,,,"",eurostat,ei_bssi_m_r2,EL,2025-01,2026-08-28T11:00:00+0200,2026-09-28T01:56:21+00:00,6b235d028c6fd1630af6d7607cbe8ba058abb4c903ca78cc69263cceb8982912
economic_sentiment,economic_cycle,GR,M,2025-02-01,2025-02-28,106.1,"index, long-term average = 100",,,,"",eurostat,ei_bssi_m_r2,EL,2025-02,2026-08-28T11:00:00+0200,2026-09-28T01:56:21+00:00,6b235d028c6fd1630af6d7607cbe8ba058abb4c903ca78cc69263cceb8982912
economic_sentiment,economic_cycle,GR,M,2025-03-01,2025-03-31,107.4,"index, long-term average = 100",,,,"",eurostat,ei_bssi_m_r2,EL,2025-03,2026-08-28T11:00:00+0200,2026-09-28T01:56:21+00:00,6b235d028c6fd1630af6d7607cbe8ba058abb4c903ca78cc69263cceb8982912
economic_sentiment,economic_cycle,GR,M,2025-04-01,2025-04-30,107.1,"index, long-term average = 100",,,,"",eurostat,ei_bssi_m_r2,EL,2025-04,2026-08-28T11:00:00+0200,2026-09-28T01:56:21+00:00,6b235d028c6fd1630af6d7607cbe8ba058abb4c903ca78cc69263cceb8982912
economic_sentiment,economic_cycle,GR,M,2025-05-01,2025-05-31,106.7,"index, long-term average = 100",,,,"",eurostat,ei_bssi_m_r2,EL,2025-05,2026-08-28T11:00:00+0200,2026-09-28T01:56:21+00:00,6b235d028c6fd1630af6d7607cbe8ba058abb4c903ca78cc69263cceb8982912
economic_sentiment,economic_cycle,GR,M,2025-06-01,2025-06-30,105.5,"index, long-term average = 100",,,,"",eurostat,ei_bssi_m_r2,EL,2025-06,2026-08-28T11:00:00+0200,2026-09-28T01:56:21+00:00,6b235d028c6fd1630af6d7607cbe8ba058abb4c903ca78cc69263cceb8982912
economic_sentiment,economic_cycle,GR,M,2025-07-01,2025-07-31,108.5,"index, long-term average = 100",,,,"",eurostat,ei_bssi_m_r2,EL,2025-07,2026-08-28T11:00:00+0200,2026-09-28T01:56:21+00:00,6b235d028c6fd1630af6d7607cbe8ba058abb4c903ca78cc69263cceb8982912
economic_sentiment,economic_cycle,GR,M,2025-08-01,2025-08-31,109.7,"index, long-term average = 100",,,,"",eurostat,ei_bssi_m_r2,EL,2025-08,2026-08-28T11:00:00+0200,2026-09-28T01:56:21+00:00,6b235d028c6fd1630af6d7607cbe8ba058abb4c903ca78cc69263cceb8982912
economic_sentiment,economic_cycle,GR,M,2025-09-01,2025-09-30,105.9,"index, long-term average = 100",,,,"",eurostat,ei_bssi_m_r2,EL,2025-09,2026-08-28T11:00:00+0200,2026-09-28T01:56:21+00:00,6b235d028c6fd1630af6d7607cbe8ba058abb4c903ca78cc69263cceb8982912
economic_sentiment,economic_cycle,GR,M,2025-10-01,2025-10-31,107.1,"index, long-term average = 100",,,,"",eurostat,ei_bssi_m_r2,EL,2025-10,2026-08-28T11:00:00+0200,2026-09-28T01:56:21+00:00,6b235d028c6fd1630af6d7607cbe8ba058abb4c903ca78cc69263cceb8982912
economic_sentiment,economic_cycle,GR,M,2025-11-01,2025-11-30,105.7,"index, long-term average = 100",,,,"",eurostat,ei_bssi_m_r2,EL,2025-11,2026-08-28T11:00:00+0200,2026-09-28T01:56:21+00:00,6b235d028c6fd1630af6d7607cbe8ba058abb4c903ca78cc69263cceb8982912
economic_sentiment,economic_cycle,GR,M,2025-12-01,2025-12-31,106.8,"index, long-term average = 100",,,,"",eurostat,ei_bssi_m_r2,EL,2025-12,2026-08-28T11:00:00+0200,2026-09-28T01:56:21+00:00,6b235d028c6fd1630af6d7607cbe8ba058abb4c903ca78cc69263cceb8982912
economic_sentiment,economic_cycle,GR,M,2026-01-01,2026-01-31,105.3,"index, long-term average = 100",,,,"",eurostat,ei_bssi_m_r2,EL,2026-01,2026-08-28T11:00:00+0200,2026-09-28T01:56:21+00:00,6b235d028c6fd1630af6d7607cbe8ba058abb4c903ca78cc69263cceb8982912
economic_sentiment,economic_cycle,GR,M,2026-02-01,2026-02-28,107.7,"index, long-term average = 100",,,,"",eurostat,ei_bssi_m_r2,EL,2026-02,2026-08-28T11:00:00+0200,2026-09-28T01:56:21+00:00,6b235d028c6fd1630af6d7607cbe8ba058abb4c903ca78cc69263cceb8982912
economic_sentiment,economic_cycle,GR,M,2026-03-01,2026-03-31,107.0,"index, long-term average = 100",,,,"",eurostat,ei_bssi_m_r2,EL,2026-03,2026-08-28T11:00:00+0200,2026-09-28T01:56:21+00:00,6b235d028c6fd1630af6d7607cbe8ba058abb4c903ca78cc69263cceb8982912
economic_sentiment,economic_cycle,GR,M,2026-04-01,2026-04-30,105.9,"index, long-term average = 100",,,,"",eurostat,ei_bssi_m_r2,EL,2026-04,2026-08-28T11:00:00+0200,2026-09-28T01:56:21+00:00,6b235d028c6fd1630af6d7607cbe8ba058abb4c903ca78cc69263cceb8982912
economic_sentiment,economic_cycle,GR,M,2026-05-01,2026-05-31,107.5,"index, long-term average = 100",,,,"",eurostat,ei_bssi_m_r2,EL,2026-05,2026-08-28T11:00:00+0200,2026-09-28T01:56:21+00:00,6b235d028c6fd1630af6d7607cbe8ba058abb4c903ca78cc69263cceb8982912
economic_sentiment,economic_cycle,GR,M,2026-06-01,2026-06-30,108.1,"index, long-term average = 100",,,,"",eurostat,ei_bssi_m_r2,EL,2026-06,2026-08-28T11:00:00+0200,2026-09-28T01:56:21+00:00,6b235d028c6fd1630af6d7607cbe8ba058abb4c903ca78cc69263cceb8982912
economic_sentiment,economic_cycle,GR,M,2026-07-01,2026-07-31,107.5,"index, long-term average = 100",,,,"",eurostat,ei_bssi_m_r2,EL,2026-07,2026-08-28T11:00:00+0200,2026-09-28T01:56:21+00:00,6b235d028c6fd1630af6d7607cbe8ba058abb4c903ca78cc69263cceb8982912
economic_sentiment,economic_cycle,GR,M,2026-08-01,2026-08-31,106.9,"index, long-term average = 100",,,,"",eurostat,ei_bssi_m_r2,EL,2026-08,2026-08-28T11:00:00+0200,2026-09-28T01:56:21+00:00,6b235d028c6fd1630af6d7607cbe8ba058abb4c903ca78cc69263cceb8982912
economic_sentiment,economic_cycle,IE,M,2019-01-01,2019-01-31,105.7,"index, long-term average = 100",,,,"",eurostat,ei_bssi_m_r2,IE,2019-01,2026-08-28T11:00:00+0200,2026-09-28T01:56:21+00:00,6b235d028c6fd1630af6d7607cbe8ba058abb4c903ca78cc69263cceb8982912
economic_sentiment,economic_cycle,IE,M,2019-02-01,2019-02-28,106.7,"index, long-term average = 100",,,,"",eurostat,ei_bssi_m_r2,IE,2019-02,2026-08-28T11:00:00+0200,2026-09-28T01:56:21+00:00,6b235d028c6fd1630af6d7607cbe8ba058abb4c903ca78cc69263cceb8982912
economic_sentiment,economic_cycle,IE,M,2019-03-01,2019-03-31,105.0,"index, long-term average = 100",,,,"",eurostat,ei_bssi_m_r2,IE,2019-03,2026-08-28T11:00:00+0200,2026-09-28T01:56:21+00:00,6b235d028c6fd1630af6d7607cbe8ba058abb4c903ca78cc69263cceb8982912
economic_sentiment,economic_cycle,IE,M,2019-04-01,2019-04-30,107.1,"index, long-term average = 100",,,,"",eurostat,ei_bssi_m_r2,IE,2019-04,2026-08-28T11:00:00+0200,2026-09-28T01:56:21+00:00,6b235d028c6fd1630af6d7607cbe8ba058abb4c903ca78cc69263cceb8982912
economic_sentiment,economic_cycle,IE,M,2019-05-01,2019-05-31,109.0,"index, long-term average = 100",,,,"",eurostat,ei_bssi_m_r2,IE,2019-05,2026-08-28T11:00:00+0200,2026-09-28T01:56:21+00:00,6b235d028c6fd1630af6d7607cbe8ba058abb4c903ca78cc69263cceb8982912
economic_sentiment,economic_cycle,IE,M,2019-06-01,2019-06-30,106.3,"index, long-term average = 100",,,,"",eurostat,ei_bssi_m_r2,IE,2019-06,2026-08-28T11:00:00+0200,2026-09-28T01:56:21+00:00,6b235d028c6fd1630af6d7607cbe8ba058abb4c903ca78cc69263cceb8982912
economic_sentiment,economic_cycle,IE,M,2019-07-01,2019-07-31,102.6,"index, long-term average = 100",,,,"",eurostat,ei_bssi_m_r2,IE,2019-07,2026-08-28T11:00:00+0200,2026-09-28T01:56:21+00:00,6b235d028c6fd1630af6d7607cbe8ba058abb4c903ca78cc69263cceb8982912
economic_sentiment,economic_cycle,IE,M,2019-08-01,2019-08-31,98.8,"index, long-term average = 100",,,,"",eurostat,ei_bssi_m_r2,IE,2019-08,2026-08-28T11:00:00+0200,2026-09-28T01:56:21+00:00,6b235d028c6fd1630af6d7607cbe8ba058abb4c903ca78cc69263cceb8982912
economic_sentiment,economic_cycle,IE,M,2019-09-01,2019-09-30,96.9,"index, long-term average = 100",,,,"",eurostat,ei_bssi_m_r2,IE,2019-09,2026-08-28T11:00:00+0200,2026-09-28T01:56:21+00:00,6b235d028c6fd1630af6d7607cbe8ba058abb4c903ca78cc69263cceb8982912
economic_sentiment,economic_cycle,IE,M,2019-10-01,2019-10-31,95.6,"index, long-term average = 100",,,,"",eurostat,ei_bssi_m_r2,IE,2019-10,2026-08-28T11:00:00+0200,2026-09-28T01:56:21+00:00,6b235d028c6fd1630af6d7607cbe8ba058abb4c903ca78cc69263cceb8982912
economic_sentiment,economic_cycle,IE,M,2019-11-01,2019-11-30,101.7,"index, long-term average = 100",,,,"",eurostat,ei_bssi_m_r2,IE,2019-11,2026-08-28T11:00:00+0200,2026-09-28T01:56:21+00:00,6b235d028c6fd1630af6d7607cbe8ba058abb4c903ca78cc69263cceb8982912
economic_sentiment,economic_cycle,IE,M,2019-12-01,2019-12-31,99.7,"index, long-term average = 100",,,,"",eurostat,ei_bssi_m_r2,IE,2019-12,2026-08-28T11:00:00+0200,2026-09-28T01:56:21+00:00,6b235d028c6fd1630af6d7607cbe8ba058abb4c903ca78cc69263cceb8982912
economic_sentiment,economic_cycle,IE,M,2020-01-01,2020-01-31,103.4,"index, long-term average = 100",,,,"",eurostat,ei_bssi_m_r2,IE,2020-01,2026-08-28T11:00:00+0200,2026-09-28T01:56:21+00:00,6b235d028c6fd1630af6d7607cbe8ba058abb4c903ca78cc69263cceb8982912
economic_sentiment,economic_cycle,IE,M,2020-02-01,2020-02-29,102.7,"index, long-term average = 100",,,,"",eurostat,ei_bssi_m_r2,IE,2020-02,2026-08-28T11:00:00+0200,2026-09-28T01:56:21+00:00,6b235d028c6fd1630af6d7607cbe8ba058abb4c903ca78cc69263cceb8982912
economic_sentiment,economic_cycle,IE,M,2020-03-01,2020-03-31,93.6,"index, long-term average = 100",,,,"",eurostat,ei_bssi_m_r2,IE,2020-03,2026-08-28T11:00:00+0200,2026-09-28T01:56:21+00:00,6b235d028c6fd1630af6d7607cbe8ba058abb4c903ca78cc69263cceb8982912
economic_sentiment,economic_cycle,IE,M,2020-04-01,2020-04-30,58.8,"index, long-term average = 100",,,,"",eurostat,ei_bssi_m_r2,IE,2020-04,2026-08-28T11:00:00+0200,2026-09-28T01:56:21+00:00,6b235d028c6fd1630af6d7607cbe8ba058abb4c903ca78cc69263cceb8982912
economic_sentiment,economic_cycle,IE,M,2020-05-01,2020-05-31,68.4,"index, long-term average = 100",,,,"",eurostat,ei_bssi_m_r2,IE,2020-05,2026-08-28T11:00:00+0200,2026-09-28T01:56:21+00:00,6b235d028c6fd1630af6d7607cbe8ba058abb4c903ca78cc69263cceb8982912
economic_sentiment,economic_cycle,IE,M,2020-06-01,2020-06-30,77.8,"index, long-term average = 100",,,,"",eurostat,ei_bssi_m_r2,IE,2020-06,2026-08-28T11:00:00+0200,2026-09-28T01:56:21+00:00,6b235d028c6fd1630af6d7607cbe8ba058abb4c903ca78cc69263cceb8982912
economic_sentiment,economic_cycle,IE,M,2020-07-01,2020-07-31,82.5,"index, long-term average = 100",,,,"",eurostat,ei_bssi_m_r2,IE,2020-07,2026-08-28T11:00:00+0200,2026-09-28T01:56:21+00:00,6b235d028c6fd1630af6d7607cbe8ba058abb4c903ca78cc69263cceb8982912
economic_sentiment,economic_cycle,IE,M,2020-08-01,2020-08-31,87.3,"index, long-term average = 100",,,,"",eurostat,ei_bssi_m_r2,IE,2020-08,2026-08-28T11:00:00+0200,2026-09-28T01:56:21+00:00,6b235d028c6fd1630af6d7607cbe8ba058abb4c903ca78cc69263cceb8982912
economic_sentiment,economic_cycle,IE,M,2020-09-01,2020-09-30,92.4,"index, long-term average = 100",,,,"",eurostat,ei_bssi_m_r2,IE,2020-09,2026-08-28T11:00:00+0200,2026-09-28T01:56:21+00:00,6b235d028c6fd1630af6d7607cbe8ba058abb4c903ca78cc69263cceb8982912
economic_sentiment,economic_cycle,IE,M,2020-10-01,2020-10-31,87.7,"index, long-term average = 100",,,,"",eurostat,ei_bssi_m_r2,IE,2020-10,2026-08-28T11:00:00+0200,2026-09-28T01:56:21+00:00,6b235d028c6fd1630af6d7607cbe8ba058abb4c903ca78cc69263cceb8982912
economic_sentiment,economic_cycle,IE,M,2020-11-01,2020-11-30,94.9,"index, long-term average = 100",,,,"",eurostat,ei_bssi_m_r2,IE,2020-11,2026-08-28T11:00:00+0200,2026-09-28T01:56:21+00:00,6b235d028c6fd1630af6d7607cbe8ba058abb4c903ca78cc69263cceb8982912
economic_sentiment,economic_cycle,IE,M,2020-12-01,2020-12-31,97.4,"index, long-term average = 100",,,,"",eurostat,ei_bssi_m_r2,IE,2020-12,2026-08-28T11:00:00+0200,2026-09-28T01:56:21+00:00,6b235d028c6fd1630af6d7607cbe8ba058abb4c903ca78cc69263cceb8982912
economic_sentiment,economic_cycle,IE,M,2021-01-01,2021-01-31,88.9,"index, long-term average = 100",,,,"",eurostat,ei_bssi_m_r2,IE,2021-01,2026-08-28T11:00:00+0200,2026-09-28T01:56:21+00:00,6b235d028c6fd1630af6d7607cbe8ba058abb4c903ca78cc69263cceb8982912
economic_sentiment,economic_cycle,IE,M,2021-02-01,2021-02-28,91.7,"index, long-term average = 100",,,,"",eurostat,ei_bssi_m_r2,IE,2021-02,2026-08-28T11:00:00+0200,2026-09-28T01:56:21+00:00,6b235d028c6fd1630af6d7607cbe8ba058abb4c903ca78cc69263cceb8982912
economic_sentiment,economic_cycle,IE,M,2021-03-01,2021-03-31,97.5,"index, long-term average = 100",,,,"",eurostat,ei_bssi_m_r2,IE,2021-03,2026-08-28T11:00:00+0200,2026-09-28T01:56:21+00:00,6b235d028c6fd1630af6d7607cbe8ba058abb4c903ca78cc69263cceb8982912
economic_sentiment,economic_cycle,IE,M,2021-04-01,2021-04-30,106.5,"index, long-term average = 100",,,,"",eurostat,ei_bssi_m_r2,IE,2021-04,2026-08-28T11:00:00+0200,2026-09-28T01:56:21+00:00,6b235d028c6fd1630af6d7607cbe8ba058abb4c903ca78cc69263cceb8982912
economic_sentiment,economic_cycle,IE,M,2021-05-01,2021-05-31,110.9,"index, long-term average = 100",,,,"",eurostat,ei_bssi_m_r2,IE,2021-05,2026-08-28T11:00:00+0200,2026-09-28T01:56:21+00:00,6b235d028c6fd1630af6d7607cbe8ba058abb4c903ca78cc69263cceb8982912
economic_sentiment,economic_cycle,IE,M,2021-06-01,2021-06-30,112.9,"index, long-term average = 100",,,,"",eurostat,ei_bssi_m_r2,IE,2021-06,2026-08-28T11:00:00+0200,2026-09-28T01:56:21+00:00,6b235d028c6fd1630af6d7607cbe8ba058abb4c903ca78cc69263cceb8982912
economic_sentiment,economic_cycle,IE,M,2021-07-01,2021-07-31,115.2,"index, long-term average = 100",,,,"",eurostat,ei_bssi_m_r2,IE,2021-07,2026-08-28T11:00:00+0200,2026-09-28T01:56:21+00:00,6b235d028c6fd1630af6d7607cbe8ba058abb4c903ca78cc69263cceb8982912
economic_sentiment,economic_cycle,IE,M,2021-08-01,2021-08-31,113.7,"index, long-term average = 100",,,,"",eurostat,ei_bssi_m_r2,IE,2021-08,2026-08-28T11:00:00+0200,2026-09-28T01:56:21+00:00,6b235d028c6fd1630af6d7607cbe8ba058abb4c903ca78cc69263cceb8982912
economic_sentiment,economic_cycle,IE,M,2021-09-01,2021-09-30,114.7,"index, long-term average = 100",,,,"",eurostat,ei_bssi_m_r2,IE,2021-09,2026-08-28T11:00:00+0200,2026-09-28T01:56:21+00:00,6b235d028c6fd1630af6d7607cbe8ba058abb4c903ca78cc69263cceb8982912
economic_sentiment,economic_cycle,IE,M,2021-10-01,2021-10-31,115.8,"index, long-term average = 100",,,,"",eurostat,ei_bssi_m_r2,IE,2021-10,2026-08-28T11:00:00+0200,2026-09-28T01:56:21+00:00,6b235d028c6fd1630af6d7607cbe8ba058abb4c903ca78cc69263cceb8982912
economic_sentiment,economic_cycle,IE,M,2021-11-01,2021-11-30,108.2,"index, long-term average = 100",,,,"",eurostat,ei_bssi_m_r2,IE,2021-11,2026-08-28T11:00:00+0200,2026-09-28T01:56:21+00:00,6b235d028c6fd1630af6d7607cbe8ba058abb4c903ca78cc69263cceb8982912
economic_sentiment,economic_cycle,IE,M,2021-12-01,2021-12-31,104.0,"index, long-term average = 100",,,,"",eurostat,ei_bssi_m_r2,IE,2021-12,2026-08-28T11:00:00+0200,2026-09-28T01:56:21+00:00,6b235d028c6fd1630af6d7607cbe8ba058abb4c903ca78cc69263cceb8982912
economic_sentiment,economic_cycle,IE,M,2022-01-01,2022-01-31,105.4,"index, long-term average = 100",,,,"",eurostat,ei_bssi_m_r2,IE,2022-01,2026-08-28T11:00:00+0200,2026-09-28T01:56:21+00:00,6b235d028c6fd1630af6d7607cbe8ba058abb4c903ca78cc69263cceb8982912
economic_sentiment,economic_cycle,IE,M,2022-02-01,2022-02-28,106.8,"index, long-term average = 100",,,,"",eurostat,ei_bssi_m_r2,IE,2022-02,2026-08-28T11:00:00+0200,2026-09-28T01:56:21+00:00,6b235d028c6fd1630af6d7607cbe8ba058abb4c903ca78cc69263cceb8982912
economic_sentiment,economic_cycle,IE,M,2022-03-01,2022-03-31,104.6,"index, long-term average = 100",,,,"",eurostat,ei_bssi_m_r2,IE,2022-03,2026-08-28T11:00:00+0200,2026-09-28T01:56:21+00:00,6b235d028c6fd1630af6d7607cbe8ba058abb4c903ca78cc69263cceb8982912
economic_sentiment,economic_cycle,IE,M,2022-04-01,2022-04-30,101.4,"index, long-term average = 100",,,,"",eurostat,ei_bssi_m_r2,IE,2022-04,2026-08-28T11:00:00+0200,2026-09-28T01:56:21+00:00,6b235d028c6fd1630af6d7607cbe8ba058abb4c903ca78cc69263cceb8982912
economic_sentiment,economic_cycle,IE,M,2022-05-01,2022-05-31,97.8,"index, long-term average = 100",,,,"",eurostat,ei_bssi_m_r2,IE,2022-05,2026-08-28T11:00:00+0200,2026-09-28T01:56:21+00:00,6b235d028c6fd1630af6d7607cbe8ba058abb4c903ca78cc69263cceb8982912
economic_sentiment,economic_cycle,IE,M,2022-06-01,2022-06-30,102.7,"index, long-term average = 100",,,,"",eurostat,ei_bssi_m_r2,IE,2022-06,2026-08-28T11:00:00+0200,2026-09-28T01:56:21+00:00,6b235d028c6fd1630af6d7607cbe8ba058abb4c903ca78cc69263cceb8982912
economic_sentiment,economic_cycle,IE,M,2022-07-01,2022-07-31,92.2,"index, long-term average = 100",,,,"",eurostat,ei_bssi_m_r2,IE,2022-07,2026-08-28T11:00:00+0200,2026-09-28T01:56:21+00:00,6b235d028c6fd1630af6d7607cbe8ba058abb4c903ca78cc69263cceb8982912
economic_sentiment,economic_cycle,IE,M,2022-08-01,2022-08-31,95.9,"index, long-term average = 100",,,,"",eurostat,ei_bssi_m_r2,IE,2022-08,2026-08-28T11:00:00+0200,2026-09-28T01:56:21+00:00,6b235d028c6fd1630af6d7607cbe8ba058abb4c903ca78cc69263cceb8982912
economic_sentiment,economic_cycle,IE,M,2022-09-01,2022-09-30,95.7,"index, long-term average = 100",,,,"",eurostat,ei_bssi_m_r2,IE,2022-09,2026-08-28T11:00:00+0200,2026-09-28T01:56:21+00:00,6b235d028c6fd1630af6d7607cbe8ba058abb4c903ca78cc69263cceb8982912
economic_sentiment,economic_cycle,IE,M,2022-10-01,2022-10-31,90.8,"index, long-term average = 100",,,,"",eurostat,ei_bssi_m_r2,IE,2022-10,2026-08-28T11:00:00+0200,2026-09-28T01:56:21+00:00,6b235d028c6fd1630af6d7607cbe8ba058abb4c903ca78cc69263cceb8982912
economic_sentiment,economic_cycle,IE,M,2022-11-01,2022-11-30,91.6,"index, long-term average = 100",,,,"",eurostat,ei_bssi_m_r2,IE,2022-11,2026-08-28T11:00:00+0200,2026-09-28T01:56:21+00:00,6b235d028c6fd1630af6d7607cbe8ba058abb4c903ca78cc69263cceb8982912
economic_sentiment,economic_cycle,IE,M,2022-12-01,2022-12-31,96.6,"index, long-term average = 100",,,,"",eurostat,ei_bssi_m_r2,IE,2022-12,2026-08-28T11:00:00+0200,2026-09-28T01:56:21+00:00,6b235d028c6fd1630af6d7607cbe8ba058abb4c903ca78cc69263cceb8982912
economic_sentiment,economic_cycle,IE,M,2023-01-01,2023-01-31,103.8,"index, long-term average = 100",,,,"",eurostat,ei_bssi_m_r2,IE,2023-01,2026-08-28T11:00:00+0200,2026-09-28T01:56:21+00:00,6b235d028c6fd1630af6d7607cbe8ba058abb4c903ca78cc69263cceb8982912
economic_sentiment,economic_cycle,IE,M,2023-02-01,2023-02-28,98.2,"index, long-term average = 100",,,,"",eurostat,ei_bssi_m_r2,IE,2023-02,2026-08-28T11:00:00+0200,2026-09-28T01:56:21+00:00,6b235d028c6fd1630af6d7607cbe8ba058abb4c903ca78cc69263cceb8982912
economic_sentiment,economic_cycle,IE,M,2023-03-01,2023-03-31,99.6,"index, long-term average = 100",,,,"",eurostat,ei_bssi_m_r2,IE,2023-03,2026-08-28T11:00:00+0200,2026-09-28T01:56:21+00:00,6b235d028c6fd1630af6d7607cbe8ba058abb4c903ca78cc69263cceb8982912
economic_sentiment,economic_cycle,IE,M,2023-04-01,2023-04-30,98.4,"index, long-term average = 100",,,,"",eurostat,ei_bssi_m_r2,IE,2023-04,2026-08-28T11:00:00+0200,2026-09-28T01:56:21+00:00,6b235d028c6fd1630af6d7607cbe8ba058abb4c903ca78cc69263cceb8982912
economic_sentiment,economic_cycle,IE,M,2023-05-01,2023-05-31,100.6,"index, long-term average = 100",,,,"",eurostat,ei_bssi_m_r2,IE,2023-05,2026-08-28T11:00:00+0200,2026-09-28T01:56:21+00:00,6b235d028c6fd1630af6d7607cbe8ba058abb4c903ca78cc69263cceb8982912
economic_sentiment,economic_cycle,IE,M,2023-06-01,2023-06-30,100.9,"index, long-term average = 100",,,,"",eurostat,ei_bssi_m_r2,IE,2023-06,2026-08-28T11:00:00+0200,2026-09-28T01:56:21+00:00,6b235d028c6fd1630af6d7607cbe8ba058abb4c903ca78cc69263cceb8982912
economic_sentiment,economic_cycle,IE,M,2023-07-01,2023-07-31,100.6,"index, long-term average = 100",,,,"",eurostat,ei_bssi_m_r2,IE,2023-07,2026-08-28T11:00:00+0200,2026-09-28T01:56:21+00:00,6b235d028c6fd1630af6d7607cbe8ba058abb4c903ca78cc69263cceb8982912
economic_sentiment,economic_cycle,IE,M,2023-08-01,2023-08-31,100.9,"index, long-term average = 100",,,,"",eurostat,ei_bssi_m_r2,IE,2023-08,2026-08-28T11:00:00+0200,2026-09-28T01:56:21+00:00,6b235d028c6fd1630af6d7607cbe8ba058abb4c903ca78cc69263cceb8982912
economic_sentiment,economic_cycle,IE,M,2023-09-01,2023-09-30,100.0,"index, long-term average = 100",,,,"",eurostat,ei_bssi_m_r2,IE,2023-09,2026-08-28T11:00:00+0200,2026-09-28T01:56:21+00:00,6b235d028c6fd1630af6d7607cbe8ba058abb4c903ca78cc69263cceb8982912
economic_sentiment,economic_cycle,IE,M,2023-10-01,2023-10-31,98.2,"index, long-term average = 100",,,,"",eurostat,ei_bssi_m_r2,IE,2023-10,2026-08-28T11:00:00+0200,2026-09-28T01:56:21+00:00,6b235d028c6fd1630af6d7607cbe8ba058abb4c903ca78cc69263cceb8982912
economic_sentiment,economic_cycle,IE,M,2023-11-01,2023-11-30,98.2,"index, long-term average = 100",,,,"",eurostat,ei_bssi_m_r2,IE,2023-11,2026-08-28T11:00:00+0200,2026-09-28T01:56:21+00:00,6b235d028c6fd1630af6d7607cbe8ba058abb4c903ca78cc69263cceb8982912
economic_sentiment,economic_cycle,IE,M,2023-12-01,2023-12-31,100.2,"index, long-term average = 100",,,,"",eurostat,ei_bssi_m_r2,IE,2023-12,2026-08-28T11:00:00+0200,2026-09-28T01:56:21+00:00,6b235d028c6fd1630af6d7607cbe8ba058abb4c903ca78cc69263cceb8982912
economic_sentiment,economic_cycle,IE,M,2024-01-01,2024-01-31,99.3,"index, long-term average = 100",,,,"",eurostat,ei_bssi_m_r2,IE,2024-01,2026-08-28T11:00:00+0200,2026-09-28T01:56:21+00:00,6b235d028c6fd1630af6d7607cbe8ba058abb4c903ca78cc69263cceb8982912
economic_sentiment,economic_cycle,IE,M,2024-02-01,2024-02-29,98.2,"index, long-term average = 100",,,,"",eurostat,ei_bssi_m_r2,IE,2024-02,2026-08-28T11:00:00+0200,2026-09-28T01:56:21+00:00,6b235d028c6fd1630af6d7607cbe8ba058abb4c903ca78cc69263cceb8982912
economic_sentiment,economic_cycle,IE,M,2024-03-01,2024-03-31,97.7,"index, long-term average = 100",,,,"",eurostat,ei_bssi_m_r2,IE,2024-03,2026-08-28T11:00:00+0200,2026-09-28T01:56:21+00:00,6b235d028c6fd1630af6d7607cbe8ba058abb4c903ca78cc69263cceb8982912
economic_sentiment,economic_cycle,IE,M,2024-04-01,2024-04-30,100.1,"index, long-term average = 100",,,,"",eurostat,ei_bssi_m_r2,IE,2024-04,2026-08-28T11:00:00+0200,2026-09-28T01:56:21+00:00,6b235d028c6fd1630af6d7607cbe8ba058abb4c903ca78cc69263cceb8982912
economic_sentiment,economic_cycle,IE,M,2024-05-01,2024-05-31,97.8,"index, long-term average = 100",,,,"",eurostat,ei_bssi_m_r2,IE,2024-05,2026-08-28T11:00:00+0200,2026-09-28T01:56:21+00:00,6b235d028c6fd1630af6d7607cbe8ba058abb4c903ca78cc69263cceb8982912
economic_sentiment,economic_cycle,IE,M,2024-06-01,2024-06-30,100.3,"index, long-term average = 100",,,,"",eurostat,ei_bssi_m_r2,IE,2024-06,2026-08-28T11:00:00+0200,2026-09-28T01:56:21+00:00,6b235d028c6fd1630af6d7607cbe8ba058abb4c903ca78cc69263cceb8982912
economic_sentiment,economic_cycle,IE,M,2024-07-01,2024-07-31,100.8,"index, long-term average = 100",,,,"",eurostat,ei_bssi_m_r2,IE,2024-07,2026-08-28T11:00:00+0200,2026-09-28T01:56:21+00:00,6b235d028c6fd1630af6d7607cbe8ba058abb4c903ca78cc69263cceb8982912
economic_sentiment,economic_cycle,IE,M,2024-08-01,2024-08-31,99.9,"index, long-term average = 100",,,,"",eurostat,ei_bssi_m_r2,IE,2024-08,2026-08-28T11:00:00+0200,2026-09-28T01:56:21+00:00,6b235d028c6fd1630af6d7607cbe8ba058abb4c903ca78cc69263cceb8982912
economic_sentiment,economic_cycle,IE,M,2024-09-01,2024-09-30,97.0,"index, long-term average = 100",,,,"",eurostat,ei_bssi_m_r2,IE,2024-09,2026-08-28T11:00:00+0200,2026-09-28T01:56:21+00:00,6b235d028c6fd1630af6d7607cbe8ba058abb4c903ca78cc69263cceb8982912
economic_sentiment,economic_cycle,IE,M,2024-10-01,2024-10-31,105.9,"index, long-term average = 100",,,,"",eurostat,ei_bssi_m_r2,IE,2024-10,2026-08-28T11:00:00+0200,2026-09-28T01:56:21+00:00,6b235d028c6fd1630af6d7607cbe8ba058abb4c903ca78cc69263cceb8982912
economic_sentiment,economic_cycle,IE,M,2024-11-01,2024-11-30,102.6,"index, long-term average = 100",,,,"",eurostat,ei_bssi_m_r2,IE,2024-11,2026-08-28T11:00:00+0200,2026-09-28T01:56:21+00:00,6b235d028c6fd1630af6d7607cbe8ba058abb4c903ca78cc69263cceb8982912
economic_sentiment,economic_cycle,IE,M,2024-12-01,2024-12-31,98.8,"index, long-term average = 100",,,,"",eurostat,ei_bssi_m_r2,IE,2024-12,2026-08-28T11:00:00+0200,2026-09-28T01:56:21+00:00,6b235d028c6fd1630af6d7607cbe8ba058abb4c903ca78cc69263cceb8982912
economic_sentiment,economic_cycle,IE,M,2025-01-01,2025-01-31,100.6,"index, long-term average = 100",,,,"",eurostat,ei_bssi_m_r2,IE,2025-01,2026-08-28T11:00:00+0200,2026-09-28T01:56:21+00:00,6b235d028c6fd1630af6d7607cbe8ba058abb4c903ca78cc69263cceb8982912
economic_sentiment,economic_cycle,IE,M,2025-02-01,2025-02-28,102.5,"index, long-term average = 100",,,,"",eurostat,ei_bssi_m_r2,IE,2025-02,2026-08-28T11:00:00+0200,2026-09-28T01:56:21+00:00,6b235d028c6fd1630af6d7607cbe8ba058abb4c903ca78cc69263cceb8982912
economic_sentiment,economic_cycle,IE,M,2025-03-01,2025-03-31,102.6,"index, long-term average = 100",,,,"",eurostat,ei_bssi_m_r2,IE,2025-03,2026-08-28T11:00:00+0200,2026-09-28T01:56:21+00:00,6b235d028c6fd1630af6d7607cbe8ba058abb4c903ca78cc69263cceb8982912
economic_sentiment,economic_cycle,IE,M,2025-04-01,2025-04-30,95.3,"index, long-term average = 100",,,,"",eurostat,ei_bssi_m_r2,IE,2025-04,2026-08-28T11:00:00+0200,2026-09-28T01:56:21+00:00,6b235d028c6fd1630af6d7607cbe8ba058abb4c903ca78cc69263cceb8982912
economic_sentiment,economic_cycle,IE,M,2025-05-01,2025-05-31,97.7,"index, long-term average = 100",,,,"",eurostat,ei_bssi_m_r2,IE,2025-05,2026-08-28T11:00:00+0200,2026-09-28T01:56:21+00:00,6b235d028c6fd1630af6d7607cbe8ba058abb4c903ca78cc69263cceb8982912
economic_sentiment,economic_cycle,IE,M,2025-06-01,2025-06-30,98.6,"index, long-term average = 100",,,,"",eurostat,ei_bssi_m_r2,IE,2025-06,2026-08-28T11:00:00+0200,2026-09-28T01:56:21+00:00,6b235d028c6fd1630af6d7607cbe8ba058abb4c903ca78cc69263cceb8982912
economic_sentiment,economic_cycle,IE,M,2025-07-01,2025-07-31,100.4,"index, long-term average = 100",,,,"",eurostat,ei_bssi_m_r2,IE,2025-07,2026-08-28T11:00:00+0200,2026-09-28T01:56:21+00:00,6b235d028c6fd1630af6d7607cbe8ba058abb4c903ca78cc69263cceb8982912
economic_sentiment,economic_cycle,IE,M,2025-08-01,2025-08-31,97.3,"index, long-term average = 100",,,,"",eurostat,ei_bssi_m_r2,IE,2025-08,2026-08-28T11:00:00+0200,2026-09-28T01:56:21+00:00,6b235d028c6fd1630af6d7607cbe8ba058abb4c903ca78cc69263cceb8982912
economic_sentiment,economic_cycle,IE,M,2025-09-01,2025-09-30,98.1,"index, long-term average = 100",,,,"",eurostat,ei_bssi_m_r2,IE,2025-09,2026-08-28T11:00:00+0200,2026-09-28T01:56:21+00:00,6b235d028c6fd1630af6d7607cbe8ba058abb4c903ca78cc69263cceb8982912
economic_sentiment,economic_cycle,IE,M,2025-10-01,2025-10-31,98.4,"index, long-term average = 100",,,,"",eurostat,ei_bssi_m_r2,IE,2025-10,2026-08-28T11:00:00+0200,2026-09-28T01:56:21+00:00,6b235d028c6fd1630af6d7607cbe8ba058abb4c903ca78cc69263cceb8982912
economic_sentiment,economic_cycle,IE,M,2025-11-01,2025-11-30,95.6,"index, long-term average = 100",,,,"",eurostat,ei_bssi_m_r2,IE,2025-11,2026-08-28T11:00:00+0200,2026-09-28T01:56:21+00:00,6b235d028c6fd1630af6d7607cbe8ba058abb4c903ca78cc69263cceb8982912
economic_sentiment,economic_cycle,IE,M,2025-12-01,2025-12-31,100.6,"index, long-term average = 100",,,,"",eurostat,ei_bssi_m_r2,IE,2025-12,2026-08-28T11:00:00+0200,2026-09-28T01:56:21+00:00,6b235d028c6fd1630af6d7607cbe8ba058abb4c903ca78cc69263cceb8982912
economic_sentiment,economic_cycle,IE,M,2026-01-01,2026-01-31,100.1,"index, long-term average = 100",,,,"",eurostat,ei_bssi_m_r2,IE,2026-01,2026-08-28T11:00:00+0200,2026-09-28T01:56:21+00:00,6b235d028c6fd1630af6d7607cbe8ba058abb4c903ca78cc69263cceb8982912
economic_sentiment,economic_cycle,IE,M,2026-02-01,2026-02-28,99.5,"index, long-term average = 100",,,,"",eurostat,ei_bssi_m_r2,IE,2026-02,2026-08-28T11:00:00+0200,2026-09-28T01:56:21+00:00,6b235d028c6fd1630af6d7607cbe8ba058abb4c903ca78cc69263cceb8982912
economic_sentiment,economic_cycle,IE,M,2026-03-01,2026-03-31,99.4,"index, long-term average = 100",,,,"",eurostat,ei_bssi_m_r2,IE,2026-03,2026-08-28T11:00:00+0200,2026-09-28T01:56:21+00:00,6b235d028c6fd1630af6d7607cbe8ba058abb4c903ca78cc69263cceb8982912
economic_sentiment,economic_cycle,IE,M,2026-04-01,2026-04-30,94.8,"index, long-term average = 100",,,,"",eurostat,ei_bssi_m_r2,IE,2026-04,2026-08-28T11:00:00+0200,2026-09-28T01:56:21+00:00,6b235d028c6fd1630af6d7607cbe8ba058abb4c903ca78cc69263cceb8982912
economic_sentiment,economic_cycle,IE,M,2026-05-01,2026-05-31,93.4,"index, long-term average = 100",,,,"",eurostat,ei_bssi_m_r2,IE,2026-05,2026-08-28T11:00:00+0200,2026-09-28T01:56:21+00:00,6b235d028c6fd1630af6d7607cbe8ba058abb4c903ca78cc69263cceb8982912
economic_sentiment,economic_cycle,IE,M,2026-06-01,2026-06-30,96.5,"index, long-term average = 100",,,,"",eurostat,ei_bssi_m_r2,IE,2026-06,2026-08-28T11:00:00+0200,2026-09-28T01:56:21+00:00,6b235d028c6fd1630af6d7607cbe8ba058abb4c903ca78cc69263cceb8982912
economic_sentiment,economic_cycle,IE,M,2026-07-01,2026-07-31,97.4,"index, long-term average = 100",,,,"",eurostat,ei_bssi_m_r2,IE,2026-07,2026-08-28T11:00:00+0200,2026-09-28T01:56:21+00:00,6b235d028c6fd1630af6d7607cbe8ba058abb4c903ca78cc69263cceb8982912
economic_sentiment,economic_cycle,IE,M,2026-08-01,2026-08-31,99.7,"index, long-term average = 100",,,,"",eurostat,ei_bssi_m_r2,IE,2026-08,2026-08-28T11:00:00+0200,2026-09-28T01:56:21+00:00,6b235d028c6fd1630af6d7607cbe8ba058abb4c903ca78cc69263cceb8982912
economic_sentiment,economic_cycle,IT,M,2019-01-01,2019-01-31,101.9,"index, long-term average = 100",,,,"",eurostat,ei_bssi_m_r2,IT,2019-01,2026-08-28T11:00:00+0200,2026-09-28T01:56:21+00:00,6b235d028c6fd1630af6d7607cbe8ba058abb4c903ca78cc69263cceb8982912
economic_sentiment,economic_cycle,IT,M,2019-02-01,2019-02-28,100.4,"index, long-term average = 100",,,,"",eurostat,ei_bssi_m_r2,IT,2019-02,2026-08-28T11:00:00+0200,2026-09-28T01:56:21+00:00,6b235d028c6fd1630af6d7607cbe8ba058abb4c903ca78cc69263cceb8982912
economic_sentiment,economic_cycle,IT,M,2019-03-01,2019-03-31,101.3,"index, long-term average = 100",,,,"",eurostat,ei_bssi_m_r2,IT,2019-03,2026-08-28T11:00:00+0200,2026-09-28T01:56:21+00:00,6b235d028c6fd1630af6d7607cbe8ba058abb4c903ca78cc69263cceb8982912
economic_sentiment,economic_cycle,IT,M,2019-04-01,2019-04-30,102.0,"index, long-term average = 100",,,,"",eurostat,ei_bssi_m_r2,IT,2019-04,2026-08-28T11:00:00+0200,2026-09-28T01:56:21+00:00,6b235d028c6fd1630af6d7607cbe8ba058abb4c903ca78cc69263cceb8982912
economic_sentiment,economic_cycle,IT,M,2019-05-01,2019-05-31,103.0,"index, long-term average = 100",,,,"",eurostat,ei_bssi_m_r2,IT,2019-05,2026-08-28T11:00:00+0200,2026-09-28T01:56:21+00:00,6b235d028c6fd1630af6d7607cbe8ba058abb4c903ca78cc69263cceb8982912
economic_sentiment,economic_cycle,IT,M,2019-06-01,2019-06-30,100.9,"index, long-term average = 100",,,,"",eurostat,ei_bssi_m_r2,IT,2019-06,2026-08-28T11:00:00+0200,2026-09-28T01:56:21+00:00,6b235d028c6fd1630af6d7607cbe8ba058abb4c903ca78cc69263cceb8982912
economic_sentiment,economic_cycle,IT,M,2019-07-01,2019-07-31,102.4,"index, long-term average = 100",,,,"",eurostat,ei_bssi_m_r2,IT,2019-07,2026-08-28T11:00:00+0200,2026-09-28T01:56:21+00:00,6b235d028c6fd1630af6d7607cbe8ba058abb4c903ca78cc69263cceb8982912
economic_sentiment,economic_cycle,IT,M,2019-08-01,2019-08-31,100.7,"index, long-term average = 100",,,,"",eurostat,ei_bssi_m_r2,IT,2019-08,2026-08-28T11:00:00+0200,2026-09-28T01:56:21+00:00,6b235d028c6fd1630af6d7607cbe8ba058abb4c903ca78cc69263cceb8982912
economic_sentiment,economic_cycle,IT,M,2019-09-01,2019-09-30,99.9,"index, long-term average = 100",,,,"",eurostat,ei_bssi_m_r2,IT,2019-09,2026-08-28T11:00:00+0200,2026-09-28T01:56:21+00:00,6b235d028c6fd1630af6d7607cbe8ba058abb4c903ca78cc69263cceb8982912
economic_sentiment,economic_cycle,IT,M,2019-10-01,2019-10-31,100.3,"index, long-term average = 100",,,,"",eurostat,ei_bssi_m_r2,IT,2019-10,2026-08-28T11:00:00+0200,2026-09-28T01:56:21+00:00,6b235d028c6fd1630af6d7607cbe8ba058abb4c903ca78cc69263cceb8982912
economic_sentiment,economic_cycle,IT,M,2019-11-01,2019-11-30,99.9,"index, long-term average = 100",,,,"",eurostat,ei_bssi_m_r2,IT,2019-11,2026-08-28T11:00:00+0200,2026-09-28T01:56:21+00:00,6b235d028c6fd1630af6d7607cbe8ba058abb4c903ca78cc69263cceb8982912
economic_sentiment,economic_cycle,IT,M,2019-12-01,2019-12-31,100.7,"index, long-term average = 100",,,,"",eurostat,ei_bssi_m_r2,IT,2019-12,2026-08-28T11:00:00+0200,2026-09-28T01:56:21+00:00,6b235d028c6fd1630af6d7607cbe8ba058abb4c903ca78cc69263cceb8982912
economic_sentiment,economic_cycle,IT,M,2020-01-01,2020-01-31,100.2,"index, long-term average = 100",,,,"",eurostat,ei_bssi_m_r2,IT,2020-01,2026-08-28T11:00:00+0200,2026-09-28T01:56:21+00:00,6b235d028c6fd1630af6d7607cbe8ba058abb4c903ca78cc69263cceb8982912
economic_sentiment,economic_cycle,IT,M,2020-02-01,2020-02-29,100.4,"index, long-term average = 100",,,,"",eurostat,ei_bssi_m_r2,IT,2020-02,2026-08-28T11:00:00+0200,2026-09-28T01:56:21+00:00,6b235d028c6fd1630af6d7607cbe8ba058abb4c903ca78cc69263cceb8982912
economic_sentiment,economic_cycle,IT,M,2020-03-01,2020-03-31,80.1,"index, long-term average = 100",,,,"",eurostat,ei_bssi_m_r2,IT,2020-03,2026-08-28T11:00:00+0200,2026-09-28T01:56:21+00:00,6b235d028c6fd1630af6d7607cbe8ba058abb4c903ca78cc69263cceb8982912
economic_sentiment,economic_cycle,IT,M,2020-05-01,2020-05-31,56.1,"index, long-term average = 100",,,,"",eurostat,ei_bssi_m_r2,IT,2020-05,2026-08-28T11:00:00+0200,2026-09-28T01:56:21+00:00,6b235d028c6fd1630af6d7607cbe8ba058abb4c903ca78cc69263cceb8982912
economic_sentiment,economic_cycle,IT,M,2020-06-01,2020-06-30,69.2,"index, long-term average = 100",,,,"",eurostat,ei_bssi_m_r2,IT,2020-06,2026-08-28T11:00:00+0200,2026-09-28T01:56:21+00:00,6b235d028c6fd1630af6d7607cbe8ba058abb4c903ca78cc69263cceb8982912
economic_sentiment,economic_cycle,IT,M,2020-07-01,2020-07-31,78.1,"index, long-term average = 100",,,,"",eurostat,ei_bssi_m_r2,IT,2020-07,2026-08-28T11:00:00+0200,2026-09-28T01:56:21+00:00,6b235d028c6fd1630af6d7607cbe8ba058abb4c903ca78cc69263cceb8982912
economic_sentiment,economic_cycle,IT,M,2020-08-01,2020-08-31,82.0,"index, long-term average = 100",,,,"",eurostat,ei_bssi_m_r2,IT,2020-08,2026-08-28T11:00:00+0200,2026-09-28T01:56:21+00:00,6b235d028c6fd1630af6d7607cbe8ba058abb4c903ca78cc69263cceb8982912
economic_sentiment,economic_cycle,IT,M,2020-09-01,2020-09-30,92.8,"index, long-term average = 100",,,,"",eurostat,ei_bssi_m_r2,IT,2020-09,2026-08-28T11:00:00+0200,2026-09-28T01:56:21+00:00,6b235d028c6fd1630af6d7607cbe8ba058abb4c903ca78cc69263cceb8982912
economic_sentiment,economic_cycle,IT,M,2020-10-01,2020-10-31,94.0,"index, long-term average = 100",,,,"",eurostat,ei_bssi_m_r2,IT,2020-10,2026-08-28T11:00:00+0200,2026-09-28T01:56:21+00:00,6b235d028c6fd1630af6d7607cbe8ba058abb4c903ca78cc69263cceb8982912
economic_sentiment,economic_cycle,IT,M,2020-11-01,2020-11-30,83.6,"index, long-term average = 100",,,,"",eurostat,ei_bssi_m_r2,IT,2020-11,2026-08-28T11:00:00+0200,2026-09-28T01:56:21+00:00,6b235d028c6fd1630af6d7607cbe8ba058abb4c903ca78cc69263cceb8982912
economic_sentiment,economic_cycle,IT,M,2020-12-01,2020-12-31,92.3,"index, long-term average = 100",,,,"",eurostat,ei_bssi_m_r2,IT,2020-12,2026-08-28T11:00:00+0200,2026-09-28T01:56:21+00:00,6b235d028c6fd1630af6d7607cbe8ba058abb4c903ca78cc69263cceb8982912
economic_sentiment,economic_cycle,IT,M,2021-01-01,2021-01-31,96.3,"index, long-term average = 100",,,,"",eurostat,ei_bssi_m_r2,IT,2021-01,2026-08-28T11:00:00+0200,2026-09-28T01:56:21+00:00,6b235d028c6fd1630af6d7607cbe8ba058abb4c903ca78cc69263cceb8982912
economic_sentiment,economic_cycle,IT,M,2021-02-01,2021-02-28,99.1,"index, long-term average = 100",,,,"",eurostat,ei_bssi_m_r2,IT,2021-02,2026-08-28T11:00:00+0200,2026-09-28T01:56:21+00:00,6b235d028c6fd1630af6d7607cbe8ba058abb4c903ca78cc69263cceb8982912
economic_sentiment,economic_cycle,IT,M,2021-03-01,2021-03-31,101.6,"index, long-term average = 100",,,,"",eurostat,ei_bssi_m_r2,IT,2021-03,2026-08-28T11:00:00+0200,2026-09-28T01:56:21+00:00,6b235d028c6fd1630af6d7607cbe8ba058abb4c903ca78cc69263cceb8982912
economic_sentiment,economic_cycle,IT,M,2021-04-01,2021-04-30,105.8,"index, long-term average = 100",,,,"",eurostat,ei_bssi_m_r2,IT,2021-04,2026-08-28T11:00:00+0200,2026-09-28T01:56:21+00:00,6b235d028c6fd1630af6d7607cbe8ba058abb4c903ca78cc69263cceb8982912
economic_sentiment,economic_cycle,IT,M,2021-05-01,2021-05-31,114.1,"index, long-term average = 100",,,,"",eurostat,ei_bssi_m_r2,IT,2021-05,2026-08-28T11:00:00+0200,2026-09-28T01:56:21+00:00,6b235d028c6fd1630af6d7607cbe8ba058abb4c903ca78cc69263cceb8982912
economic_sentiment,economic_cycle,IT,M,2021-06-01,2021-06-30,117.5,"index, long-term average = 100",,,,"",eurostat,ei_bssi_m_r2,IT,2021-06,2026-08-28T11:00:00+0200,2026-09-28T01:56:21+00:00,6b235d028c6fd1630af6d7607cbe8ba058abb4c903ca78cc69263cceb8982912
economic_sentiment,economic_cycle,IT,M,2021-07-01,2021-07-31,119.7,"index, long-term average = 100",,,,"",eurostat,ei_bssi_m_r2,IT,2021-07,2026-08-28T11:00:00+0200,2026-09-28T01:56:21+00:00,6b235d028c6fd1630af6d7607cbe8ba058abb4c903ca78cc69263cceb8982912
economic_sentiment,economic_cycle,IT,M,2021-08-01,2021-08-31,117.9,"index, long-term average = 100",,,,"",eurostat,ei_bssi_m_r2,IT,2021-08,2026-08-28T11:00:00+0200,2026-09-28T01:56:21+00:00,6b235d028c6fd1630af6d7607cbe8ba058abb4c903ca78cc69263cceb8982912
economic_sentiment,economic_cycle,IT,M,2021-09-01,2021-09-30,119.0,"index, long-term average = 100",,,,"",eurostat,ei_bssi_m_r2,IT,2021-09,2026-08-28T11:00:00+0200,2026-09-28T01:56:21+00:00,6b235d028c6fd1630af6d7607cbe8ba058abb4c903ca78cc69263cceb8982912
economic_sentiment,economic_cycle,IT,M,2021-10-01,2021-10-31,120.9,"index, long-term average = 100",,,,"",eurostat,ei_bssi_m_r2,IT,2021-10,2026-08-28T11:00:00+0200,2026-09-28T01:56:21+00:00,6b235d028c6fd1630af6d7607cbe8ba058abb4c903ca78cc69263cceb8982912
economic_sentiment,economic_cycle,IT,M,2021-11-01,2021-11-30,118.7,"index, long-term average = 100",,,,"",eurostat,ei_bssi_m_r2,IT,2021-11,2026-08-28T11:00:00+0200,2026-09-28T01:56:21+00:00,6b235d028c6fd1630af6d7607cbe8ba058abb4c903ca78cc69263cceb8982912
economic_sentiment,economic_cycle,IT,M,2021-12-01,2021-12-31,118.5,"index, long-term average = 100",,,,"",eurostat,ei_bssi_m_r2,IT,2021-12,2026-08-28T11:00:00+0200,2026-09-28T01:56:21+00:00,6b235d028c6fd1630af6d7607cbe8ba058abb4c903ca78cc69263cceb8982912
economic_sentiment,economic_cycle,IT,M,2022-01-01,2022-01-31,110.8,"index, long-term average = 100",,,,"",eurostat,ei_bssi_m_r2,IT,2022-01,2026-08-28T11:00:00+0200,2026-09-28T01:56:21+00:00,6b235d028c6fd1630af6d7607cbe8ba058abb4c903ca78cc69263cceb8982912
economic_sentiment,economic_cycle,IT,M,2022-02-01,2022-02-28,112.3,"index, long-term average = 100",,,,"",eurostat,ei_bssi_m_r2,IT,2022-02,2026-08-28T11:00:00+0200,2026-09-28T01:56:21+00:00,6b235d028c6fd1630af6d7607cbe8ba058abb4c903ca78cc69263cceb8982912
economic_sentiment,economic_cycle,IT,M,2022-03-01,2022-03-31,103.8,"index, long-term average = 100",,,,"",eurostat,ei_bssi_m_r2,IT,2022-03,2026-08-28T11:00:00+0200,2026-09-28T01:56:21+00:00,6b235d028c6fd1630af6d7607cbe8ba058abb4c903ca78cc69263cceb8982912
economic_sentiment,economic_cycle,IT,M,2022-04-01,2022-04-30,104.7,"index, long-term average = 100",,,,"",eurostat,ei_bssi_m_r2,IT,2022-04,2026-08-28T11:00:00+0200,2026-09-28T01:56:21+00:00,6b235d028c6fd1630af6d7607cbe8ba058abb4c903ca78cc69263cceb8982912
economic_sentiment,economic_cycle,IT,M,2022-05-01,2022-05-31,105.7,"index, long-term average = 100",,,,"",eurostat,ei_bssi_m_r2,IT,2022-05,2026-08-28T11:00:00+0200,2026-09-28T01:56:21+00:00,6b235d028c6fd1630af6d7607cbe8ba058abb4c903ca78cc69263cceb8982912
economic_sentiment,economic_cycle,IT,M,2022-06-01,2022-06-30,104.5,"index, long-term average = 100",,,,"",eurostat,ei_bssi_m_r2,IT,2022-06,2026-08-28T11:00:00+0200,2026-09-28T01:56:21+00:00,6b235d028c6fd1630af6d7607cbe8ba058abb4c903ca78cc69263cceb8982912
economic_sentiment,economic_cycle,IT,M,2022-07-01,2022-07-31,100.4,"index, long-term average = 100",,,,"",eurostat,ei_bssi_m_r2,IT,2022-07,2026-08-28T11:00:00+0200,2026-09-28T01:56:21+00:00,6b235d028c6fd1630af6d7607cbe8ba058abb4c903ca78cc69263cceb8982912
economic_sentiment,economic_cycle,IT,M,2022-08-01,2022-08-31,99.9,"index, long-term average = 100",,,,"",eurostat,ei_bssi_m_r2,IT,2022-08,2026-08-28T11:00:00+0200,2026-09-28T01:56:21+00:00,6b235d028c6fd1630af6d7607cbe8ba058abb4c903ca78cc69263cceb8982912
economic_sentiment,economic_cycle,IT,M,2022-09-01,2022-09-30,95.5,"index, long-term average = 100",,,,"",eurostat,ei_bssi_m_r2,IT,2022-09,2026-08-28T11:00:00+0200,2026-09-28T01:56:21+00:00,6b235d028c6fd1630af6d7607cbe8ba058abb4c903ca78cc69263cceb8982912
economic_sentiment,economic_cycle,IT,M,2022-10-01,2022-10-31,95.0,"index, long-term average = 100",,,,"",eurostat,ei_bssi_m_r2,IT,2022-10,2026-08-28T11:00:00+0200,2026-09-28T01:56:21+00:00,6b235d028c6fd1630af6d7607cbe8ba058abb4c903ca78cc69263cceb8982912
economic_sentiment,economic_cycle,IT,M,2022-11-01,2022-11-30,100.0,"index, long-term average = 100",,,,"",eurostat,ei_bssi_m_r2,IT,2022-11,2026-08-28T11:00:00+0200,2026-09-28T01:56:21+00:00,6b235d028c6fd1630af6d7607cbe8ba058abb4c903ca78cc69263cceb8982912
economic_sentiment,economic_cycle,IT,M,2022-12-01,2022-12-31,101.0,"index, long-term average = 100",,,,"",eurostat,ei_bssi_m_r2,IT,2022-12,2026-08-28T11:00:00+0200,2026-09-28T01:56:21+00:00,6b235d028c6fd1630af6d7607cbe8ba058abb4c903ca78cc69263cceb8982912
economic_sentiment,economic_cycle,IT,M,2023-01-01,2023-01-31,101.5,"index, long-term average = 100",,,,"",eurostat,ei_bssi_m_r2,IT,2023-01,2026-08-28T11:00:00+0200,2026-09-28T01:56:21+00:00,6b235d028c6fd1630af6d7607cbe8ba058abb4c903ca78cc69263cceb8982912
economic_sentiment,economic_cycle,IT,M,2023-02-01,2023-02-28,102.2,"index, long-term average = 100",,,,"",eurostat,ei_bssi_m_r2,IT,2023-02,2026-08-28T11:00:00+0200,2026-09-28T01:56:21+00:00,6b235d028c6fd1630af6d7607cbe8ba058abb4c903ca78cc69263cceb8982912
economic_sentiment,economic_cycle,IT,M,2023-03-01,2023-03-31,103.9,"index, long-term average = 100",,,,"",eurostat,ei_bssi_m_r2,IT,2023-03,2026-08-28T11:00:00+0200,2026-09-28T01:56:21+00:00,6b235d028c6fd1630af6d7607cbe8ba058abb4c903ca78cc69263cceb8982912
economic_sentiment,economic_cycle,IT,M,2023-04-01,2023-04-30,104.9,"index, long-term average = 100",,,,"",eurostat,ei_bssi_m_r2,IT,2023-04,2026-08-28T11:00:00+0200,2026-09-28T01:56:21+00:00,6b235d028c6fd1630af6d7607cbe8ba058abb4c903ca78cc69263cceb8982912
economic_sentiment,economic_cycle,IT,M,2023-05-01,2023-05-31,101.5,"index, long-term average = 100",,,,"",eurostat,ei_bssi_m_r2,IT,2023-05,2026-08-28T11:00:00+0200,2026-09-28T01:56:21+00:00,6b235d028c6fd1630af6d7607cbe8ba058abb4c903ca78cc69263cceb8982912
economic_sentiment,economic_cycle,IT,M,2023-06-01,2023-06-30,100.7,"index, long-term average = 100",,,,"",eurostat,ei_bssi_m_r2,IT,2023-06,2026-08-28T11:00:00+0200,2026-09-28T01:56:21+00:00,6b235d028c6fd1630af6d7607cbe8ba058abb4c903ca78cc69263cceb8982912
economic_sentiment,economic_cycle,IT,M,2023-07-01,2023-07-31,100.3,"index, long-term average = 100",,,,"",eurostat,ei_bssi_m_r2,IT,2023-07,2026-08-28T11:00:00+0200,2026-09-28T01:56:21+00:00,6b235d028c6fd1630af6d7607cbe8ba058abb4c903ca78cc69263cceb8982912
economic_sentiment,economic_cycle,IT,M,2023-08-01,2023-08-31,99.9,"index, long-term average = 100",,,,"",eurostat,ei_bssi_m_r2,IT,2023-08,2026-08-28T11:00:00+0200,2026-09-28T01:56:21+00:00,6b235d028c6fd1630af6d7607cbe8ba058abb4c903ca78cc69263cceb8982912
economic_sentiment,economic_cycle,IT,M,2023-09-01,2023-09-30,97.8,"index, long-term average = 100",,,,"",eurostat,ei_bssi_m_r2,IT,2023-09,2026-08-28T11:00:00+0200,2026-09-28T01:56:21+00:00,6b235d028c6fd1630af6d7607cbe8ba058abb4c903ca78cc69263cceb8982912
economic_sentiment,economic_cycle,IT,M,2023-10-01,2023-10-31,97.1,"index, long-term average = 100",,,,"",eurostat,ei_bssi_m_r2,IT,2023-10,2026-08-28T11:00:00+0200,2026-09-28T01:56:21+00:00,6b235d028c6fd1630af6d7607cbe8ba058abb4c903ca78cc69263cceb8982912
economic_sentiment,economic_cycle,IT,M,2023-11-01,2023-11-30,97.2,"index, long-term average = 100",,,,"",eurostat,ei_bssi_m_r2,IT,2023-11,2026-08-28T11:00:00+0200,2026-09-28T01:56:21+00:00,6b235d028c6fd1630af6d7607cbe8ba058abb4c903ca78cc69263cceb8982912
economic_sentiment,economic_cycle,IT,M,2023-12-01,2023-12-31,99.2,"index, long-term average = 100",,,,"",eurostat,ei_bssi_m_r2,IT,2023-12,2026-08-28T11:00:00+0200,2026-09-28T01:56:21+00:00,6b235d028c6fd1630af6d7607cbe8ba058abb4c903ca78cc69263cceb8982912
economic_sentiment,economic_cycle,IT,M,2024-01-01,2024-01-31,100.5,"index, long-term average = 100",,,,"",eurostat,ei_bssi_m_r2,IT,2024-01,2026-08-28T11:00:00+0200,2026-09-28T01:56:21+00:00,6b235d028c6fd1630af6d7607cbe8ba058abb4c903ca78cc69263cceb8982912
economic_sentiment,economic_cycle,IT,M,2024-02-01,2024-02-29,99.1,"index, long-term average = 100",,,,"",eurostat,ei_bssi_m_r2,IT,2024-02,2026-08-28T11:00:00+0200,2026-09-28T01:56:21+00:00,6b235d028c6fd1630af6d7607cbe8ba058abb4c903ca78cc69263cceb8982912
economic_sentiment,economic_cycle,IT,M,2024-03-01,2024-03-31,100.9,"index, long-term average = 100",,,,"",eurostat,ei_bssi_m_r2,IT,2024-03,2026-08-28T11:00:00+0200,2026-09-28T01:56:21+00:00,6b235d028c6fd1630af6d7607cbe8ba058abb4c903ca78cc69263cceb8982912
economic_sentiment,economic_cycle,IT,M,2024-04-01,2024-04-30,100.4,"index, long-term average = 100",,,,"",eurostat,ei_bssi_m_r2,IT,2024-04,2026-08-28T11:00:00+0200,2026-09-28T01:56:21+00:00,6b235d028c6fd1630af6d7607cbe8ba058abb4c903ca78cc69263cceb8982912
economic_sentiment,economic_cycle,IT,M,2024-05-01,2024-05-31,100.8,"index, long-term average = 100",,,,"",eurostat,ei_bssi_m_r2,IT,2024-05,2026-08-28T11:00:00+0200,2026-09-28T01:56:21+00:00,6b235d028c6fd1630af6d7607cbe8ba058abb4c903ca78cc69263cceb8982912
economic_sentiment,economic_cycle,IT,M,2024-06-01,2024-06-30,99.8,"index, long-term average = 100",,,,"",eurostat,ei_bssi_m_r2,IT,2024-06,2026-08-28T11:00:00+0200,2026-09-28T01:56:21+00:00,6b235d028c6fd1630af6d7607cbe8ba058abb4c903ca78cc69263cceb8982912
economic_sentiment,economic_cycle,IT,M,2024-07-01,2024-07-31,100.1,"index, long-term average = 100",,,,"",eurostat,ei_bssi_m_r2,IT,2024-07,2026-08-28T11:00:00+0200,2026-09-28T01:56:21+00:00,6b235d028c6fd1630af6d7607cbe8ba058abb4c903ca78cc69263cceb8982912
economic_sentiment,economic_cycle,IT,M,2024-08-01,2024-08-31,98.7,"index, long-term average = 100",,,,"",eurostat,ei_bssi_m_r2,IT,2024-08,2026-08-28T11:00:00+0200,2026-09-28T01:56:21+00:00,6b235d028c6fd1630af6d7607cbe8ba058abb4c903ca78cc69263cceb8982912
economic_sentiment,economic_cycle,IT,M,2024-09-01,2024-09-30,99.8,"index, long-term average = 100",,,,"",eurostat,ei_bssi_m_r2,IT,2024-09,2026-08-28T11:00:00+0200,2026-09-28T01:56:21+00:00,6b235d028c6fd1630af6d7607cbe8ba058abb4c903ca78cc69263cceb8982912
economic_sentiment,economic_cycle,IT,M,2024-10-01,2024-10-31,99.2,"index, long-term average = 100",,,,"",eurostat,ei_bssi_m_r2,IT,2024-10,2026-08-28T11:00:00+0200,2026-09-28T01:56:21+00:00,6b235d028c6fd1630af6d7607cbe8ba058abb4c903ca78cc69263cceb8982912
economic_sentiment,economic_cycle,IT,M,2024-11-01,2024-11-30,98.9,"index, long-term average = 100",,,,"",eurostat,ei_bssi_m_r2,IT,2024-11,2026-08-28T11:00:00+0200,2026-09-28T01:56:21+00:00,6b235d028c6fd1630af6d7607cbe8ba058abb4c903ca78cc69263cceb8982912
economic_sentiment,economic_cycle,IT,M,2024-12-01,2024-12-31,98.1,"index, long-term average = 100",,,,"",eurostat,ei_bssi_m_r2,IT,2024-12,2026-08-28T11:00:00+0200,2026-09-28T01:56:21+00:00,6b235d028c6fd1630af6d7607cbe8ba058abb4c903ca78cc69263cceb8982912
economic_sentiment,economic_cycle,IT,M,2025-01-01,2025-01-31,99.7,"index, long-term average = 100",,,,"",eurostat,ei_bssi_m_r2,IT,2025-01,2026-08-28T11:00:00+0200,2026-09-28T01:56:21+00:00,6b235d028c6fd1630af6d7607cbe8ba058abb4c903ca78cc69263cceb8982912
economic_sentiment,economic_cycle,IT,M,2025-02-01,2025-02-28,99.6,"index, long-term average = 100",,,,"",eurostat,ei_bssi_m_r2,IT,2025-02,2026-08-28T11:00:00+0200,2026-09-28T01:56:21+00:00,6b235d028c6fd1630af6d7607cbe8ba058abb4c903ca78cc69263cceb8982912
economic_sentiment,economic_cycle,IT,M,2025-03-01,2025-03-31,97.7,"index, long-term average = 100",,,,"",eurostat,ei_bssi_m_r2,IT,2025-03,2026-08-28T11:00:00+0200,2026-09-28T01:56:21+00:00,6b235d028c6fd1630af6d7607cbe8ba058abb4c903ca78cc69263cceb8982912
economic_sentiment,economic_cycle,IT,M,2025-04-01,2025-04-30,96.2,"index, long-term average = 100",,,,"",eurostat,ei_bssi_m_r2,IT,2025-04,2026-08-28T11:00:00+0200,2026-09-28T01:56:21+00:00,6b235d028c6fd1630af6d7607cbe8ba058abb4c903ca78cc69263cceb8982912
economic_sentiment,economic_cycle,IT,M,2025-05-01,2025-05-31,99.1,"index, long-term average = 100",,,,"",eurostat,ei_bssi_m_r2,IT,2025-05,2026-08-28T11:00:00+0200,2026-09-28T01:56:21+00:00,6b235d028c6fd1630af6d7607cbe8ba058abb4c903ca78cc69263cceb8982912
economic_sentiment,economic_cycle,IT,M,2025-06-01,2025-06-30,99.3,"index, long-term average = 100",,,,"",eurostat,ei_bssi_m_r2,IT,2025-06,2026-08-28T11:00:00+0200,2026-09-28T01:56:21+00:00,6b235d028c6fd1630af6d7607cbe8ba058abb4c903ca78cc69263cceb8982912
economic_sentiment,economic_cycle,IT,M,2025-07-01,2025-07-31,99.6,"index, long-term average = 100",,,,"",eurostat,ei_bssi_m_r2,IT,2025-07,2026-08-28T11:00:00+0200,2026-09-28T01:56:21+00:00,6b235d028c6fd1630af6d7607cbe8ba058abb4c903ca78cc69263cceb8982912
economic_sentiment,economic_cycle,IT,M,2025-08-01,2025-08-31,98.4,"index, long-term average = 100",,,,"",eurostat,ei_bssi_m_r2,IT,2025-08,2026-08-28T11:00:00+0200,2026-09-28T01:56:21+00:00,6b235d028c6fd1630af6d7607cbe8ba058abb4c903ca78cc69263cceb8982912
economic_sentiment,economic_cycle,IT,M,2025-09-01,2025-09-30,99.2,"index, long-term average = 100",,,,"",eurostat,ei_bssi_m_r2,IT,2025-09,2026-08-28T11:00:00+0200,2026-09-28T01:56:21+00:00,6b235d028c6fd1630af6d7607cbe8ba058abb4c903ca78cc69263cceb8982912
economic_sentiment,economic_cycle,IT,M,2025-10-01,2025-10-31,100.6,"index, long-term average = 100",,,,"",eurostat,ei_bssi_m_r2,IT,2025-10,2026-08-28T11:00:00+0200,2026-09-28T01:56:21+00:00,6b235d028c6fd1630af6d7607cbe8ba058abb4c903ca78cc69263cceb8982912
economic_sentiment,economic_cycle,IT,M,2025-11-01,2025-11-30,101.8,"index, long-term average = 100",,,,"",eurostat,ei_bssi_m_r2,IT,2025-11,2026-08-28T11:00:00+0200,2026-09-28T01:56:21+00:00,6b235d028c6fd1630af6d7607cbe8ba058abb4c903ca78cc69263cceb8982912
economic_sentiment,economic_cycle,IT,M,2025-12-01,2025-12-31,101.2,"index, long-term average = 100",,,,"",eurostat,ei_bssi_m_r2,IT,2025-12,2026-08-28T11:00:00+0200,2026-09-28T01:56:21+00:00,6b235d028c6fd1630af6d7607cbe8ba058abb4c903ca78cc69263cceb8982912
economic_sentiment,economic_cycle,IT,M,2026-01-01,2026-01-31,102.5,"index, long-term average = 100",,,,"",eurostat,ei_bssi_m_r2,IT,2026-01,2026-08-28T11:00:00+0200,2026-09-28T01:56:21+00:00,6b235d028c6fd1630af6d7607cbe8ba058abb4c903ca78cc69263cceb8982912
economic_sentiment,economic_cycle,IT,M,2026-02-01,2026-02-28,101.9,"index, long-term average = 100",,,,"",eurostat,ei_bssi_m_r2,IT,2026-02,2026-08-28T11:00:00+0200,2026-09-28T01:56:21+00:00,6b235d028c6fd1630af6d7607cbe8ba058abb4c903ca78cc69263cceb8982912
economic_sentiment,economic_cycle,IT,M,2026-03-01,2026-03-31,100.7,"index, long-term average = 100",,,,"",eurostat,ei_bssi_m_r2,IT,2026-03,2026-08-28T11:00:00+0200,2026-09-28T01:56:21+00:00,6b235d028c6fd1630af6d7607cbe8ba058abb4c903ca78cc69263cceb8982912
economic_sentiment,economic_cycle,IT,M,2026-04-01,2026-04-30,98.0,"index, long-term average = 100",,,,"",eurostat,ei_bssi_m_r2,IT,2026-04,2026-08-28T11:00:00+0200,2026-09-28T01:56:21+00:00,6b235d028c6fd1630af6d7607cbe8ba058abb4c903ca78cc69263cceb8982912
economic_sentiment,economic_cycle,IT,M,2026-05-01,2026-05-31,98.1,"index, long-term average = 100",,,,"",eurostat,ei_bssi_m_r2,IT,2026-05,2026-08-28T11:00:00+0200,2026-09-28T01:56:21+00:00,6b235d028c6fd1630af6d7607cbe8ba058abb4c903ca78cc69263cceb8982912
economic_sentiment,economic_cycle,IT,M,2026-06-01,2026-06-30,99.4,"index, long-term average = 100",,,,"",eurostat,ei_bssi_m_r2,IT,2026-06,2026-08-28T11:00:00+0200,2026-09-28T01:56:21+00:00,6b235d028c6fd1630af6d7607cbe8ba058abb4c903ca78cc69263cceb8982912
economic_sentiment,economic_cycle,IT,M,2026-07-01,2026-07-31,99.7,"index, long-term average = 100",,,,"",eurostat,ei_bssi_m_r2,IT,2026-07,2026-08-28T11:00:00+0200,2026-09-28T01:56:21+00:00,6b235d028c6fd1630af6d7607cbe8ba058abb4c903ca78cc69263cceb8982912
economic_sentiment,economic_cycle,IT,M,2026-08-01,2026-08-31,100.5,"index, long-term average = 100",,,,"",eurostat,ei_bssi_m_r2,IT,2026-08,2026-08-28T11:00:00+0200,2026-09-28T01:56:21+00:00,6b235d028c6fd1630af6d7607cbe8ba058abb4c903ca78cc69263cceb8982912
economic_sentiment,economic_cycle,PL,M,2019-01-01,2019-01-31,109.8,"index, long-term average = 100",,,,"",eurostat,ei_bssi_m_r2,PL,2019-01,2026-08-28T11:00:00+0200,2026-09-28T01:56:21+00:00,6b235d028c6fd1630af6d7607cbe8ba058abb4c903ca78cc69263cceb8982912
economic_sentiment,economic_cycle,PL,M,2019-02-01,2019-02-28,110.5,"index, long-term average = 100",,,,"",eurostat,ei_bssi_m_r2,PL,2019-02,2026-08-28T11:00:00+0200,2026-09-28T01:56:21+00:00,6b235d028c6fd1630af6d7607cbe8ba058abb4c903ca78cc69263cceb8982912
economic_sentiment,economic_cycle,PL,M,2019-03-01,2019-03-31,112.2,"index, long-term average = 100",,,,"",eurostat,ei_bssi_m_r2,PL,2019-03,2026-08-28T11:00:00+0200,2026-09-28T01:56:21+00:00,6b235d028c6fd1630af6d7607cbe8ba058abb4c903ca78cc69263cceb8982912
economic_sentiment,economic_cycle,PL,M,2019-04-01,2019-04-30,109.6,"index, long-term average = 100",,,,"",eurostat,ei_bssi_m_r2,PL,2019-04,2026-08-28T11:00:00+0200,2026-09-28T01:56:21+00:00,6b235d028c6fd1630af6d7607cbe8ba058abb4c903ca78cc69263cceb8982912
economic_sentiment,economic_cycle,PL,M,2019-05-01,2019-05-31,109.4,"index, long-term average = 100",,,,"",eurostat,ei_bssi_m_r2,PL,2019-05,2026-08-28T11:00:00+0200,2026-09-28T01:56:21+00:00,6b235d028c6fd1630af6d7607cbe8ba058abb4c903ca78cc69263cceb8982912
economic_sentiment,economic_cycle,PL,M,2019-06-01,2019-06-30,109.8,"index, long-term average = 100",,,,"",eurostat,ei_bssi_m_r2,PL,2019-06,2026-08-28T11:00:00+0200,2026-09-28T01:56:21+00:00,6b235d028c6fd1630af6d7607cbe8ba058abb4c903ca78cc69263cceb8982912
economic_sentiment,economic_cycle,PL,M,2019-07-01,2019-07-31,108.3,"index, long-term average = 100",,,,"",eurostat,ei_bssi_m_r2,PL,2019-07,2026-08-28T11:00:00+0200,2026-09-28T01:56:21+00:00,6b235d028c6fd1630af6d7607cbe8ba058abb4c903ca78cc69263cceb8982912
economic_sentiment,economic_cycle,PL,M,2019-08-01,2019-08-31,109.0,"index, long-term average = 100",,,,"",eurostat,ei_bssi_m_r2,PL,2019-08,2026-08-28T11:00:00+0200,2026-09-28T01:56:21+00:00,6b235d028c6fd1630af6d7607cbe8ba058abb4c903ca78cc69263cceb8982912
economic_sentiment,economic_cycle,PL,M,2019-09-01,2019-09-30,108.3,"index, long-term average = 100",,,,"",eurostat,ei_bssi_m_r2,PL,2019-09,2026-08-28T11:00:00+0200,2026-09-28T01:56:21+00:00,6b235d028c6fd1630af6d7607cbe8ba058abb4c903ca78cc69263cceb8982912
economic_sentiment,economic_cycle,PL,M,2019-10-01,2019-10-31,108.5,"index, long-term average = 100",,,,"",eurostat,ei_bssi_m_r2,PL,2019-10,2026-08-28T11:00:00+0200,2026-09-28T01:56:21+00:00,6b235d028c6fd1630af6d7607cbe8ba058abb4c903ca78cc69263cceb8982912
economic_sentiment,economic_cycle,PL,M,2019-11-01,2019-11-30,107.4,"index, long-term average = 100",,,,"",eurostat,ei_bssi_m_r2,PL,2019-11,2026-08-28T11:00:00+0200,2026-09-28T01:56:21+00:00,6b235d028c6fd1630af6d7607cbe8ba058abb4c903ca78cc69263cceb8982912
economic_sentiment,economic_cycle,PL,M,2019-12-01,2019-12-31,105.7,"index, long-term average = 100",,,,"",eurostat,ei_bssi_m_r2,PL,2019-12,2026-08-28T11:00:00+0200,2026-09-28T01:56:21+00:00,6b235d028c6fd1630af6d7607cbe8ba058abb4c903ca78cc69263cceb8982912
economic_sentiment,economic_cycle,PL,M,2020-01-01,2020-01-31,106.1,"index, long-term average = 100",,,,"",eurostat,ei_bssi_m_r2,PL,2020-01,2026-08-28T11:00:00+0200,2026-09-28T01:56:21+00:00,6b235d028c6fd1630af6d7607cbe8ba058abb4c903ca78cc69263cceb8982912
economic_sentiment,economic_cycle,PL,M,2020-02-01,2020-02-29,104.8,"index, long-term average = 100",,,,"",eurostat,ei_bssi_m_r2,PL,2020-02,2026-08-28T11:00:00+0200,2026-09-28T01:56:21+00:00,6b235d028c6fd1630af6d7607cbe8ba058abb4c903ca78cc69263cceb8982912
economic_sentiment,economic_cycle,PL,M,2020-03-01,2020-03-31,101.1,"index, long-term average = 100",,,,"",eurostat,ei_bssi_m_r2,PL,2020-03,2026-08-28T11:00:00+0200,2026-09-28T01:56:21+00:00,6b235d028c6fd1630af6d7607cbe8ba058abb4c903ca78cc69263cceb8982912
economic_sentiment,economic_cycle,PL,M,2020-04-01,2020-04-30,49.5,"index, long-term average = 100",,,,"",eurostat,ei_bssi_m_r2,PL,2020-04,2026-08-28T11:00:00+0200,2026-09-28T01:56:21+00:00,6b235d028c6fd1630af6d7607cbe8ba058abb4c903ca78cc69263cceb8982912
economic_sentiment,economic_cycle,PL,M,2020-05-01,2020-05-31,52.2,"index, long-term average = 100",,,,"",eurostat,ei_bssi_m_r2,PL,2020-05,2026-08-28T11:00:00+0200,2026-09-28T01:56:21+00:00,6b235d028c6fd1630af6d7607cbe8ba058abb4c903ca78cc69263cceb8982912
economic_sentiment,economic_cycle,PL,M,2020-06-01,2020-06-30,66.6,"index, long-term average = 100",,,,"",eurostat,ei_bssi_m_r2,PL,2020-06,2026-08-28T11:00:00+0200,2026-09-28T01:56:21+00:00,6b235d028c6fd1630af6d7607cbe8ba058abb4c903ca78cc69263cceb8982912
economic_sentiment,economic_cycle,PL,M,2020-07-01,2020-07-31,78.0,"index, long-term average = 100",,,,"",eurostat,ei_bssi_m_r2,PL,2020-07,2026-08-28T11:00:00+0200,2026-09-28T01:56:21+00:00,6b235d028c6fd1630af6d7607cbe8ba058abb4c903ca78cc69263cceb8982912
economic_sentiment,economic_cycle,PL,M,2020-08-01,2020-08-31,85.2,"index, long-term average = 100",,,,"",eurostat,ei_bssi_m_r2,PL,2020-08,2026-08-28T11:00:00+0200,2026-09-28T01:56:21+00:00,6b235d028c6fd1630af6d7607cbe8ba058abb4c903ca78cc69263cceb8982912
economic_sentiment,economic_cycle,PL,M,2020-09-01,2020-09-30,89.5,"index, long-term average = 100",,,,"",eurostat,ei_bssi_m_r2,PL,2020-09,2026-08-28T11:00:00+0200,2026-09-28T01:56:21+00:00,6b235d028c6fd1630af6d7607cbe8ba058abb4c903ca78cc69263cceb8982912
economic_sentiment,economic_cycle,PL,M,2020-10-01,2020-10-31,91.0,"index, long-term average = 100",,,,"",eurostat,ei_bssi_m_r2,PL,2020-10,2026-08-28T11:00:00+0200,2026-09-28T01:56:21+00:00,6b235d028c6fd1630af6d7607cbe8ba058abb4c903ca78cc69263cceb8982912
economic_sentiment,economic_cycle,PL,M,2020-11-01,2020-11-30,79.8,"index, long-term average = 100",,,,"",eurostat,ei_bssi_m_r2,PL,2020-11,2026-08-28T11:00:00+0200,2026-09-28T01:56:21+00:00,6b235d028c6fd1630af6d7607cbe8ba058abb4c903ca78cc69263cceb8982912
economic_sentiment,economic_cycle,PL,M,2020-12-01,2020-12-31,86.3,"index, long-term average = 100",,,,"",eurostat,ei_bssi_m_r2,PL,2020-12,2026-08-28T11:00:00+0200,2026-09-28T01:56:21+00:00,6b235d028c6fd1630af6d7607cbe8ba058abb4c903ca78cc69263cceb8982912
economic_sentiment,economic_cycle,PL,M,2021-01-01,2021-01-31,86.8,"index, long-term average = 100",,,,"",eurostat,ei_bssi_m_r2,PL,2021-01,2026-08-28T11:00:00+0200,2026-09-28T01:56:21+00:00,6b235d028c6fd1630af6d7607cbe8ba058abb4c903ca78cc69263cceb8982912
economic_sentiment,economic_cycle,PL,M,2021-02-01,2021-02-28,90.5,"index, long-term average = 100",,,,"",eurostat,ei_bssi_m_r2,PL,2021-02,2026-08-28T11:00:00+0200,2026-09-28T01:56:21+00:00,6b235d028c6fd1630af6d7607cbe8ba058abb4c903ca78cc69263cceb8982912
economic_sentiment,economic_cycle,PL,M,2021-03-01,2021-03-31,94.3,"index, long-term average = 100",,,,"",eurostat,ei_bssi_m_r2,PL,2021-03,2026-08-28T11:00:00+0200,2026-09-28T01:56:21+00:00,6b235d028c6fd1630af6d7607cbe8ba058abb4c903ca78cc69263cceb8982912
economic_sentiment,economic_cycle,PL,M,2021-04-01,2021-04-30,95.0,"index, long-term average = 100",,,,"",eurostat,ei_bssi_m_r2,PL,2021-04,2026-08-28T11:00:00+0200,2026-09-28T01:56:21+00:00,6b235d028c6fd1630af6d7607cbe8ba058abb4c903ca78cc69263cceb8982912
economic_sentiment,economic_cycle,PL,M,2021-05-01,2021-05-31,100.3,"index, long-term average = 100",,,,"",eurostat,ei_bssi_m_r2,PL,2021-05,2026-08-28T11:00:00+0200,2026-09-28T01:56:21+00:00,6b235d028c6fd1630af6d7607cbe8ba058abb4c903ca78cc69263cceb8982912
economic_sentiment,economic_cycle,PL,M,2021-06-01,2021-06-30,103.9,"index, long-term average = 100",,,,"",eurostat,ei_bssi_m_r2,PL,2021-06,2026-08-28T11:00:00+0200,2026-09-28T01:56:21+00:00,6b235d028c6fd1630af6d7607cbe8ba058abb4c903ca78cc69263cceb8982912
economic_sentiment,economic_cycle,PL,M,2021-07-01,2021-07-31,105.6,"index, long-term average = 100",,,,"",eurostat,ei_bssi_m_r2,PL,2021-07,2026-08-28T11:00:00+0200,2026-09-28T01:56:21+00:00,6b235d028c6fd1630af6d7607cbe8ba058abb4c903ca78cc69263cceb8982912
economic_sentiment,economic_cycle,PL,M,2021-08-01,2021-08-31,104.6,"index, long-term average = 100",,,,"",eurostat,ei_bssi_m_r2,PL,2021-08,2026-08-28T11:00:00+0200,2026-09-28T01:56:21+00:00,6b235d028c6fd1630af6d7607cbe8ba058abb4c903ca78cc69263cceb8982912
economic_sentiment,economic_cycle,PL,M,2021-09-01,2021-09-30,105.2,"index, long-term average = 100",,,,"",eurostat,ei_bssi_m_r2,PL,2021-09,2026-08-28T11:00:00+0200,2026-09-28T01:56:21+00:00,6b235d028c6fd1630af6d7607cbe8ba058abb4c903ca78cc69263cceb8982912
economic_sentiment,economic_cycle,PL,M,2021-10-01,2021-10-31,104.2,"index, long-term average = 100",,,,"",eurostat,ei_bssi_m_r2,PL,2021-10,2026-08-28T11:00:00+0200,2026-09-28T01:56:21+00:00,6b235d028c6fd1630af6d7607cbe8ba058abb4c903ca78cc69263cceb8982912
economic_sentiment,economic_cycle,PL,M,2021-11-01,2021-11-30,102.0,"index, long-term average = 100",,,,"",eurostat,ei_bssi_m_r2,PL,2021-11,2026-08-28T11:00:00+0200,2026-09-28T01:56:21+00:00,6b235d028c6fd1630af6d7607cbe8ba058abb4c903ca78cc69263cceb8982912
economic_sentiment,economic_cycle,PL,M,2021-12-01,2021-12-31,101.7,"index, long-term average = 100",,,,"",eurostat,ei_bssi_m_r2,PL,2021-12,2026-08-28T11:00:00+0200,2026-09-28T01:56:21+00:00,6b235d028c6fd1630af6d7607cbe8ba058abb4c903ca78cc69263cceb8982912
economic_sentiment,economic_cycle,PL,M,2022-01-01,2022-01-31,97.9,"index, long-term average = 100",,,,"",eurostat,ei_bssi_m_r2,PL,2022-01,2026-08-28T11:00:00+0200,2026-09-28T01:56:21+00:00,6b235d028c6fd1630af6d7607cbe8ba058abb4c903ca78cc69263cceb8982912
economic_sentiment,economic_cycle,PL,M,2022-02-01,2022-02-28,98.8,"index, long-term average = 100",,,,"",eurostat,ei_bssi_m_r2,PL,2022-02,2026-08-28T11:00:00+0200,2026-09-28T01:56:21+00:00,6b235d028c6fd1630af6d7607cbe8ba058abb4c903ca78cc69263cceb8982912
economic_sentiment,economic_cycle,PL,M,2022-03-01,2022-03-31,91.0,"index, long-term average = 100",,,,"",eurostat,ei_bssi_m_r2,PL,2022-03,2026-08-28T11:00:00+0200,2026-09-28T01:56:21+00:00,6b235d028c6fd1630af6d7607cbe8ba058abb4c903ca78cc69263cceb8982912
economic_sentiment,economic_cycle,PL,M,2022-04-01,2022-04-30,92.8,"index, long-term average = 100",,,,"",eurostat,ei_bssi_m_r2,PL,2022-04,2026-08-28T11:00:00+0200,2026-09-28T01:56:21+00:00,6b235d028c6fd1630af6d7607cbe8ba058abb4c903ca78cc69263cceb8982912
economic_sentiment,economic_cycle,PL,M,2022-05-01,2022-05-31,93.3,"index, long-term average = 100",,,,"",eurostat,ei_bssi_m_r2,PL,2022-05,2026-08-28T11:00:00+0200,2026-09-28T01:56:21+00:00,6b235d028c6fd1630af6d7607cbe8ba058abb4c903ca78cc69263cceb8982912
economic_sentiment,economic_cycle,PL,M,2022-06-01,2022-06-30,88.9,"index, long-term average = 100",,,,"",eurostat,ei_bssi_m_r2,PL,2022-06,2026-08-28T11:00:00+0200,2026-09-28T01:56:21+00:00,6b235d028c6fd1630af6d7607cbe8ba058abb4c903ca78cc69263cceb8982912
economic_sentiment,economic_cycle,PL,M,2022-07-01,2022-07-31,87.9,"index, long-term average = 100",,,,"",eurostat,ei_bssi_m_r2,PL,2022-07,2026-08-28T11:00:00+0200,2026-09-28T01:56:21+00:00,6b235d028c6fd1630af6d7607cbe8ba058abb4c903ca78cc69263cceb8982912
economic_sentiment,economic_cycle,PL,M,2022-08-01,2022-08-31,86.8,"index, long-term average = 100",,,,"",eurostat,ei_bssi_m_r2,PL,2022-08,2026-08-28T11:00:00+0200,2026-09-28T01:56:21+00:00,6b235d028c6fd1630af6d7607cbe8ba058abb4c903ca78cc69263cceb8982912
economic_sentiment,economic_cycle,PL,M,2022-09-01,2022-09-30,83.7,"index, long-term average = 100",,,,"",eurostat,ei_bssi_m_r2,PL,2022-09,2026-08-28T11:00:00+0200,2026-09-28T01:56:21+00:00,6b235d028c6fd1630af6d7607cbe8ba058abb4c903ca78cc69263cceb8982912
economic_sentiment,economic_cycle,PL,M,2022-10-01,2022-10-31,83.1,"index, long-term average = 100",,,,"",eurostat,ei_bssi_m_r2,PL,2022-10,2026-08-28T11:00:00+0200,2026-09-28T01:56:21+00:00,6b235d028c6fd1630af6d7607cbe8ba058abb4c903ca78cc69263cceb8982912
economic_sentiment,economic_cycle,PL,M,2022-11-01,2022-11-30,83.1,"index, long-term average = 100",,,,"",eurostat,ei_bssi_m_r2,PL,2022-11,2026-08-28T11:00:00+0200,2026-09-28T01:56:21+00:00,6b235d028c6fd1630af6d7607cbe8ba058abb4c903ca78cc69263cceb8982912
economic_sentiment,economic_cycle,PL,M,2022-12-01,2022-12-31,84.9,"index, long-term average = 100",,,,"",eurostat,ei_bssi_m_r2,PL,2022-12,2026-08-28T11:00:00+0200,2026-09-28T01:56:21+00:00,6b235d028c6fd1630af6d7607cbe8ba058abb4c903ca78cc69263cceb8982912
economic_sentiment,economic_cycle,PL,M,2023-01-01,2023-01-31,83.5,"index, long-term average = 100",,,,"",eurostat,ei_bssi_m_r2,PL,2023-01,2026-08-28T11:00:00+0200,2026-09-28T01:56:21+00:00,6b235d028c6fd1630af6d7607cbe8ba058abb4c903ca78cc69263cceb8982912
economic_sentiment,economic_cycle,PL,M,2023-02-01,2023-02-28,85.5,"index, long-term average = 100",,,,"",eurostat,ei_bssi_m_r2,PL,2023-02,2026-08-28T11:00:00+0200,2026-09-28T01:56:21+00:00,6b235d028c6fd1630af6d7607cbe8ba058abb4c903ca78cc69263cceb8982912
economic_sentiment,economic_cycle,PL,M,2023-03-01,2023-03-31,86.7,"index, long-term average = 100",,,,"",eurostat,ei_bssi_m_r2,PL,2023-03,2026-08-28T11:00:00+0200,2026-09-28T01:56:21+00:00,6b235d028c6fd1630af6d7607cbe8ba058abb4c903ca78cc69263cceb8982912
economic_sentiment,economic_cycle,PL,M,2023-04-01,2023-04-30,88.8,"index, long-term average = 100",,,,"",eurostat,ei_bssi_m_r2,PL,2023-04,2026-08-28T11:00:00+0200,2026-09-28T01:56:21+00:00,6b235d028c6fd1630af6d7607cbe8ba058abb4c903ca78cc69263cceb8982912
economic_sentiment,economic_cycle,PL,M,2023-05-01,2023-05-31,89.0,"index, long-term average = 100",,,,"",eurostat,ei_bssi_m_r2,PL,2023-05,2026-08-28T11:00:00+0200,2026-09-28T01:56:21+00:00,6b235d028c6fd1630af6d7607cbe8ba058abb4c903ca78cc69263cceb8982912
economic_sentiment,economic_cycle,PL,M,2023-06-01,2023-06-30,89.8,"index, long-term average = 100",,,,"",eurostat,ei_bssi_m_r2,PL,2023-06,2026-08-28T11:00:00+0200,2026-09-28T01:56:21+00:00,6b235d028c6fd1630af6d7607cbe8ba058abb4c903ca78cc69263cceb8982912
economic_sentiment,economic_cycle,PL,M,2023-07-01,2023-07-31,90.9,"index, long-term average = 100",,,,"",eurostat,ei_bssi_m_r2,PL,2023-07,2026-08-28T11:00:00+0200,2026-09-28T01:56:21+00:00,6b235d028c6fd1630af6d7607cbe8ba058abb4c903ca78cc69263cceb8982912
economic_sentiment,economic_cycle,PL,M,2023-08-01,2023-08-31,92.0,"index, long-term average = 100",,,,"",eurostat,ei_bssi_m_r2,PL,2023-08,2026-08-28T11:00:00+0200,2026-09-28T01:56:21+00:00,6b235d028c6fd1630af6d7607cbe8ba058abb4c903ca78cc69263cceb8982912
economic_sentiment,economic_cycle,PL,M,2023-09-01,2023-09-30,93.3,"index, long-term average = 100",,,,"",eurostat,ei_bssi_m_r2,PL,2023-09,2026-08-28T11:00:00+0200,2026-09-28T01:56:21+00:00,6b235d028c6fd1630af6d7607cbe8ba058abb4c903ca78cc69263cceb8982912
economic_sentiment,economic_cycle,PL,M,2023-10-01,2023-10-31,94.9,"index, long-term average = 100",,,,"",eurostat,ei_bssi_m_r2,PL,2023-10,2026-08-28T11:00:00+0200,2026-09-28T01:56:21+00:00,6b235d028c6fd1630af6d7607cbe8ba058abb4c903ca78cc69263cceb8982912
economic_sentiment,economic_cycle,PL,M,2023-11-01,2023-11-30,96.6,"index, long-term average = 100",,,,"",eurostat,ei_bssi_m_r2,PL,2023-11,2026-08-28T11:00:00+0200,2026-09-28T01:56:21+00:00,6b235d028c6fd1630af6d7607cbe8ba058abb4c903ca78cc69263cceb8982912
economic_sentiment,economic_cycle,PL,M,2023-12-01,2023-12-31,97.4,"index, long-term average = 100",,,,"",eurostat,ei_bssi_m_r2,PL,2023-12,2026-08-28T11:00:00+0200,2026-09-28T01:56:21+00:00,6b235d028c6fd1630af6d7607cbe8ba058abb4c903ca78cc69263cceb8982912
economic_sentiment,economic_cycle,PL,M,2024-01-01,2024-01-31,99.0,"index, long-term average = 100",,,,"",eurostat,ei_bssi_m_r2,PL,2024-01,2026-08-28T11:00:00+0200,2026-09-28T01:56:21+00:00,6b235d028c6fd1630af6d7607cbe8ba058abb4c903ca78cc69263cceb8982912
economic_sentiment,economic_cycle,PL,M,2024-02-01,2024-02-29,99.5,"index, long-term average = 100",,,,"",eurostat,ei_bssi_m_r2,PL,2024-02,2026-08-28T11:00:00+0200,2026-09-28T01:56:21+00:00,6b235d028c6fd1630af6d7607cbe8ba058abb4c903ca78cc69263cceb8982912
economic_sentiment,economic_cycle,PL,M,2024-03-01,2024-03-31,99.6,"index, long-term average = 100",,,,"",eurostat,ei_bssi_m_r2,PL,2024-03,2026-08-28T11:00:00+0200,2026-09-28T01:56:21+00:00,6b235d028c6fd1630af6d7607cbe8ba058abb4c903ca78cc69263cceb8982912
economic_sentiment,economic_cycle,PL,M,2024-04-01,2024-04-30,100.6,"index, long-term average = 100",,,,"",eurostat,ei_bssi_m_r2,PL,2024-04,2026-08-28T11:00:00+0200,2026-09-28T01:56:21+00:00,6b235d028c6fd1630af6d7607cbe8ba058abb4c903ca78cc69263cceb8982912
economic_sentiment,economic_cycle,PL,M,2024-05-01,2024-05-31,98.2,"index, long-term average = 100",,,,"",eurostat,ei_bssi_m_r2,PL,2024-05,2026-08-28T11:00:00+0200,2026-09-28T01:56:21+00:00,6b235d028c6fd1630af6d7607cbe8ba058abb4c903ca78cc69263cceb8982912
economic_sentiment,economic_cycle,PL,M,2024-06-01,2024-06-30,98.7,"index, long-term average = 100",,,,"",eurostat,ei_bssi_m_r2,PL,2024-06,2026-08-28T11:00:00+0200,2026-09-28T01:56:21+00:00,6b235d028c6fd1630af6d7607cbe8ba058abb4c903ca78cc69263cceb8982912
economic_sentiment,economic_cycle,PL,M,2024-07-01,2024-07-31,97.8,"index, long-term average = 100",,,,"",eurostat,ei_bssi_m_r2,PL,2024-07,2026-08-28T11:00:00+0200,2026-09-28T01:56:21+00:00,6b235d028c6fd1630af6d7607cbe8ba058abb4c903ca78cc69263cceb8982912
economic_sentiment,economic_cycle,PL,M,2024-08-01,2024-08-31,97.7,"index, long-term average = 100",,,,"",eurostat,ei_bssi_m_r2,PL,2024-08,2026-08-28T11:00:00+0200,2026-09-28T01:56:21+00:00,6b235d028c6fd1630af6d7607cbe8ba058abb4c903ca78cc69263cceb8982912
economic_sentiment,economic_cycle,PL,M,2024-09-01,2024-09-30,98.3,"index, long-term average = 100",,,,"",eurostat,ei_bssi_m_r2,PL,2024-09,2026-08-28T11:00:00+0200,2026-09-28T01:56:21+00:00,6b235d028c6fd1630af6d7607cbe8ba058abb4c903ca78cc69263cceb8982912
economic_sentiment,economic_cycle,PL,M,2024-10-01,2024-10-31,96.8,"index, long-term average = 100",,,,"",eurostat,ei_bssi_m_r2,PL,2024-10,2026-08-28T11:00:00+0200,2026-09-28T01:56:21+00:00,6b235d028c6fd1630af6d7607cbe8ba058abb4c903ca78cc69263cceb8982912
economic_sentiment,economic_cycle,PL,M,2024-11-01,2024-11-30,97.2,"index, long-term average = 100",,,,"",eurostat,ei_bssi_m_r2,PL,2024-11,2026-08-28T11:00:00+0200,2026-09-28T01:56:21+00:00,6b235d028c6fd1630af6d7607cbe8ba058abb4c903ca78cc69263cceb8982912
economic_sentiment,economic_cycle,PL,M,2024-12-01,2024-12-31,97.6,"index, long-term average = 100",,,,"",eurostat,ei_bssi_m_r2,PL,2024-12,2026-08-28T11:00:00+0200,2026-09-28T01:56:21+00:00,6b235d028c6fd1630af6d7607cbe8ba058abb4c903ca78cc69263cceb8982912
economic_sentiment,economic_cycle,PL,M,2025-01-01,2025-01-31,96.2,"index, long-term average = 100",,,,"",eurostat,ei_bssi_m_r2,PL,2025-01,2026-08-28T11:00:00+0200,2026-09-28T01:56:21+00:00,6b235d028c6fd1630af6d7607cbe8ba058abb4c903ca78cc69263cceb8982912
economic_sentiment,economic_cycle,PL,M,2025-02-01,2025-02-28,97.7,"index, long-term average = 100",,,,"",eurostat,ei_bssi_m_r2,PL,2025-02,2026-08-28T11:00:00+0200,2026-09-28T01:56:21+00:00,6b235d028c6fd1630af6d7607cbe8ba058abb4c903ca78cc69263cceb8982912
economic_sentiment,economic_cycle,PL,M,2025-03-01,2025-03-31,98.6,"index, long-term average = 100",,,,"",eurostat,ei_bssi_m_r2,PL,2025-03,2026-08-28T11:00:00+0200,2026-09-28T01:56:21+00:00,6b235d028c6fd1630af6d7607cbe8ba058abb4c903ca78cc69263cceb8982912
economic_sentiment,economic_cycle,PL,M,2025-04-01,2025-04-30,97.8,"index, long-term average = 100",,,,"",eurostat,ei_bssi_m_r2,PL,2025-04,2026-08-28T11:00:00+0200,2026-09-28T01:56:21+00:00,6b235d028c6fd1630af6d7607cbe8ba058abb4c903ca78cc69263cceb8982912
economic_sentiment,economic_cycle,PL,M,2025-05-01,2025-05-31,98.0,"index, long-term average = 100",,,,"",eurostat,ei_bssi_m_r2,PL,2025-05,2026-08-28T11:00:00+0200,2026-09-28T01:56:21+00:00,6b235d028c6fd1630af6d7607cbe8ba058abb4c903ca78cc69263cceb8982912
economic_sentiment,economic_cycle,PL,M,2025-06-01,2025-06-30,99.4,"index, long-term average = 100",,,,"",eurostat,ei_bssi_m_r2,PL,2025-06,2026-08-28T11:00:00+0200,2026-09-28T01:56:21+00:00,6b235d028c6fd1630af6d7607cbe8ba058abb4c903ca78cc69263cceb8982912
economic_sentiment,economic_cycle,PL,M,2025-07-01,2025-07-31,98.8,"index, long-term average = 100",,,,"",eurostat,ei_bssi_m_r2,PL,2025-07,2026-08-28T11:00:00+0200,2026-09-28T01:56:21+00:00,6b235d028c6fd1630af6d7607cbe8ba058abb4c903ca78cc69263cceb8982912
economic_sentiment,economic_cycle,PL,M,2025-08-01,2025-08-31,97.9,"index, long-term average = 100",,,,"",eurostat,ei_bssi_m_r2,PL,2025-08,2026-08-28T11:00:00+0200,2026-09-28T01:56:21+00:00,6b235d028c6fd1630af6d7607cbe8ba058abb4c903ca78cc69263cceb8982912
economic_sentiment,economic_cycle,PL,M,2025-09-01,2025-09-30,99.2,"index, long-term average = 100",,,,"",eurostat,ei_bssi_m_r2,PL,2025-09,2026-08-28T11:00:00+0200,2026-09-28T01:56:21+00:00,6b235d028c6fd1630af6d7607cbe8ba058abb4c903ca78cc69263cceb8982912
economic_sentiment,economic_cycle,PL,M,2025-10-01,2025-10-31,98.1,"index, long-term average = 100",,,,"",eurostat,ei_bssi_m_r2,PL,2025-10,2026-08-28T11:00:00+0200,2026-09-28T01:56:21+00:00,6b235d028c6fd1630af6d7607cbe8ba058abb4c903ca78cc69263cceb8982912
economic_sentiment,economic_cycle,PL,M,2025-11-01,2025-11-30,99.4,"index, long-term average = 100",,,,"",eurostat,ei_bssi_m_r2,PL,2025-11,2026-08-28T11:00:00+0200,2026-09-28T01:56:21+00:00,6b235d028c6fd1630af6d7607cbe8ba058abb4c903ca78cc69263cceb8982912
economic_sentiment,economic_cycle,PL,M,2025-12-01,2025-12-31,99.4,"index, long-term average = 100",,,,"",eurostat,ei_bssi_m_r2,PL,2025-12,2026-08-28T11:00:00+0200,2026-09-28T01:56:21+00:00,6b235d028c6fd1630af6d7607cbe8ba058abb4c903ca78cc69263cceb8982912
economic_sentiment,economic_cycle,PL,M,2026-01-01,2026-01-31,100.9,"index, long-term average = 100",,,,"",eurostat,ei_bssi_m_r2,PL,2026-01,2026-08-28T11:00:00+0200,2026-09-28T01:56:21+00:00,6b235d028c6fd1630af6d7607cbe8ba058abb4c903ca78cc69263cceb8982912
economic_sentiment,economic_cycle,PL,M,2026-02-01,2026-02-28,101.6,"index, long-term average = 100",,,,"",eurostat,ei_bssi_m_r2,PL,2026-02,2026-08-28T11:00:00+0200,2026-09-28T01:56:21+00:00,6b235d028c6fd1630af6d7607cbe8ba058abb4c903ca78cc69263cceb8982912
economic_sentiment,economic_cycle,PL,M,2026-03-01,2026-03-31,99.7,"index, long-term average = 100",,,,"",eurostat,ei_bssi_m_r2,PL,2026-03,2026-08-28T11:00:00+0200,2026-09-28T01:56:21+00:00,6b235d028c6fd1630af6d7607cbe8ba058abb4c903ca78cc69263cceb8982912
economic_sentiment,economic_cycle,PL,M,2026-04-01,2026-04-30,99.3,"index, long-term average = 100",,,,"",eurostat,ei_bssi_m_r2,PL,2026-04,2026-08-28T11:00:00+0200,2026-09-28T01:56:21+00:00,6b235d028c6fd1630af6d7607cbe8ba058abb4c903ca78cc69263cceb8982912
economic_sentiment,economic_cycle,PL,M,2026-05-01,2026-05-31,99.8,"index, long-term average = 100",,,,"",eurostat,ei_bssi_m_r2,PL,2026-05,2026-08-28T11:00:00+0200,2026-09-28T01:56:21+00:00,6b235d028c6fd1630af6d7607cbe8ba058abb4c903ca78cc69263cceb8982912
economic_sentiment,economic_cycle,PL,M,2026-06-01,2026-06-30,100.2,"index, long-term average = 100",,,,"",eurostat,ei_bssi_m_r2,PL,2026-06,2026-08-28T11:00:00+0200,2026-09-28T01:56:21+00:00,6b235d028c6fd1630af6d7607cbe8ba058abb4c903ca78cc69263cceb8982912
economic_sentiment,economic_cycle,PL,M,2026-07-01,2026-07-31,100.1,"index, long-term average = 100",,,,"",eurostat,ei_bssi_m_r2,PL,2026-07,2026-08-28T11:00:00+0200,2026-09-28T01:56:21+00:00,6b235d028c6fd1630af6d7607cbe8ba058abb4c903ca78cc69263cceb8982912
economic_sentiment,economic_cycle,PL,M,2026-08-01,2026-08-31,99.6,"index, long-term average = 100",,,,"",eurostat,ei_bssi_m_r2,PL,2026-08,2026-08-28T11:00:00+0200,2026-09-28T01:56:21+00:00,6b235d028c6fd1630af6d7607cbe8ba058abb4c903ca78cc69263cceb8982912
economic_sentiment,economic_cycle,RO,M,2019-01-01,2019-01-31,102.5,"index, long-term average = 100",,,,"",eurostat,ei_bssi_m_r2,RO,2019-01,2026-08-28T11:00:00+0200,2026-09-28T01:56:21+00:00,6b235d028c6fd1630af6d7607cbe8ba058abb4c903ca78cc69263cceb8982912
economic_sentiment,economic_cycle,RO,M,2019-02-01,2019-02-28,103.6,"index, long-term average = 100",,,,"",eurostat,ei_bssi_m_r2,RO,2019-02,2026-08-28T11:00:00+0200,2026-09-28T01:56:21+00:00,6b235d028c6fd1630af6d7607cbe8ba058abb4c903ca78cc69263cceb8982912
economic_sentiment,economic_cycle,RO,M,2019-03-01,2019-03-31,105.4,"index, long-term average = 100",,,,"",eurostat,ei_bssi_m_r2,RO,2019-03,2026-08-28T11:00:00+0200,2026-09-28T01:56:21+00:00,6b235d028c6fd1630af6d7607cbe8ba058abb4c903ca78cc69263cceb8982912
economic_sentiment,economic_cycle,RO,M,2019-04-01,2019-04-30,104.1,"index, long-term average = 100",,,,"",eurostat,ei_bssi_m_r2,RO,2019-04,2026-08-28T11:00:00+0200,2026-09-28T01:56:21+00:00,6b235d028c6fd1630af6d7607cbe8ba058abb4c903ca78cc69263cceb8982912
economic_sentiment,economic_cycle,RO,M,2019-05-01,2019-05-31,103.6,"index, long-term average = 100",,,,"",eurostat,ei_bssi_m_r2,RO,2019-05,2026-08-28T11:00:00+0200,2026-09-28T01:56:21+00:00,6b235d028c6fd1630af6d7607cbe8ba058abb4c903ca78cc69263cceb8982912
economic_sentiment,economic_cycle,RO,M,2019-06-01,2019-06-30,105.0,"index, long-term average = 100",,,,"",eurostat,ei_bssi_m_r2,RO,2019-06,2026-08-28T11:00:00+0200,2026-09-28T01:56:21+00:00,6b235d028c6fd1630af6d7607cbe8ba058abb4c903ca78cc69263cceb8982912
economic_sentiment,economic_cycle,RO,M,2019-07-01,2019-07-31,105.2,"index, long-term average = 100",,,,"",eurostat,ei_bssi_m_r2,RO,2019-07,2026-08-28T11:00:00+0200,2026-09-28T01:56:21+00:00,6b235d028c6fd1630af6d7607cbe8ba058abb4c903ca78cc69263cceb8982912
economic_sentiment,economic_cycle,RO,M,2019-08-01,2019-08-31,104.0,"index, long-term average = 100",,,,"",eurostat,ei_bssi_m_r2,RO,2019-08,2026-08-28T11:00:00+0200,2026-09-28T01:56:21+00:00,6b235d028c6fd1630af6d7607cbe8ba058abb4c903ca78cc69263cceb8982912
economic_sentiment,economic_cycle,RO,M,2019-09-01,2019-09-30,103.8,"index, long-term average = 100",,,,"",eurostat,ei_bssi_m_r2,RO,2019-09,2026-08-28T11:00:00+0200,2026-09-28T01:56:21+00:00,6b235d028c6fd1630af6d7607cbe8ba058abb4c903ca78cc69263cceb8982912
economic_sentiment,economic_cycle,RO,M,2019-10-01,2019-10-31,103.6,"index, long-term average = 100",,,,"",eurostat,ei_bssi_m_r2,RO,2019-10,2026-08-28T11:00:00+0200,2026-09-28T01:56:21+00:00,6b235d028c6fd1630af6d7607cbe8ba058abb4c903ca78cc69263cceb8982912
economic_sentiment,economic_cycle,RO,M,2019-11-01,2019-11-30,105.8,"index, long-term average = 100",,,,"",eurostat,ei_bssi_m_r2,RO,2019-11,2026-08-28T11:00:00+0200,2026-09-28T01:56:21+00:00,6b235d028c6fd1630af6d7607cbe8ba058abb4c903ca78cc69263cceb8982912
economic_sentiment,economic_cycle,RO,M,2019-12-01,2019-12-31,106.3,"index, long-term average = 100",,,,"",eurostat,ei_bssi_m_r2,RO,2019-12,2026-08-28T11:00:00+0200,2026-09-28T01:56:21+00:00,6b235d028c6fd1630af6d7607cbe8ba058abb4c903ca78cc69263cceb8982912
economic_sentiment,economic_cycle,RO,M,2020-01-01,2020-01-31,106.0,"index, long-term average = 100",,,,"",eurostat,ei_bssi_m_r2,RO,2020-01,2026-08-28T11:00:00+0200,2026-09-28T01:56:21+00:00,6b235d028c6fd1630af6d7607cbe8ba058abb4c903ca78cc69263cceb8982912
economic_sentiment,economic_cycle,RO,M,2020-02-01,2020-02-29,104.6,"index, long-term average = 100",,,,"",eurostat,ei_bssi_m_r2,RO,2020-02,2026-08-28T11:00:00+0200,2026-09-28T01:56:21+00:00,6b235d028c6fd1630af6d7607cbe8ba058abb4c903ca78cc69263cceb8982912
economic_sentiment,economic_cycle,RO,M,2020-03-01,2020-03-31,100.5,"index, long-term average = 100",,,,"",eurostat,ei_bssi_m_r2,RO,2020-03,2026-08-28T11:00:00+0200,2026-09-28T01:56:21+00:00,6b235d028c6fd1630af6d7607cbe8ba058abb4c903ca78cc69263cceb8982912
economic_sentiment,economic_cycle,RO,M,2020-04-01,2020-04-30,57.4,"index, long-term average = 100",,,,"",eurostat,ei_bssi_m_r2,RO,2020-04,2026-08-28T11:00:00+0200,2026-09-28T01:56:21+00:00,6b235d028c6fd1630af6d7607cbe8ba058abb4c903ca78cc69263cceb8982912
economic_sentiment,economic_cycle,RO,M,2020-05-01,2020-05-31,69.9,"index, long-term average = 100",,,,"",eurostat,ei_bssi_m_r2,RO,2020-05,2026-08-28T11:00:00+0200,2026-09-28T01:56:21+00:00,6b235d028c6fd1630af6d7607cbe8ba058abb4c903ca78cc69263cceb8982912
economic_sentiment,economic_cycle,RO,M,2020-06-01,2020-06-30,80.1,"index, long-term average = 100",,,,"",eurostat,ei_bssi_m_r2,RO,2020-06,2026-08-28T11:00:00+0200,2026-09-28T01:56:21+00:00,6b235d028c6fd1630af6d7607cbe8ba058abb4c903ca78cc69263cceb8982912
economic_sentiment,economic_cycle,RO,M,2020-07-01,2020-07-31,86.2,"index, long-term average = 100",,,,"",eurostat,ei_bssi_m_r2,RO,2020-07,2026-08-28T11:00:00+0200,2026-09-28T01:56:21+00:00,6b235d028c6fd1630af6d7607cbe8ba058abb4c903ca78cc69263cceb8982912
economic_sentiment,economic_cycle,RO,M,2020-08-01,2020-08-31,91.2,"index, long-term average = 100",,,,"",eurostat,ei_bssi_m_r2,RO,2020-08,2026-08-28T11:00:00+0200,2026-09-28T01:56:21+00:00,6b235d028c6fd1630af6d7607cbe8ba058abb4c903ca78cc69263cceb8982912
economic_sentiment,economic_cycle,RO,M,2020-09-01,2020-09-30,94.7,"index, long-term average = 100",,,,"",eurostat,ei_bssi_m_r2,RO,2020-09,2026-08-28T11:00:00+0200,2026-09-28T01:56:21+00:00,6b235d028c6fd1630af6d7607cbe8ba058abb4c903ca78cc69263cceb8982912
economic_sentiment,economic_cycle,RO,M,2020-10-01,2020-10-31,93.9,"index, long-term average = 100",,,,"",eurostat,ei_bssi_m_r2,RO,2020-10,2026-08-28T11:00:00+0200,2026-09-28T01:56:21+00:00,6b235d028c6fd1630af6d7607cbe8ba058abb4c903ca78cc69263cceb8982912
economic_sentiment,economic_cycle,RO,M,2020-11-01,2020-11-30,90.4,"index, long-term average = 100",,,,"",eurostat,ei_bssi_m_r2,RO,2020-11,2026-08-28T11:00:00+0200,2026-09-28T01:56:21+00:00,6b235d028c6fd1630af6d7607cbe8ba058abb4c903ca78cc69263cceb8982912
economic_sentiment,economic_cycle,RO,M,2020-12-01,2020-12-31,91.8,"index, long-term average = 100",,,,"",eurostat,ei_bssi_m_r2,RO,2020-12,2026-08-28T11:00:00+0200,2026-09-28T01:56:21+00:00,6b235d028c6fd1630af6d7607cbe8ba058abb4c903ca78cc69263cceb8982912
economic_sentiment,economic_cycle,RO,M,2021-01-01,2021-01-31,94.7,"index, long-term average = 100",,,,"",eurostat,ei_bssi_m_r2,RO,2021-01,2026-08-28T11:00:00+0200,2026-09-28T01:56:21+00:00,6b235d028c6fd1630af6d7607cbe8ba058abb4c903ca78cc69263cceb8982912
economic_sentiment,economic_cycle,RO,M,2021-02-01,2021-02-28,95.7,"index, long-term average = 100",,,,"",eurostat,ei_bssi_m_r2,RO,2021-02,2026-08-28T11:00:00+0200,2026-09-28T01:56:21+00:00,6b235d028c6fd1630af6d7607cbe8ba058abb4c903ca78cc69263cceb8982912
economic_sentiment,economic_cycle,RO,M,2021-03-01,2021-03-31,96.1,"index, long-term average = 100",,,,"",eurostat,ei_bssi_m_r2,RO,2021-03,2026-08-28T11:00:00+0200,2026-09-28T01:56:21+00:00,6b235d028c6fd1630af6d7607cbe8ba058abb4c903ca78cc69263cceb8982912
economic_sentiment,economic_cycle,RO,M,2021-04-01,2021-04-30,98.7,"index, long-term average = 100",,,,"",eurostat,ei_bssi_m_r2,RO,2021-04,2026-08-28T11:00:00+0200,2026-09-28T01:56:21+00:00,6b235d028c6fd1630af6d7607cbe8ba058abb4c903ca78cc69263cceb8982912
economic_sentiment,economic_cycle,RO,M,2021-05-01,2021-05-31,104.1,"index, long-term average = 100",,,,"",eurostat,ei_bssi_m_r2,RO,2021-05,2026-08-28T11:00:00+0200,2026-09-28T01:56:21+00:00,6b235d028c6fd1630af6d7607cbe8ba058abb4c903ca78cc69263cceb8982912
economic_sentiment,economic_cycle,RO,M,2021-06-01,2021-06-30,104.2,"index, long-term average = 100",,,,"",eurostat,ei_bssi_m_r2,RO,2021-06,2026-08-28T11:00:00+0200,2026-09-28T01:56:21+00:00,6b235d028c6fd1630af6d7607cbe8ba058abb4c903ca78cc69263cceb8982912
economic_sentiment,economic_cycle,RO,M,2021-07-01,2021-07-31,104.8,"index, long-term average = 100",,,,"",eurostat,ei_bssi_m_r2,RO,2021-07,2026-08-28T11:00:00+0200,2026-09-28T01:56:21+00:00,6b235d028c6fd1630af6d7607cbe8ba058abb4c903ca78cc69263cceb8982912
economic_sentiment,economic_cycle,RO,M,2021-08-01,2021-08-31,104.0,"index, long-term average = 100",,,,"",eurostat,ei_bssi_m_r2,RO,2021-08,2026-08-28T11:00:00+0200,2026-09-28T01:56:21+00:00,6b235d028c6fd1630af6d7607cbe8ba058abb4c903ca78cc69263cceb8982912
economic_sentiment,economic_cycle,RO,M,2021-09-01,2021-09-30,102.5,"index, long-term average = 100",,,,"",eurostat,ei_bssi_m_r2,RO,2021-09,2026-08-28T11:00:00+0200,2026-09-28T01:56:21+00:00,6b235d028c6fd1630af6d7607cbe8ba058abb4c903ca78cc69263cceb8982912
economic_sentiment,economic_cycle,RO,M,2021-10-01,2021-10-31,100.9,"index, long-term average = 100",,,,"",eurostat,ei_bssi_m_r2,RO,2021-10,2026-08-28T11:00:00+0200,2026-09-28T01:56:21+00:00,6b235d028c6fd1630af6d7607cbe8ba058abb4c903ca78cc69263cceb8982912
economic_sentiment,economic_cycle,RO,M,2021-11-01,2021-11-30,99.3,"index, long-term average = 100",,,,"",eurostat,ei_bssi_m_r2,RO,2021-11,2026-08-28T11:00:00+0200,2026-09-28T01:56:21+00:00,6b235d028c6fd1630af6d7607cbe8ba058abb4c903ca78cc69263cceb8982912
economic_sentiment,economic_cycle,RO,M,2021-12-01,2021-12-31,101.5,"index, long-term average = 100",,,,"",eurostat,ei_bssi_m_r2,RO,2021-12,2026-08-28T11:00:00+0200,2026-09-28T01:56:21+00:00,6b235d028c6fd1630af6d7607cbe8ba058abb4c903ca78cc69263cceb8982912
economic_sentiment,economic_cycle,RO,M,2022-01-01,2022-01-31,100.4,"index, long-term average = 100",,,,"",eurostat,ei_bssi_m_r2,RO,2022-01,2026-08-28T11:00:00+0200,2026-09-28T01:56:21+00:00,6b235d028c6fd1630af6d7607cbe8ba058abb4c903ca78cc69263cceb8982912
economic_sentiment,economic_cycle,RO,M,2022-02-01,2022-02-28,100.8,"index, long-term average = 100",,,,"",eurostat,ei_bssi_m_r2,RO,2022-02,2026-08-28T11:00:00+0200,2026-09-28T01:56:21+00:00,6b235d028c6fd1630af6d7607cbe8ba058abb4c903ca78cc69263cceb8982912
economic_sentiment,economic_cycle,RO,M,2022-03-01,2022-03-31,99.7,"index, long-term average = 100",,,,"",eurostat,ei_bssi_m_r2,RO,2022-03,2026-08-28T11:00:00+0200,2026-09-28T01:56:21+00:00,6b235d028c6fd1630af6d7607cbe8ba058abb4c903ca78cc69263cceb8982912
economic_sentiment,economic_cycle,RO,M,2022-04-01,2022-04-30,99.7,"index, long-term average = 100",,,,"",eurostat,ei_bssi_m_r2,RO,2022-04,2026-08-28T11:00:00+0200,2026-09-28T01:56:21+00:00,6b235d028c6fd1630af6d7607cbe8ba058abb4c903ca78cc69263cceb8982912
economic_sentiment,economic_cycle,RO,M,2022-05-01,2022-05-31,98.8,"index, long-term average = 100",,,,"",eurostat,ei_bssi_m_r2,RO,2022-05,2026-08-28T11:00:00+0200,2026-09-28T01:56:21+00:00,6b235d028c6fd1630af6d7607cbe8ba058abb4c903ca78cc69263cceb8982912
economic_sentiment,economic_cycle,RO,M,2022-06-01,2022-06-30,97.9,"index, long-term average = 100",,,,"",eurostat,ei_bssi_m_r2,RO,2022-06,2026-08-28T11:00:00+0200,2026-09-28T01:56:21+00:00,6b235d028c6fd1630af6d7607cbe8ba058abb4c903ca78cc69263cceb8982912
economic_sentiment,economic_cycle,RO,M,2022-07-01,2022-07-31,98.8,"index, long-term average = 100",,,,"",eurostat,ei_bssi_m_r2,RO,2022-07,2026-08-28T11:00:00+0200,2026-09-28T01:56:21+00:00,6b235d028c6fd1630af6d7607cbe8ba058abb4c903ca78cc69263cceb8982912
economic_sentiment,economic_cycle,RO,M,2022-08-01,2022-08-31,96.9,"index, long-term average = 100",,,,"",eurostat,ei_bssi_m_r2,RO,2022-08,2026-08-28T11:00:00+0200,2026-09-28T01:56:21+00:00,6b235d028c6fd1630af6d7607cbe8ba058abb4c903ca78cc69263cceb8982912
economic_sentiment,economic_cycle,RO,M,2022-09-01,2022-09-30,97.9,"index, long-term average = 100",,,,"",eurostat,ei_bssi_m_r2,RO,2022-09,2026-08-28T11:00:00+0200,2026-09-28T01:56:21+00:00,6b235d028c6fd1630af6d7607cbe8ba058abb4c903ca78cc69263cceb8982912
economic_sentiment,economic_cycle,RO,M,2022-10-01,2022-10-31,97.9,"index, long-term average = 100",,,,"",eurostat,ei_bssi_m_r2,RO,2022-10,2026-08-28T11:00:00+0200,2026-09-28T01:56:21+00:00,6b235d028c6fd1630af6d7607cbe8ba058abb4c903ca78cc69263cceb8982912
economic_sentiment,economic_cycle,RO,M,2022-11-01,2022-11-30,99.7,"index, long-term average = 100",,,,"",eurostat,ei_bssi_m_r2,RO,2022-11,2026-08-28T11:00:00+0200,2026-09-28T01:56:21+00:00,6b235d028c6fd1630af6d7607cbe8ba058abb4c903ca78cc69263cceb8982912
economic_sentiment,economic_cycle,RO,M,2022-12-01,2022-12-31,98.1,"index, long-term average = 100",,,,"",eurostat,ei_bssi_m_r2,RO,2022-12,2026-08-28T11:00:00+0200,2026-09-28T01:56:21+00:00,6b235d028c6fd1630af6d7607cbe8ba058abb4c903ca78cc69263cceb8982912
economic_sentiment,economic_cycle,RO,M,2023-01-01,2023-01-31,97.5,"index, long-term average = 100",,,,"",eurostat,ei_bssi_m_r2,RO,2023-01,2026-08-28T11:00:00+0200,2026-09-28T01:56:21+00:00,6b235d028c6fd1630af6d7607cbe8ba058abb4c903ca78cc69263cceb8982912
economic_sentiment,economic_cycle,RO,M,2023-02-01,2023-02-28,99.0,"index, long-term average = 100",,,,"",eurostat,ei_bssi_m_r2,RO,2023-02,2026-08-28T11:00:00+0200,2026-09-28T01:56:21+00:00,6b235d028c6fd1630af6d7607cbe8ba058abb4c903ca78cc69263cceb8982912
economic_sentiment,economic_cycle,RO,M,2023-03-01,2023-03-31,99.3,"index, long-term average = 100",,,,"",eurostat,ei_bssi_m_r2,RO,2023-03,2026-08-28T11:00:00+0200,2026-09-28T01:56:21+00:00,6b235d028c6fd1630af6d7607cbe8ba058abb4c903ca78cc69263cceb8982912
economic_sentiment,economic_cycle,RO,M,2023-04-01,2023-04-30,99.5,"index, long-term average = 100",,,,"",eurostat,ei_bssi_m_r2,RO,2023-04,2026-08-28T11:00:00+0200,2026-09-28T01:56:21+00:00,6b235d028c6fd1630af6d7607cbe8ba058abb4c903ca78cc69263cceb8982912
economic_sentiment,economic_cycle,RO,M,2023-05-01,2023-05-31,99.5,"index, long-term average = 100",,,,"",eurostat,ei_bssi_m_r2,RO,2023-05,2026-08-28T11:00:00+0200,2026-09-28T01:56:21+00:00,6b235d028c6fd1630af6d7607cbe8ba058abb4c903ca78cc69263cceb8982912
economic_sentiment,economic_cycle,RO,M,2023-06-01,2023-06-30,101.4,"index, long-term average = 100",,,,"",eurostat,ei_bssi_m_r2,RO,2023-06,2026-08-28T11:00:00+0200,2026-09-28T01:56:21+00:00,6b235d028c6fd1630af6d7607cbe8ba058abb4c903ca78cc69263cceb8982912
economic_sentiment,economic_cycle,RO,M,2023-07-01,2023-07-31,100.8,"index, long-term average = 100",,,,"",eurostat,ei_bssi_m_r2,RO,2023-07,2026-08-28T11:00:00+0200,2026-09-28T01:56:21+00:00,6b235d028c6fd1630af6d7607cbe8ba058abb4c903ca78cc69263cceb8982912
economic_sentiment,economic_cycle,RO,M,2023-08-01,2023-08-31,100.7,"index, long-term average = 100",,,,"",eurostat,ei_bssi_m_r2,RO,2023-08,2026-08-28T11:00:00+0200,2026-09-28T01:56:21+00:00,6b235d028c6fd1630af6d7607cbe8ba058abb4c903ca78cc69263cceb8982912
economic_sentiment,economic_cycle,RO,M,2023-09-01,2023-09-30,100.7,"index, long-term average = 100",,,,"",eurostat,ei_bssi_m_r2,RO,2023-09,2026-08-28T11:00:00+0200,2026-09-28T01:56:21+00:00,6b235d028c6fd1630af6d7607cbe8ba058abb4c903ca78cc69263cceb8982912
economic_sentiment,economic_cycle,RO,M,2023-10-01,2023-10-31,100.5,"index, long-term average = 100",,,,"",eurostat,ei_bssi_m_r2,RO,2023-10,2026-08-28T11:00:00+0200,2026-09-28T01:56:21+00:00,6b235d028c6fd1630af6d7607cbe8ba058abb4c903ca78cc69263cceb8982912
economic_sentiment,economic_cycle,RO,M,2023-11-01,2023-11-30,100.9,"index, long-term average = 100",,,,"",eurostat,ei_bssi_m_r2,RO,2023-11,2026-08-28T11:00:00+0200,2026-09-28T01:56:21+00:00,6b235d028c6fd1630af6d7607cbe8ba058abb4c903ca78cc69263cceb8982912
economic_sentiment,economic_cycle,RO,M,2023-12-01,2023-12-31,102.4,"index, long-term average = 100",,,,"",eurostat,ei_bssi_m_r2,RO,2023-12,2026-08-28T11:00:00+0200,2026-09-28T01:56:21+00:00,6b235d028c6fd1630af6d7607cbe8ba058abb4c903ca78cc69263cceb8982912
economic_sentiment,economic_cycle,RO,M,2024-01-01,2024-01-31,102.4,"index, long-term average = 100",,,,"",eurostat,ei_bssi_m_r2,RO,2024-01,2026-08-28T11:00:00+0200,2026-09-28T01:56:21+00:00,6b235d028c6fd1630af6d7607cbe8ba058abb4c903ca78cc69263cceb8982912
economic_sentiment,economic_cycle,RO,M,2024-02-01,2024-02-29,101.5,"index, long-term average = 100",,,,"",eurostat,ei_bssi_m_r2,RO,2024-02,2026-08-28T11:00:00+0200,2026-09-28T01:56:21+00:00,6b235d028c6fd1630af6d7607cbe8ba058abb4c903ca78cc69263cceb8982912
economic_sentiment,economic_cycle,RO,M,2024-03-01,2024-03-31,103.7,"index, long-term average = 100",,,,"",eurostat,ei_bssi_m_r2,RO,2024-03,2026-08-28T11:00:00+0200,2026-09-28T01:56:21+00:00,6b235d028c6fd1630af6d7607cbe8ba058abb4c903ca78cc69263cceb8982912
economic_sentiment,economic_cycle,RO,M,2024-04-01,2024-04-30,105.3,"index, long-term average = 100",,,,"",eurostat,ei_bssi_m_r2,RO,2024-04,2026-08-28T11:00:00+0200,2026-09-28T01:56:21+00:00,6b235d028c6fd1630af6d7607cbe8ba058abb4c903ca78cc69263cceb8982912
economic_sentiment,economic_cycle,RO,M,2024-05-01,2024-05-31,103.0,"index, long-term average = 100",,,,"",eurostat,ei_bssi_m_r2,RO,2024-05,2026-08-28T11:00:00+0200,2026-09-28T01:56:21+00:00,6b235d028c6fd1630af6d7607cbe8ba058abb4c903ca78cc69263cceb8982912
economic_sentiment,economic_cycle,RO,M,2024-06-01,2024-06-30,104.5,"index, long-term average = 100",,,,"",eurostat,ei_bssi_m_r2,RO,2024-06,2026-08-28T11:00:00+0200,2026-09-28T01:56:21+00:00,6b235d028c6fd1630af6d7607cbe8ba058abb4c903ca78cc69263cceb8982912
economic_sentiment,economic_cycle,RO,M,2024-07-01,2024-07-31,102.6,"index, long-term average = 100",,,,"",eurostat,ei_bssi_m_r2,RO,2024-07,2026-08-28T11:00:00+0200,2026-09-28T01:56:21+00:00,6b235d028c6fd1630af6d7607cbe8ba058abb4c903ca78cc69263cceb8982912
economic_sentiment,economic_cycle,RO,M,2024-08-01,2024-08-31,103.9,"index, long-term average = 100",,,,"",eurostat,ei_bssi_m_r2,RO,2024-08,2026-08-28T11:00:00+0200,2026-09-28T01:56:21+00:00,6b235d028c6fd1630af6d7607cbe8ba058abb4c903ca78cc69263cceb8982912
economic_sentiment,economic_cycle,RO,M,2024-09-01,2024-09-30,103.2,"index, long-term average = 100",,,,"",eurostat,ei_bssi_m_r2,RO,2024-09,2026-08-28T11:00:00+0200,2026-09-28T01:56:21+00:00,6b235d028c6fd1630af6d7607cbe8ba058abb4c903ca78cc69263cceb8982912
economic_sentiment,economic_cycle,RO,M,2024-10-01,2024-10-31,105.8,"index, long-term average = 100",,,,"",eurostat,ei_bssi_m_r2,RO,2024-10,2026-08-28T11:00:00+0200,2026-09-28T01:56:21+00:00,6b235d028c6fd1630af6d7607cbe8ba058abb4c903ca78cc69263cceb8982912
economic_sentiment,economic_cycle,RO,M,2024-11-01,2024-11-30,105.4,"index, long-term average = 100",,,,"",eurostat,ei_bssi_m_r2,RO,2024-11,2026-08-28T11:00:00+0200,2026-09-28T01:56:21+00:00,6b235d028c6fd1630af6d7607cbe8ba058abb4c903ca78cc69263cceb8982912
economic_sentiment,economic_cycle,RO,M,2024-12-01,2024-12-31,102.5,"index, long-term average = 100",,,,"",eurostat,ei_bssi_m_r2,RO,2024-12,2026-08-28T11:00:00+0200,2026-09-28T01:56:21+00:00,6b235d028c6fd1630af6d7607cbe8ba058abb4c903ca78cc69263cceb8982912
economic_sentiment,economic_cycle,RO,M,2025-01-01,2025-01-31,99.7,"index, long-term average = 100",,,,"",eurostat,ei_bssi_m_r2,RO,2025-01,2026-08-28T11:00:00+0200,2026-09-28T01:56:21+00:00,6b235d028c6fd1630af6d7607cbe8ba058abb4c903ca78cc69263cceb8982912
economic_sentiment,economic_cycle,RO,M,2025-02-01,2025-02-28,100.8,"index, long-term average = 100",,,,"",eurostat,ei_bssi_m_r2,RO,2025-02,2026-08-28T11:00:00+0200,2026-09-28T01:56:21+00:00,6b235d028c6fd1630af6d7607cbe8ba058abb4c903ca78cc69263cceb8982912
economic_sentiment,economic_cycle,RO,M,2025-03-01,2025-03-31,102.8,"index, long-term average = 100",,,,"",eurostat,ei_bssi_m_r2,RO,2025-03,2026-08-28T11:00:00+0200,2026-09-28T01:56:21+00:00,6b235d028c6fd1630af6d7607cbe8ba058abb4c903ca78cc69263cceb8982912
economic_sentiment,economic_cycle,RO,M,2025-04-01,2025-04-30,101.0,"index, long-term average = 100",,,,"",eurostat,ei_bssi_m_r2,RO,2025-04,2026-08-28T11:00:00+0200,2026-09-28T01:56:21+00:00,6b235d028c6fd1630af6d7607cbe8ba058abb4c903ca78cc69263cceb8982912
economic_sentiment,economic_cycle,RO,M,2025-05-01,2025-05-31,99.3,"index, long-term average = 100",,,,"",eurostat,ei_bssi_m_r2,RO,2025-05,2026-08-28T11:00:00+0200,2026-09-28T01:56:21+00:00,6b235d028c6fd1630af6d7607cbe8ba058abb4c903ca78cc69263cceb8982912
economic_sentiment,economic_cycle,RO,M,2025-06-01,2025-06-30,96.7,"index, long-term average = 100",,,,"",eurostat,ei_bssi_m_r2,RO,2025-06,2026-08-28T11:00:00+0200,2026-09-28T01:56:21+00:00,6b235d028c6fd1630af6d7607cbe8ba058abb4c903ca78cc69263cceb8982912
economic_sentiment,economic_cycle,RO,M,2025-07-01,2025-07-31,94.5,"index, long-term average = 100",,,,"",eurostat,ei_bssi_m_r2,RO,2025-07,2026-08-28T11:00:00+0200,2026-09-28T01:56:21+00:00,6b235d028c6fd1630af6d7607cbe8ba058abb4c903ca78cc69263cceb8982912
economic_sentiment,economic_cycle,RO,M,2025-08-01,2025-08-31,94.2,"index, long-term average = 100",,,,"",eurostat,ei_bssi_m_r2,RO,2025-08,2026-08-28T11:00:00+0200,2026-09-28T01:56:21+00:00,6b235d028c6fd1630af6d7607cbe8ba058abb4c903ca78cc69263cceb8982912
economic_sentiment,economic_cycle,RO,M,2025-09-01,2025-09-30,94.1,"index, long-term average = 100",,,,"",eurostat,ei_bssi_m_r2,RO,2025-09,2026-08-28T11:00:00+0200,2026-09-28T01:56:21+00:00,6b235d028c6fd1630af6d7607cbe8ba058abb4c903ca78cc69263cceb8982912
economic_sentiment,economic_cycle,RO,M,2025-10-01,2025-10-31,91.9,"index, long-term average = 100",,,,"",eurostat,ei_bssi_m_r2,RO,2025-10,2026-08-28T11:00:00+0200,2026-09-28T01:56:21+00:00,6b235d028c6fd1630af6d7607cbe8ba058abb4c903ca78cc69263cceb8982912
economic_sentiment,economic_cycle,RO,M,2025-11-01,2025-11-30,94.2,"index, long-term average = 100",,,,"",eurostat,ei_bssi_m_r2,RO,2025-11,2026-08-28T11:00:00+0200,2026-09-28T01:56:21+00:00,6b235d028c6fd1630af6d7607cbe8ba058abb4c903ca78cc69263cceb8982912
economic_sentiment,economic_cycle,RO,M,2025-12-01,2025-12-31,93.1,"index, long-term average = 100",,,,"",eurostat,ei_bssi_m_r2,RO,2025-12,2026-08-28T11:00:00+0200,2026-09-28T01:56:21+00:00,6b235d028c6fd1630af6d7607cbe8ba058abb4c903ca78cc69263cceb8982912
economic_sentiment,economic_cycle,RO,M,2026-01-01,2026-01-31,92.3,"index, long-term average = 100",,,,"",eurostat,ei_bssi_m_r2,RO,2026-01,2026-08-28T11:00:00+0200,2026-09-28T01:56:21+00:00,6b235d028c6fd1630af6d7607cbe8ba058abb4c903ca78cc69263cceb8982912
economic_sentiment,economic_cycle,RO,M,2026-02-01,2026-02-28,93.8,"index, long-term average = 100",,,,"",eurostat,ei_bssi_m_r2,RO,2026-02,2026-08-28T11:00:00+0200,2026-09-28T01:56:21+00:00,6b235d028c6fd1630af6d7607cbe8ba058abb4c903ca78cc69263cceb8982912
economic_sentiment,economic_cycle,RO,M,2026-03-01,2026-03-31,92.0,"index, long-term average = 100",,,,"",eurostat,ei_bssi_m_r2,RO,2026-03,2026-08-28T11:00:00+0200,2026-09-28T01:56:21+00:00,6b235d028c6fd1630af6d7607cbe8ba058abb4c903ca78cc69263cceb8982912
economic_sentiment,economic_cycle,RO,M,2026-04-01,2026-04-30,91.3,"index, long-term average = 100",,,,"",eurostat,ei_bssi_m_r2,RO,2026-04,2026-08-28T11:00:00+0200,2026-09-28T01:56:21+00:00,6b235d028c6fd1630af6d7607cbe8ba058abb4c903ca78cc69263cceb8982912
economic_sentiment,economic_cycle,RO,M,2026-05-01,2026-05-31,91.8,"index, long-term average = 100",,,,"",eurostat,ei_bssi_m_r2,RO,2026-05,2026-08-28T11:00:00+0200,2026-09-28T01:56:21+00:00,6b235d028c6fd1630af6d7607cbe8ba058abb4c903ca78cc69263cceb8982912
economic_sentiment,economic_cycle,RO,M,2026-06-01,2026-06-30,91.8,"index, long-term average = 100",,,,"",eurostat,ei_bssi_m_r2,RO,2026-06,2026-08-28T11:00:00+0200,2026-09-28T01:56:21+00:00,6b235d028c6fd1630af6d7607cbe8ba058abb4c903ca78cc69263cceb8982912
economic_sentiment,economic_cycle,RO,M,2026-07-01,2026-07-31,92.8,"index, long-term average = 100",,,,"",eurostat,ei_bssi_m_r2,RO,2026-07,2026-08-28T11:00:00+0200,2026-09-28T01:56:21+00:00,6b235d028c6fd1630af6d7607cbe8ba058abb4c903ca78cc69263cceb8982912
economic_sentiment,economic_cycle,RO,M,2026-08-01,2026-08-31,92.6,"index, long-term average = 100",,,,"",eurostat,ei_bssi_m_r2,RO,2026-08,2026-08-28T11:00:00+0200,2026-09-28T01:56:21+00:00,6b235d028c6fd1630af6d7607cbe8ba058abb4c903ca78cc69263cceb8982912
gdp_growth,economic_cycle,BG,A,2019-01-01,2019-12-31,3.79331964589196,percent change on previous year,,,,"",worldbank,NY.GDP.MKTP.KD.ZG,BGR,2019,2026-07-13,2026-09-28T01:56:29+00:00,a45d994801f3a5ed65b154c34fade9878bfda15400b725f726f3844de7743e51
gdp_growth,economic_cycle,BG,A,2020-01-01,2020-12-31,-3.13323543125917,percent change on previous year,,,,"",worldbank,NY.GDP.MKTP.KD.ZG,BGR,2020,2026-07-13,2026-09-28T01:56:29+00:00,a45d994801f3a5ed65b154c34fade9878bfda15400b725f726f3844de7743e51
gdp_growth,economic_cycle,BG,A,2021-01-01,2021-12-31,7.82817310703665,percent change on previous year,,,,"",worldbank,NY.GDP.MKTP.KD.ZG,BGR,2021,2026-07-13,2026-09-28T01:56:29+00:00,a45d994801f3a5ed65b154c34fade9878bfda15400b725f726f3844de7743e51
gdp_growth,economic_cycle,BG,A,2022-01-01,2022-12-31,4.08386398118941,percent change on previous year,,,,"",worldbank,NY.GDP.MKTP.KD.ZG,BGR,2022,2026-07-13,2026-09-28T01:56:29+00:00,a45d994801f3a5ed65b154c34fade9878bfda15400b725f726f3844de7743e51
gdp_growth,economic_cycle,BG,A,2023-01-01,2023-12-31,1.68151075832925,percent change on previous year,,,,"",worldbank,NY.GDP.MKTP.KD.ZG,BGR,2023,2026-07-13,2026-09-28T01:56:29+00:00,a45d994801f3a5ed65b154c34fade9878bfda15400b725f726f3844de7743e51
gdp_growth,economic_cycle,BG,A,2024-01-01,2024-12-31,3.38708962009333,percent change on previous year,,,,"",worldbank,NY.GDP.MKTP.KD.ZG,BGR,2024,2026-07-13,2026-09-28T01:56:29+00:00,a45d994801f3a5ed65b154c34fade9878bfda15400b725f726f3844de7743e51
gdp_growth,economic_cycle,BG,A,2025-01-01,2025-12-31,3.0963663917961,percent change on previous year,,,,"",worldbank,NY.GDP.MKTP.KD.ZG,BGR,2025,2026-07-13,2026-09-28T01:56:29+00:00,a45d994801f3a5ed65b154c34fade9878bfda15400b725f726f3844de7743e51
gdp_growth,economic_cycle,GR,A,2019-01-01,2019-12-31,2.27718065334808,percent change on previous year,,,,"",worldbank,NY.GDP.MKTP.KD.ZG,GRC,2019,2026-07-13,2026-09-28T01:56:29+00:00,a45d994801f3a5ed65b154c34fade9878bfda15400b725f726f3844de7743e51
gdp_growth,economic_cycle,GR,A,2020-01-01,2020-12-31,-9.19623149726978,percent change on previous year,,,,"",worldbank,NY.GDP.MKTP.KD.ZG,GRC,2020,2026-07-13,2026-09-28T01:56:29+00:00,a45d994801f3a5ed65b154c34fade9878bfda15400b725f726f3844de7743e51
gdp_growth,economic_cycle,GR,A,2021-01-01,2021-12-31,8.65449786002131,percent change on previous year,,,,"",worldbank,NY.GDP.MKTP.KD.ZG,GRC,2021,2026-07-13,2026-09-28T01:56:29+00:00,a45d994801f3a5ed65b154c34fade9878bfda15400b725f726f3844de7743e51
gdp_growth,economic_cycle,GR,A,2022-01-01,2022-12-31,5.52198580589408,percent change on previous year,,,,"",worldbank,NY.GDP.MKTP.KD.ZG,GRC,2022,2026-07-13,2026-09-28T01:56:29+00:00,a45d994801f3a5ed65b154c34fade9878bfda15400b725f726f3844de7743e51
gdp_growth,economic_cycle,GR,A,2023-01-01,2023-12-31,2.13591131996631,percent change on previous year,,,,"",worldbank,NY.GDP.MKTP.KD.ZG,GRC,2023,2026-07-13,2026-09-28T01:56:29+00:00,a45d994801f3a5ed65b154c34fade9878bfda15400b725f726f3844de7743e51
gdp_growth,economic_cycle,GR,A,2024-01-01,2024-12-31,2.0865743380603,percent change on previous year,,,,"",worldbank,NY.GDP.MKTP.KD.ZG,GRC,2024,2026-07-13,2026-09-28T01:56:29+00:00,a45d994801f3a5ed65b154c34fade9878bfda15400b725f726f3844de7743e51
gdp_growth,economic_cycle,GR,A,2025-01-01,2025-12-31,2.07306882481713,percent change on previous year,,,,"",worldbank,NY.GDP.MKTP.KD.ZG,GRC,2025,2026-07-13,2026-09-28T01:56:29+00:00,a45d994801f3a5ed65b154c34fade9878bfda15400b725f726f3844de7743e51
gdp_growth,economic_cycle,IE,A,2019-01-01,2019-12-31,4.97288003766816,percent change on previous year,,,,"",worldbank,NY.GDP.MKTP.KD.ZG,IRL,2019,2026-07-13,2026-09-28T01:56:29+00:00,a45d994801f3a5ed65b154c34fade9878bfda15400b725f726f3844de7743e51
gdp_growth,economic_cycle,IE,A,2020-01-01,2020-12-31,7.15369505735335,percent change on previous year,,,,"",worldbank,NY.GDP.MKTP.KD.ZG,IRL,2020,2026-07-13,2026-09-28T01:56:29+00:00,a45d994801f3a5ed65b154c34fade9878bfda15400b725f726f3844de7743e51
gdp_growth,economic_cycle,IE,A,2021-01-01,2021-12-31,16.2581881158197,percent change on previous year,,,,"",worldbank,NY.GDP.MKTP.KD.ZG,IRL,2021,2026-07-13,2026-09-28T01:56:29+00:00,a45d994801f3a5ed65b154c34fade9878bfda15400b725f726f3844de7743e51
gdp_growth,economic_cycle,IE,A,2022-01-01,2022-12-31,7.51113888415304,percent change on previous year,,,,"",worldbank,NY.GDP.MKTP.KD.ZG,IRL,2022,2026-07-13,2026-09-28T01:56:29+00:00,a45d994801f3a5ed65b154c34fade9878bfda15400b725f726f3844de7743e51
gdp_growth,economic_cycle,IE,A,2023-01-01,2023-12-31,-2.53637409313261,percent change on previous year,,,,"",worldbank,NY.GDP.MKTP.KD.ZG,IRL,2023,2026-07-13,2026-09-28T01:56:29+00:00,a45d994801f3a5ed65b154c34fade9878bfda15400b725f726f3844de7743e51
gdp_growth,economic_cycle,IE,A,2024-01-01,2024-12-31,2.59946721553708,percent change on previous year,,,,"",worldbank,NY.GDP.MKTP.KD.ZG,IRL,2024,2026-07-13,2026-09-28T01:56:29+00:00,a45d994801f3a5ed65b154c34fade9878bfda15400b725f726f3844de7743e51
gdp_growth,economic_cycle,IE,A,2025-01-01,2025-12-31,12.3375990291434,percent change on previous year,,,,"",worldbank,NY.GDP.MKTP.KD.ZG,IRL,2025,2026-07-13,2026-09-28T01:56:29+00:00,a45d994801f3a5ed65b154c34fade9878bfda15400b725f726f3844de7743e51
gdp_growth,economic_cycle,IT,A,2019-01-01,2019-12-31,0.429162533780342,percent change on previous year,,,,"",worldbank,NY.GDP.MKTP.KD.ZG,ITA,2019,2026-07-13,2026-09-28T01:56:29+00:00,a45d994801f3a5ed65b154c34fade9878bfda15400b725f726f3844de7743e51
gdp_growth,economic_cycle,IT,A,2020-01-01,2020-12-31,-8.86822122185345,percent change on previous year,,,,"",worldbank,NY.GDP.MKTP.KD.ZG,ITA,2020,2026-07-13,2026-09-28T01:56:29+00:00,a45d994801f3a5ed65b154c34fade9878bfda15400b725f726f3844de7743e51
gdp_growth,economic_cycle,IT,A,2021-01-01,2021-12-31,8.93106210800055,percent change on previous year,,,,"",worldbank,NY.GDP.MKTP.KD.ZG,ITA,2021,2026-07-13,2026-09-28T01:56:29+00:00,a45d994801f3a5ed65b154c34fade9878bfda15400b725f726f3844de7743e51
gdp_growth,economic_cycle,IT,A,2022-01-01,2022-12-31,4.82117669913565,percent change on previous year,,,,"",worldbank,NY.GDP.MKTP.KD.ZG,ITA,2022,2026-07-13,2026-09-28T01:56:29+00:00,a45d994801f3a5ed65b154c34fade9878bfda15400b725f726f3844de7743e51
gdp_growth,economic_cycle,IT,A,2023-01-01,2023-12-31,0.922796543670316,percent change on previous year,,,,"",worldbank,NY.GDP.MKTP.KD.ZG,ITA,2023,2026-07-13,2026-09-28T01:56:29+00:00,a45d994801f3a5ed65b154c34fade9878bfda15400b725f726f3844de7743e51
gdp_growth,economic_cycle,IT,A,2024-01-01,2024-12-31,0.783039135276795,percent change on previous year,,,,"",worldbank,NY.GDP.MKTP.KD.ZG,ITA,2024,2026-07-13,2026-09-28T01:56:29+00:00,a45d994801f3a5ed65b154c34fade9878bfda15400b725f726f3844de7743e51
gdp_growth,economic_cycle,IT,A,2025-01-01,2025-12-31,0.539583636778445,percent change on previous year,,,,"",worldbank,NY.GDP.MKTP.KD.ZG,ITA,2025,2026-07-13,2026-09-28T01:56:29+00:00,a45d994801f3a5ed65b154c34fade9878bfda15400b725f726f3844de7743e51
gdp_growth,economic_cycle,PL,A,2019-01-01,2019-12-31,4.58045817256199,percent change on previous year,,,,"",worldbank,NY.GDP.MKTP.KD.ZG,POL,2019,2026-07-13,2026-09-28T01:56:29+00:00,a45d994801f3a5ed65b154c34fade9878bfda15400b725f726f3844de7743e51
gdp_growth,economic_cycle,PL,A,2020-01-01,2020-12-31,-2.03556882399977,percent change on previous year,,,,"",worldbank,NY.GDP.MKTP.KD.ZG,POL,2020,2026-07-13,2026-09-28T01:56:29+00:00,a45d994801f3a5ed65b154c34fade9878bfda15400b725f726f3844de7743e51
gdp_growth,economic_cycle,PL,A,2021-01-01,2021-12-31,6.92718266052501,percent change on previous year,,,,"",worldbank,NY.GDP.MKTP.KD.ZG,POL,2021,2026-07-13,2026-09-28T01:56:29+00:00,a45d994801f3a5ed65b154c34fade9878bfda15400b725f726f3844de7743e51
gdp_growth,economic_cycle,PL,A,2022-01-01,2022-12-31,5.25545697386036,percent change on previous year,,,,"",worldbank,NY.GDP.MKTP.KD.ZG,POL,2022,2026-07-13,2026-09-28T01:56:29+00:00,a45d994801f3a5ed65b154c34fade9878bfda15400b725f726f3844de7743e51
gdp_growth,economic_cycle,PL,A,2023-01-01,2023-12-31,0.249610834017872,percent change on previous year,,,,"",worldbank,NY.GDP.MKTP.KD.ZG,POL,2023,2026-07-13,2026-09-28T01:56:29+00:00,a45d994801f3a5ed65b154c34fade9878bfda15400b725f726f3844de7743e51
gdp_growth,economic_cycle,PL,A,2024-01-01,2024-12-31,3.02841630700273,percent change on previous year,,,,"",worldbank,NY.GDP.MKTP.KD.ZG,POL,2024,2026-07-13,2026-09-28T01:56:29+00:00,a45d994801f3a5ed65b154c34fade9878bfda15400b725f726f3844de7743e51
gdp_growth,economic_cycle,PL,A,2025-01-01,2025-12-31,3.5727250346774,percent change on previous year,,,,"",worldbank,NY.GDP.MKTP.KD.ZG,POL,2025,2026-07-13,2026-09-28T01:56:29+00:00,a45d994801f3a5ed65b154c34fade9878bfda15400b725f726f3844de7743e51
gdp_growth,economic_cycle,RO,A,2019-01-01,2019-12-31,3.96028958497598,percent change on previous year,,,,"",worldbank,NY.GDP.MKTP.KD.ZG,ROU,2019,2026-07-13,2026-09-28T01:56:29+00:00,a45d994801f3a5ed65b154c34fade9878bfda15400b725f726f3844de7743e51
gdp_growth,economic_cycle,RO,A,2020-01-01,2020-12-31,-3.59802546034757,percent change on previous year,,,,"",worldbank,NY.GDP.MKTP.KD.ZG,ROU,2020,2026-07-13,2026-09-28T01:56:29+00:00,a45d994801f3a5ed65b154c34fade9878bfda15400b725f726f3844de7743e51
gdp_growth,economic_cycle,RO,A,2021-01-01,2021-12-31,5.58735072538869,percent change on previous year,,,,"",worldbank,NY.GDP.MKTP.KD.ZG,ROU,2021,2026-07-13,2026-09-28T01:56:29+00:00,a45d994801f3a5ed65b154c34fade9878bfda15400b725f726f3844de7743e51
gdp_growth,economic_cycle,RO,A,2022-01-01,2022-12-31,4.18771305104109,percent change on previous year,,,,"",worldbank,NY.GDP.MKTP.KD.ZG,ROU,2022,2026-07-13,2026-09-28T01:56:29+00:00,a45d994801f3a5ed65b154c34fade9878bfda15400b725f726f3844de7743e51
gdp_growth,economic_cycle,RO,A,2023-01-01,2023-12-31,2.25773416555121,percent change on previous year,,,,"",worldbank,NY.GDP.MKTP.KD.ZG,ROU,2023,2026-07-13,2026-09-28T01:56:29+00:00,a45d994801f3a5ed65b154c34fade9878bfda15400b725f726f3844de7743e51
gdp_growth,economic_cycle,RO,A,2024-01-01,2024-12-31,0.916003764382594,percent change on previous year,,,,"",worldbank,NY.GDP.MKTP.KD.ZG,ROU,2024,2026-07-13,2026-09-28T01:56:29+00:00,a45d994801f3a5ed65b154c34fade9878bfda15400b725f726f3844de7743e51
gdp_growth,economic_cycle,RO,A,2025-01-01,2025-12-31,0.677829835052762,percent change on previous year,,,,"",worldbank,NY.GDP.MKTP.KD.ZG,ROU,2025,2026-07-13,2026-09-28T01:56:29+00:00,a45d994801f3a5ed65b154c34fade9878bfda15400b725f726f3844de7743e51
hicp_inflation,cost_of_living,BG,M,2019-01-01,2019-01-31,2.3,percent change on same month of previous year,,,,"",eurostat,prc_hicp_minr,BG,2019-01,2026-09-17T11:00:00+0200,2026-09-28T01:56:20+00:00,ec86931f9a9d059a70c98f2b93e7a00b07733f8ff7d971bfe8ac2ff66d41186b
hicp_inflation,cost_of_living,BG,M,2019-02-01,2019-02-28,2.4,percent change on same month of previous year,,,,"",eurostat,prc_hicp_minr,BG,2019-02,2026-09-17T11:00:00+0200,2026-09-28T01:56:20+00:00,ec86931f9a9d059a70c98f2b93e7a00b07733f8ff7d971bfe8ac2ff66d41186b
hicp_inflation,cost_of_living,BG,M,2019-03-01,2019-03-31,2.8,percent change on same month of previous year,,,,"",eurostat,prc_hicp_minr,BG,2019-03,2026-09-17T11:00:00+0200,2026-09-28T01:56:20+00:00,ec86931f9a9d059a70c98f2b93e7a00b07733f8ff7d971bfe8ac2ff66d41186b
hicp_inflation,cost_of_living,BG,M,2019-04-01,2019-04-30,3.1,percent change on same month of previous year,,,,"",eurostat,prc_hicp_minr,BG,2019-04,2026-09-17T11:00:00+0200,2026-09-28T01:56:20+00:00,ec86931f9a9d059a70c98f2b93e7a00b07733f8ff7d971bfe8ac2ff66d41186b
hicp_inflation,cost_of_living,BG,M,2019-05-01,2019-05-31,2.9,percent change on same month of previous year,,,,"",eurostat,prc_hicp_minr,BG,2019-05,2026-09-17T11:00:00+0200,2026-09-28T01:56:20+00:00,ec86931f9a9d059a70c98f2b93e7a00b07733f8ff7d971bfe8ac2ff66d41186b
hicp_inflation,cost_of_living,BG,M,2019-06-01,2019-06-30,2.3,percent change on same month of previous year,,,,"",eurostat,prc_hicp_minr,BG,2019-06,2026-09-17T11:00:00+0200,2026-09-28T01:56:20+00:00,ec86931f9a9d059a70c98f2b93e7a00b07733f8ff7d971bfe8ac2ff66d41186b
hicp_inflation,cost_of_living,BG,M,2019-07-01,2019-07-31,2.6,percent change on same month of previous year,,,,"",eurostat,prc_hicp_minr,BG,2019-07,2026-09-17T11:00:00+0200,2026-09-28T01:56:20+00:00,ec86931f9a9d059a70c98f2b93e7a00b07733f8ff7d971bfe8ac2ff66d41186b
hicp_inflation,cost_of_living,BG,M,2019-08-01,2019-08-31,2.5,percent change on same month of previous year,,,,"",eurostat,prc_hicp_minr,BG,2019-08,2026-09-17T11:00:00+0200,2026-09-28T01:56:20+00:00,ec86931f9a9d059a70c98f2b93e7a00b07733f8ff7d971bfe8ac2ff66d41186b
hicp_inflation,cost_of_living,BG,M,2019-09-01,2019-09-30,1.6,percent change on same month of previous year,,,,"",eurostat,prc_hicp_minr,BG,2019-09,2026-09-17T11:00:00+0200,2026-09-28T01:56:20+00:00,ec86931f9a9d059a70c98f2b93e7a00b07733f8ff7d971bfe8ac2ff66d41186b
hicp_inflation,cost_of_living,BG,M,2019-10-01,2019-10-31,1.6,percent change on same month of previous year,,,,"",eurostat,prc_hicp_minr,BG,2019-10,2026-09-17T11:00:00+0200,2026-09-28T01:56:20+00:00,ec86931f9a9d059a70c98f2b93e7a00b07733f8ff7d971bfe8ac2ff66d41186b
hicp_inflation,cost_of_living,BG,M,2019-11-01,2019-11-30,2.2,percent change on same month of previous year,,,,"",eurostat,prc_hicp_minr,BG,2019-11,2026-09-17T11:00:00+0200,2026-09-28T01:56:20+00:00,ec86931f9a9d059a70c98f2b93e7a00b07733f8ff7d971bfe8ac2ff66d41186b
hicp_inflation,cost_of_living,BG,M,2019-12-01,2019-12-31,3.1,percent change on same month of previous year,,,,"",eurostat,prc_hicp_minr,BG,2019-12,2026-09-17T11:00:00+0200,2026-09-28T01:56:20+00:00,ec86931f9a9d059a70c98f2b93e7a00b07733f8ff7d971bfe8ac2ff66d41186b
hicp_inflation,cost_of_living,BG,M,2020-01-01,2020-01-31,3.4,percent change on same month of previous year,,,,"",eurostat,prc_hicp_minr,BG,2020-01,2026-09-17T11:00:00+0200,2026-09-28T01:56:20+00:00,ec86931f9a9d059a70c98f2b93e7a00b07733f8ff7d971bfe8ac2ff66d41186b
hicp_inflation,cost_of_living,BG,M,2020-02-01,2020-02-29,3.1,percent change on same month of previous year,,,,"",eurostat,prc_hicp_minr,BG,2020-02,2026-09-17T11:00:00+0200,2026-09-28T01:56:20+00:00,ec86931f9a9d059a70c98f2b93e7a00b07733f8ff7d971bfe8ac2ff66d41186b
hicp_inflation,cost_of_living,BG,M,2020-03-01,2020-03-31,2.4,percent change on same month of previous year,,,,"",eurostat,prc_hicp_minr,BG,2020-03,2026-09-17T11:00:00+0200,2026-09-28T01:56:20+00:00,ec86931f9a9d059a70c98f2b93e7a00b07733f8ff7d971bfe8ac2ff66d41186b
hicp_inflation,cost_of_living,BG,M,2020-04-01,2020-04-30,1.3,percent change on same month of previous year,,,,"",eurostat,prc_hicp_minr,BG,2020-04,2026-09-17T11:00:00+0200,2026-09-28T01:56:20+00:00,ec86931f9a9d059a70c98f2b93e7a00b07733f8ff7d971bfe8ac2ff66d41186b
hicp_inflation,cost_of_living,BG,M,2020-05-01,2020-05-31,1.0,percent change on same month of previous year,,,,"",eurostat,prc_hicp_minr,BG,2020-05,2026-09-17T11:00:00+0200,2026-09-28T01:56:20+00:00,ec86931f9a9d059a70c98f2b93e7a00b07733f8ff7d971bfe8ac2ff66d41186b
hicp_inflation,cost_of_living,BG,M,2020-06-01,2020-06-30,0.9,percent change on same month of previous year,,,,"",eurostat,prc_hicp_minr,BG,2020-06,2026-09-17T11:00:00+0200,2026-09-28T01:56:20+00:00,ec86931f9a9d059a70c98f2b93e7a00b07733f8ff7d971bfe8ac2ff66d41186b
hicp_inflation,cost_of_living,BG,M,2020-07-01,2020-07-31,0.4,percent change on same month of previous year,,,,"",eurostat,prc_hicp_minr,BG,2020-07,2026-09-17T11:00:00+0200,2026-09-28T01:56:20+00:00,ec86931f9a9d059a70c98f2b93e7a00b07733f8ff7d971bfe8ac2ff66d41186b
hicp_inflation,cost_of_living,BG,M,2020-08-01,2020-08-31,0.7,percent change on same month of previous year,,,,"",eurostat,prc_hicp_minr,BG,2020-08,2026-09-17T11:00:00+0200,2026-09-28T01:56:20+00:00,ec86931f9a9d059a70c98f2b93e7a00b07733f8ff7d971bfe8ac2ff66d41186b
hicp_inflation,cost_of_living,BG,M,2020-09-01,2020-09-30,0.6,percent change on same month of previous year,,,,"",eurostat,prc_hicp_minr,BG,2020-09,2026-09-17T11:00:00+0200,2026-09-28T01:56:20+00:00,ec86931f9a9d059a70c98f2b93e7a00b07733f8ff7d971bfe8ac2ff66d41186b
hicp_inflation,cost_of_living,BG,M,2020-10-01,2020-10-31,0.6,percent change on same month of previous year,,,,"",eurostat,prc_hicp_minr,BG,2020-10,2026-09-17T11:00:00+0200,2026-09-28T01:56:20+00:00,ec86931f9a9d059a70c98f2b93e7a00b07733f8ff7d971bfe8ac2ff66d41186b
hicp_inflation,cost_of_living,BG,M,2020-11-01,2020-11-30,0.3,percent change on same month of previous year,,,,"",eurostat,prc_hicp_minr,BG,2020-11,2026-09-17T11:00:00+0200,2026-09-28T01:56:20+00:00,ec86931f9a9d059a70c98f2b93e7a00b07733f8ff7d971bfe8ac2ff66d41186b
hicp_inflation,cost_of_living,BG,M,2020-12-01,2020-12-31,0.0,percent change on same month of previous year,,,,"",eurostat,prc_hicp_minr,BG,2020-12,2026-09-17T11:00:00+0200,2026-09-28T01:56:20+00:00,ec86931f9a9d059a70c98f2b93e7a00b07733f8ff7d971bfe8ac2ff66d41186b
hicp_inflation,cost_of_living,BG,M,2021-01-01,2021-01-31,-0.3,percent change on same month of previous year,,,,"",eurostat,prc_hicp_minr,BG,2021-01,2026-09-17T11:00:00+0200,2026-09-28T01:56:20+00:00,ec86931f9a9d059a70c98f2b93e7a00b07733f8ff7d971bfe8ac2ff66d41186b
hicp_inflation,cost_of_living,BG,M,2021-02-01,2021-02-28,0.2,percent change on same month of previous year,,,,"",eurostat,prc_hicp_minr,BG,2021-02,2026-09-17T11:00:00+0200,2026-09-28T01:56:20+00:00,ec86931f9a9d059a70c98f2b93e7a00b07733f8ff7d971bfe8ac2ff66d41186b
hicp_inflation,cost_of_living,BG,M,2021-03-01,2021-03-31,0.8,percent change on same month of previous year,,,,"",eurostat,prc_hicp_minr,BG,2021-03,2026-09-17T11:00:00+0200,2026-09-28T01:56:20+00:00,ec86931f9a9d059a70c98f2b93e7a00b07733f8ff7d971bfe8ac2ff66d41186b
hicp_inflation,cost_of_living,BG,M,2021-04-01,2021-04-30,1.9,percent change on same month of previous year,,,,"",eurostat,prc_hicp_minr,BG,2021-04,2026-09-17T11:00:00+0200,2026-09-28T01:56:20+00:00,ec86931f9a9d059a70c98f2b93e7a00b07733f8ff7d971bfe8ac2ff66d41186b
hicp_inflation,cost_of_living,BG,M,2021-05-01,2021-05-31,2.3,percent change on same month of previous year,,,,"",eurostat,prc_hicp_minr,BG,2021-05,2026-09-17T11:00:00+0200,2026-09-28T01:56:20+00:00,ec86931f9a9d059a70c98f2b93e7a00b07733f8ff7d971bfe8ac2ff66d41186b
hicp_inflation,cost_of_living,BG,M,2021-06-01,2021-06-30,2.4,percent change on same month of previous year,,,,"",eurostat,prc_hicp_minr,BG,2021-06,2026-09-17T11:00:00+0200,2026-09-28T01:56:20+00:00,ec86931f9a9d059a70c98f2b93e7a00b07733f8ff7d971bfe8ac2ff66d41186b
hicp_inflation,cost_of_living,BG,M,2021-07-01,2021-07-31,2.2,percent change on same month of previous year,,,,"",eurostat,prc_hicp_minr,BG,2021-07,2026-09-17T11:00:00+0200,2026-09-28T01:56:20+00:00,ec86931f9a9d059a70c98f2b93e7a00b07733f8ff7d971bfe8ac2ff66d41186b
hicp_inflation,cost_of_living,BG,M,2021-08-01,2021-08-31,2.5,percent change on same month of previous year,,,,"",eurostat,prc_hicp_minr,BG,2021-08,2026-09-17T11:00:00+0200,2026-09-28T01:56:20+00:00,ec86931f9a9d059a70c98f2b93e7a00b07733f8ff7d971bfe8ac2ff66d41186b
hicp_inflation,cost_of_living,BG,M,2021-09-01,2021-09-30,4.0,percent change on same month of previous year,,,,"",eurostat,prc_hicp_minr,BG,2021-09,2026-09-17T11:00:00+0200,2026-09-28T01:56:20+00:00,ec86931f9a9d059a70c98f2b93e7a00b07733f8ff7d971bfe8ac2ff66d41186b
hicp_inflation,cost_of_living,BG,M,2021-10-01,2021-10-31,5.2,percent change on same month of previous year,,,,"",eurostat,prc_hicp_minr,BG,2021-10,2026-09-17T11:00:00+0200,2026-09-28T01:56:20+00:00,ec86931f9a9d059a70c98f2b93e7a00b07733f8ff7d971bfe8ac2ff66d41186b
hicp_inflation,cost_of_living,BG,M,2021-11-01,2021-11-30,6.3,percent change on same month of previous year,,,,"",eurostat,prc_hicp_minr,BG,2021-11,2026-09-17T11:00:00+0200,2026-09-28T01:56:20+00:00,ec86931f9a9d059a70c98f2b93e7a00b07733f8ff7d971bfe8ac2ff66d41186b
hicp_inflation,cost_of_living,BG,M,2021-12-01,2021-12-31,6.6,percent change on same month of previous year,,,,"",eurostat,prc_hicp_minr,BG,2021-12,2026-09-17T11:00:00+0200,2026-09-28T01:56:20+00:00,ec86931f9a9d059a70c98f2b93e7a00b07733f8ff7d971bfe8ac2ff66d41186b
hicp_inflation,cost_of_living,BG,M,2022-01-01,2022-01-31,7.7,percent change on same month of previous year,,,,"",eurostat,prc_hicp_minr,BG,2022-01,2026-09-17T11:00:00+0200,2026-09-28T01:56:20+00:00,ec86931f9a9d059a70c98f2b93e7a00b07733f8ff7d971bfe8ac2ff66d41186b
hicp_inflation,cost_of_living,BG,M,2022-02-01,2022-02-28,8.4,percent change on same month of previous year,,,,"",eurostat,prc_hicp_minr,BG,2022-02,2026-09-17T11:00:00+0200,2026-09-28T01:56:20+00:00,ec86931f9a9d059a70c98f2b93e7a00b07733f8ff7d971bfe8ac2ff66d41186b
hicp_inflation,cost_of_living,BG,M,2022-03-01,2022-03-31,10.5,percent change on same month of previous year,,,,"",eurostat,prc_hicp_minr,BG,2022-03,2026-09-17T11:00:00+0200,2026-09-28T01:56:20+00:00,ec86931f9a9d059a70c98f2b93e7a00b07733f8ff7d971bfe8ac2ff66d41186b
hicp_inflation,cost_of_living,BG,M,2022-04-01,2022-04-30,12.1,percent change on same month of previous year,,,,"",eurostat,prc_hicp_minr,BG,2022-04,2026-09-17T11:00:00+0200,2026-09-28T01:56:20+00:00,ec86931f9a9d059a70c98f2b93e7a00b07733f8ff7d971bfe8ac2ff66d41186b
hicp_inflation,cost_of_living,BG,M,2022-05-01,2022-05-31,13.4,percent change on same month of previous year,,,,"",eurostat,prc_hicp_minr,BG,2022-05,2026-09-17T11:00:00+0200,2026-09-28T01:56:20+00:00,ec86931f9a9d059a70c98f2b93e7a00b07733f8ff7d971bfe8ac2ff66d41186b
hicp_inflation,cost_of_living,BG,M,2022-06-01,2022-06-30,14.8,percent change on same month of previous year,,,,"",eurostat,prc_hicp_minr,BG,2022-06,2026-09-17T11:00:00+0200,2026-09-28T01:56:20+00:00,ec86931f9a9d059a70c98f2b93e7a00b07733f8ff7d971bfe8ac2ff66d41186b
hicp_inflation,cost_of_living,BG,M,2022-07-01,2022-07-31,14.9,percent change on same month of previous year,,,,"",eurostat,prc_hicp_minr,BG,2022-07,2026-09-17T11:00:00+0200,2026-09-28T01:56:20+00:00,ec86931f9a9d059a70c98f2b93e7a00b07733f8ff7d971bfe8ac2ff66d41186b
hicp_inflation,cost_of_living,BG,M,2022-08-01,2022-08-31,15.0,percent change on same month of previous year,,,,"",eurostat,prc_hicp_minr,BG,2022-08,2026-09-17T11:00:00+0200,2026-09-28T01:56:20+00:00,ec86931f9a9d059a70c98f2b93e7a00b07733f8ff7d971bfe8ac2ff66d41186b
hicp_inflation,cost_of_living,BG,M,2022-09-01,2022-09-30,15.6,percent change on same month of previous year,,,,"",eurostat,prc_hicp_minr,BG,2022-09,2026-09-17T11:00:00+0200,2026-09-28T01:56:20+00:00,ec86931f9a9d059a70c98f2b93e7a00b07733f8ff7d971bfe8ac2ff66d41186b
hicp_inflation,cost_of_living,BG,M,2022-10-01,2022-10-31,14.8,percent change on same month of previous year,,,,"",eurostat,prc_hicp_minr,BG,2022-10,2026-09-17T11:00:00+0200,2026-09-28T01:56:20+00:00,ec86931f9a9d059a70c98f2b93e7a00b07733f8ff7d971bfe8ac2ff66d41186b
hicp_inflation,cost_of_living,BG,M,2022-11-01,2022-11-30,14.3,percent change on same month of previous year,,,,"",eurostat,prc_hicp_minr,BG,2022-11,2026-09-17T11:00:00+0200,2026-09-28T01:56:20+00:00,ec86931f9a9d059a70c98f2b93e7a00b07733f8ff7d971bfe8ac2ff66d41186b
hicp_inflation,cost_of_living,BG,M,2022-12-01,2022-12-31,14.3,percent change on same month of previous year,,,,"",eurostat,prc_hicp_minr,BG,2022-12,2026-09-17T11:00:00+0200,2026-09-28T01:56:20+00:00,ec86931f9a9d059a70c98f2b93e7a00b07733f8ff7d971bfe8ac2ff66d41186b
hicp_inflation,cost_of_living,BG,M,2023-01-01,2023-01-31,14.3,percent change on same month of previous year,,,,"",eurostat,prc_hicp_minr,BG,2023-01,2026-09-17T11:00:00+0200,2026-09-28T01:56:20+00:00,ec86931f9a9d059a70c98f2b93e7a00b07733f8ff7d971bfe8ac2ff66d41186b
hicp_inflation,cost_of_living,BG,M,2023-02-01,2023-02-28,13.7,percent change on same month of previous year,,,,"",eurostat,prc_hicp_minr,BG,2023-02,2026-09-17T11:00:00+0200,2026-09-28T01:56:20+00:00,ec86931f9a9d059a70c98f2b93e7a00b07733f8ff7d971bfe8ac2ff66d41186b
hicp_inflation,cost_of_living,BG,M,2023-03-01,2023-03-31,12.1,percent change on same month of previous year,,,,"",eurostat,prc_hicp_minr,BG,2023-03,2026-09-17T11:00:00+0200,2026-09-28T01:56:20+00:00,ec86931f9a9d059a70c98f2b93e7a00b07733f8ff7d971bfe8ac2ff66d41186b
hicp_inflation,cost_of_living,BG,M,2023-04-01,2023-04-30,10.3,percent change on same month of previous year,,,,"",eurostat,prc_hicp_minr,BG,2023-04,2026-09-17T11:00:00+0200,2026-09-28T01:56:20+00:00,ec86931f9a9d059a70c98f2b93e7a00b07733f8ff7d971bfe8ac2ff66d41186b
hicp_inflation,cost_of_living,BG,M,2023-05-01,2023-05-31,8.6,percent change on same month of previous year,,,,"",eurostat,prc_hicp_minr,BG,2023-05,2026-09-17T11:00:00+0200,2026-09-28T01:56:20+00:00,ec86931f9a9d059a70c98f2b93e7a00b07733f8ff7d971bfe8ac2ff66d41186b
hicp_inflation,cost_of_living,BG,M,2023-06-01,2023-06-30,7.5,percent change on same month of previous year,,,,"",eurostat,prc_hicp_minr,BG,2023-06,2026-09-17T11:00:00+0200,2026-09-28T01:56:20+00:00,ec86931f9a9d059a70c98f2b93e7a00b07733f8ff7d971bfe8ac2ff66d41186b
hicp_inflation,cost_of_living,BG,M,2023-07-01,2023-07-31,7.8,percent change on same month of previous year,,,,"",eurostat,prc_hicp_minr,BG,2023-07,2026-09-17T11:00:00+0200,2026-09-28T01:56:20+00:00,ec86931f9a9d059a70c98f2b93e7a00b07733f8ff7d971bfe8ac2ff66d41186b
hicp_inflation,cost_of_living,BG,M,2023-08-01,2023-08-31,7.5,percent change on same month of previous year,,,,"",eurostat,prc_hicp_minr,BG,2023-08,2026-09-17T11:00:00+0200,2026-09-28T01:56:20+00:00,ec86931f9a9d059a70c98f2b93e7a00b07733f8ff7d971bfe8ac2ff66d41186b
hicp_inflation,cost_of_living,BG,M,2023-09-01,2023-09-30,6.4,percent change on same month of previous year,,,,"",eurostat,prc_hicp_minr,BG,2023-09,2026-09-17T11:00:00+0200,2026-09-28T01:56:20+00:00,ec86931f9a9d059a70c98f2b93e7a00b07733f8ff7d971bfe8ac2ff66d41186b
hicp_inflation,cost_of_living,BG,M,2023-10-01,2023-10-31,5.9,percent change on same month of previous year,,,,"",eurostat,prc_hicp_minr,BG,2023-10,2026-09-17T11:00:00+0200,2026-09-28T01:56:20+00:00,ec86931f9a9d059a70c98f2b93e7a00b07733f8ff7d971bfe8ac2ff66d41186b
hicp_inflation,cost_of_living,BG,M,2023-11-01,2023-11-30,5.5,percent change on same month of previous year,,,,"",eurostat,prc_hicp_minr,BG,2023-11,2026-09-17T11:00:00+0200,2026-09-28T01:56:20+00:00,ec86931f9a9d059a70c98f2b93e7a00b07733f8ff7d971bfe8ac2ff66d41186b
hicp_inflation,cost_of_living,BG,M,2023-12-01,2023-12-31,5.0,percent change on same month of previous year,,,,"",eurostat,prc_hicp_minr,BG,2023-12,2026-09-17T11:00:00+0200,2026-09-28T01:56:20+00:00,ec86931f9a9d059a70c98f2b93e7a00b07733f8ff7d971bfe8ac2ff66d41186b
hicp_inflation,cost_of_living,BG,M,2024-01-01,2024-01-31,3.9,percent change on same month of previous year,,,,"",eurostat,prc_hicp_minr,BG,2024-01,2026-09-17T11:00:00+0200,2026-09-28T01:56:20+00:00,ec86931f9a9d059a70c98f2b93e7a00b07733f8ff7d971bfe8ac2ff66d41186b
hicp_inflation,cost_of_living,BG,M,2024-02-01,2024-02-29,3.5,percent change on same month of previous year,,,,"",eurostat,prc_hicp_minr,BG,2024-02,2026-09-17T11:00:00+0200,2026-09-28T01:56:20+00:00,ec86931f9a9d059a70c98f2b93e7a00b07733f8ff7d971bfe8ac2ff66d41186b
hicp_inflation,cost_of_living,BG,M,2024-03-01,2024-03-31,3.1,percent change on same month of previous year,,,,"",eurostat,prc_hicp_minr,BG,2024-03,2026-09-17T11:00:00+0200,2026-09-28T01:56:20+00:00,ec86931f9a9d059a70c98f2b93e7a00b07733f8ff7d971bfe8ac2ff66d41186b
hicp_inflation,cost_of_living,BG,M,2024-04-01,2024-04-30,2.5,percent change on same month of previous year,,,,"",eurostat,prc_hicp_minr,BG,2024-04,2026-09-17T11:00:00+0200,2026-09-28T01:56:20+00:00,ec86931f9a9d059a70c98f2b93e7a00b07733f8ff7d971bfe8ac2ff66d41186b
hicp_inflation,cost_of_living,BG,M,2024-05-01,2024-05-31,2.7,percent change on same month of previous year,,,,"",eurostat,prc_hicp_minr,BG,2024-05,2026-09-17T11:00:00+0200,2026-09-28T01:56:20+00:00,ec86931f9a9d059a70c98f2b93e7a00b07733f8ff7d971bfe8ac2ff66d41186b
hicp_inflation,cost_of_living,BG,M,2024-06-01,2024-06-30,2.8,percent change on same month of previous year,,,,"",eurostat,prc_hicp_minr,BG,2024-06,2026-09-17T11:00:00+0200,2026-09-28T01:56:20+00:00,ec86931f9a9d059a70c98f2b93e7a00b07733f8ff7d971bfe8ac2ff66d41186b
hicp_inflation,cost_of_living,BG,M,2024-07-01,2024-07-31,2.8,percent change on same month of previous year,,,,"",eurostat,prc_hicp_minr,BG,2024-07,2026-09-17T11:00:00+0200,2026-09-28T01:56:20+00:00,ec86931f9a9d059a70c98f2b93e7a00b07733f8ff7d971bfe8ac2ff66d41186b
hicp_inflation,cost_of_living,BG,M,2024-08-01,2024-08-31,2.4,percent change on same month of previous year,,,,"",eurostat,prc_hicp_minr,BG,2024-08,2026-09-17T11:00:00+0200,2026-09-28T01:56:20+00:00,ec86931f9a9d059a70c98f2b93e7a00b07733f8ff7d971bfe8ac2ff66d41186b
hicp_inflation,cost_of_living,BG,M,2024-09-01,2024-09-30,1.5,percent change on same month of previous year,,,,"",eurostat,prc_hicp_minr,BG,2024-09,2026-09-17T11:00:00+0200,2026-09-28T01:56:20+00:00,ec86931f9a9d059a70c98f2b93e7a00b07733f8ff7d971bfe8ac2ff66d41186b
hicp_inflation,cost_of_living,BG,M,2024-10-01,2024-10-31,2.0,percent change on same month of previous year,,,,"",eurostat,prc_hicp_minr,BG,2024-10,2026-09-17T11:00:00+0200,2026-09-28T01:56:20+00:00,ec86931f9a9d059a70c98f2b93e7a00b07733f8ff7d971bfe8ac2ff66d41186b
hicp_inflation,cost_of_living,BG,M,2024-11-01,2024-11-30,2.0,percent change on same month of previous year,,,,"",eurostat,prc_hicp_minr,BG,2024-11,2026-09-17T11:00:00+0200,2026-09-28T01:56:20+00:00,ec86931f9a9d059a70c98f2b93e7a00b07733f8ff7d971bfe8ac2ff66d41186b
hicp_inflation,cost_of_living,BG,M,2024-12-01,2024-12-31,2.1,percent change on same month of previous year,,,,"",eurostat,prc_hicp_minr,BG,2024-12,2026-09-17T11:00:00+0200,2026-09-28T01:56:20+00:00,ec86931f9a9d059a70c98f2b93e7a00b07733f8ff7d971bfe8ac2ff66d41186b
hicp_inflation,cost_of_living,BG,M,2025-01-01,2025-01-31,3.8,percent change on same month of previous year,,,,"",eurostat,prc_hicp_minr,BG,2025-01,2026-09-17T11:00:00+0200,2026-09-28T01:56:20+00:00,ec86931f9a9d059a70c98f2b93e7a00b07733f8ff7d971bfe8ac2ff66d41186b
hicp_inflation,cost_of_living,BG,M,2025-02-01,2025-02-28,3.9,percent change on same month of previous year,,,,"",eurostat,prc_hicp_minr,BG,2025-02,2026-09-17T11:00:00+0200,2026-09-28T01:56:20+00:00,ec86931f9a9d059a70c98f2b93e7a00b07733f8ff7d971bfe8ac2ff66d41186b
hicp_inflation,cost_of_living,BG,M,2025-03-01,2025-03-31,4.0,percent change on same month of previous year,,,,"",eurostat,prc_hicp_minr,BG,2025-03,2026-09-17T11:00:00+0200,2026-09-28T01:56:20+00:00,ec86931f9a9d059a70c98f2b93e7a00b07733f8ff7d971bfe8ac2ff66d41186b
hicp_inflation,cost_of_living,BG,M,2025-04-01,2025-04-30,2.8,percent change on same month of previous year,,,,"",eurostat,prc_hicp_minr,BG,2025-04,2026-09-17T11:00:00+0200,2026-09-28T01:56:20+00:00,ec86931f9a9d059a70c98f2b93e7a00b07733f8ff7d971bfe8ac2ff66d41186b
hicp_inflation,cost_of_living,BG,M,2025-05-01,2025-05-31,2.9,percent change on same month of previous year,,,,"",eurostat,prc_hicp_minr,BG,2025-05,2026-09-17T11:00:00+0200,2026-09-28T01:56:20+00:00,ec86931f9a9d059a70c98f2b93e7a00b07733f8ff7d971bfe8ac2ff66d41186b
hicp_inflation,cost_of_living,BG,M,2025-06-01,2025-06-30,3.1,percent change on same month of previous year,,,,"",eurostat,prc_hicp_minr,BG,2025-06,2026-09-17T11:00:00+0200,2026-09-28T01:56:20+00:00,ec86931f9a9d059a70c98f2b93e7a00b07733f8ff7d971bfe8ac2ff66d41186b
hicp_inflation,cost_of_living,BG,M,2025-07-01,2025-07-31,3.4,percent change on same month of previous year,,,,"",eurostat,prc_hicp_minr,BG,2025-07,2026-09-17T11:00:00+0200,2026-09-28T01:56:20+00:00,ec86931f9a9d059a70c98f2b93e7a00b07733f8ff7d971bfe8ac2ff66d41186b
hicp_inflation,cost_of_living,BG,M,2025-08-01,2025-08-31,3.5,percent change on same month of previous year,,,,"",eurostat,prc_hicp_minr,BG,2025-08,2026-09-17T11:00:00+0200,2026-09-28T01:56:20+00:00,ec86931f9a9d059a70c98f2b93e7a00b07733f8ff7d971bfe8ac2ff66d41186b
hicp_inflation,cost_of_living,BG,M,2025-09-01,2025-09-30,4.0,percent change on same month of previous year,,,,"",eurostat,prc_hicp_minr,BG,2025-09,2026-09-17T11:00:00+0200,2026-09-28T01:56:20+00:00,ec86931f9a9d059a70c98f2b93e7a00b07733f8ff7d971bfe8ac2ff66d41186b
hicp_inflation,cost_of_living,BG,M,2025-10-01,2025-10-31,3.8,percent change on same month of previous year,,,,"",eurostat,prc_hicp_minr,BG,2025-10,2026-09-17T11:00:00+0200,2026-09-28T01:56:20+00:00,ec86931f9a9d059a70c98f2b93e7a00b07733f8ff7d971bfe8ac2ff66d41186b
hicp_inflation,cost_of_living,BG,M,2025-11-01,2025-11-30,3.7,percent change on same month of previous year,,,,"",eurostat,prc_hicp_minr,BG,2025-11,2026-09-17T11:00:00+0200,2026-09-28T01:56:20+00:00,ec86931f9a9d059a70c98f2b93e7a00b07733f8ff7d971bfe8ac2ff66d41186b
hicp_inflation,cost_of_living,BG,M,2025-12-01,2025-12-31,3.5,percent change on same month of previous year,,,,"",eurostat,prc_hicp_minr,BG,2025-12,2026-09-17T11:00:00+0200,2026-09-28T01:56:20+00:00,ec86931f9a9d059a70c98f2b93e7a00b07733f8ff7d971bfe8ac2ff66d41186b
hicp_inflation,cost_of_living,BG,M,2026-01-01,2026-01-31,2.3,percent change on same month of previous year,,,,"",eurostat,prc_hicp_minr,BG,2026-01,2026-09-17T11:00:00+0200,2026-09-28T01:56:20+00:00,ec86931f9a9d059a70c98f2b93e7a00b07733f8ff7d971bfe8ac2ff66d41186b
hicp_inflation,cost_of_living,BG,M,2026-02-01,2026-02-28,2.1,percent change on same month of previous year,,,,"",eurostat,prc_hicp_minr,BG,2026-02,2026-09-17T11:00:00+0200,2026-09-28T01:56:20+00:00,ec86931f9a9d059a70c98f2b93e7a00b07733f8ff7d971bfe8ac2ff66d41186b
hicp_inflation,cost_of_living,BG,M,2026-03-01,2026-03-31,2.8,percent change on same month of previous year,,,,"",eurostat,prc_hicp_minr,BG,2026-03,2026-09-17T11:00:00+0200,2026-09-28T01:56:20+00:00,ec86931f9a9d059a70c98f2b93e7a00b07733f8ff7d971bfe8ac2ff66d41186b
hicp_inflation,cost_of_living,BG,M,2026-04-01,2026-04-30,6.0,percent change on same month of previous year,,,,"",eurostat,prc_hicp_minr,BG,2026-04,2026-09-17T11:00:00+0200,2026-09-28T01:56:20+00:00,ec86931f9a9d059a70c98f2b93e7a00b07733f8ff7d971bfe8ac2ff66d41186b
hicp_inflation,cost_of_living,BG,M,2026-05-01,2026-05-31,6.3,percent change on same month of previous year,,,,"",eurostat,prc_hicp_minr,BG,2026-05,2026-09-17T11:00:00+0200,2026-09-28T01:56:20+00:00,ec86931f9a9d059a70c98f2b93e7a00b07733f8ff7d971bfe8ac2ff66d41186b
hicp_inflation,cost_of_living,BG,M,2026-06-01,2026-06-30,5.2,percent change on same month of previous year,,,,"",eurostat,prc_hicp_minr,BG,2026-06,2026-09-17T11:00:00+0200,2026-09-28T01:56:20+00:00,ec86931f9a9d059a70c98f2b93e7a00b07733f8ff7d971bfe8ac2ff66d41186b
hicp_inflation,cost_of_living,BG,M,2026-07-01,2026-07-31,4.4,percent change on same month of previous year,,,,"",eurostat,prc_hicp_minr,BG,2026-07,2026-09-17T11:00:00+0200,2026-09-28T01:56:20+00:00,ec86931f9a9d059a70c98f2b93e7a00b07733f8ff7d971bfe8ac2ff66d41186b
hicp_inflation,cost_of_living,BG,M,2026-08-01,2026-08-31,5.0,percent change on same month of previous year,,,,"",eurostat,prc_hicp_minr,BG,2026-08,2026-09-17T11:00:00+0200,2026-09-28T01:56:20+00:00,ec86931f9a9d059a70c98f2b93e7a00b07733f8ff7d971bfe8ac2ff66d41186b
hicp_inflation,cost_of_living,GR,M,2019-01-01,2019-01-31,0.5,percent change on same month of previous year,,,,"",eurostat,prc_hicp_minr,EL,2019-01,2026-09-17T11:00:00+0200,2026-09-28T01:56:20+00:00,ec86931f9a9d059a70c98f2b93e7a00b07733f8ff7d971bfe8ac2ff66d41186b
hicp_inflation,cost_of_living,GR,M,2019-02-01,2019-02-28,0.8,percent change on same month of previous year,,,,"",eurostat,prc_hicp_minr,EL,2019-02,2026-09-17T11:00:00+0200,2026-09-28T01:56:20+00:00,ec86931f9a9d059a70c98f2b93e7a00b07733f8ff7d971bfe8ac2ff66d41186b
hicp_inflation,cost_of_living,GR,M,2019-03-01,2019-03-31,1.1,percent change on same month of previous year,,,,"",eurostat,prc_hicp_minr,EL,2019-03,2026-09-17T11:00:00+0200,2026-09-28T01:56:20+00:00,ec86931f9a9d059a70c98f2b93e7a00b07733f8ff7d971bfe8ac2ff66d41186b
hicp_inflation,cost_of_living,GR,M,2019-04-01,2019-04-30,1.1,percent change on same month of previous year,,,,"",eurostat,prc_hicp_minr,EL,2019-04,2026-09-17T11:00:00+0200,2026-09-28T01:56:20+00:00,ec86931f9a9d059a70c98f2b93e7a00b07733f8ff7d971bfe8ac2ff66d41186b
hicp_inflation,cost_of_living,GR,M,2019-05-01,2019-05-31,0.6,percent change on same month of previous year,,,,"",eurostat,prc_hicp_minr,EL,2019-05,2026-09-17T11:00:00+0200,2026-09-28T01:56:20+00:00,ec86931f9a9d059a70c98f2b93e7a00b07733f8ff7d971bfe8ac2ff66d41186b
hicp_inflation,cost_of_living,GR,M,2019-06-01,2019-06-30,0.2,percent change on same month of previous year,,,,"",eurostat,prc_hicp_minr,EL,2019-06,2026-09-17T11:00:00+0200,2026-09-28T01:56:20+00:00,ec86931f9a9d059a70c98f2b93e7a00b07733f8ff7d971bfe8ac2ff66d41186b
hicp_inflation,cost_of_living,GR,M,2019-07-01,2019-07-31,0.4,percent change on same month of previous year,,,,"",eurostat,prc_hicp_minr,EL,2019-07,2026-09-17T11:00:00+0200,2026-09-28T01:56:20+00:00,ec86931f9a9d059a70c98f2b93e7a00b07733f8ff7d971bfe8ac2ff66d41186b
hicp_inflation,cost_of_living,GR,M,2019-08-01,2019-08-31,0.1,percent change on same month of previous year,,,,"",eurostat,prc_hicp_minr,EL,2019-08,2026-09-17T11:00:00+0200,2026-09-28T01:56:20+00:00,ec86931f9a9d059a70c98f2b93e7a00b07733f8ff7d971bfe8ac2ff66d41186b
hicp_inflation,cost_of_living,GR,M,2019-09-01,2019-09-30,0.2,percent change on same month of previous year,,,,"",eurostat,prc_hicp_minr,EL,2019-09,2026-09-17T11:00:00+0200,2026-09-28T01:56:20+00:00,ec86931f9a9d059a70c98f2b93e7a00b07733f8ff7d971bfe8ac2ff66d41186b
hicp_inflation,cost_of_living,GR,M,2019-10-01,2019-10-31,-0.3,percent change on same month of previous year,,,,"",eurostat,prc_hicp_minr,EL,2019-10,2026-09-17T11:00:00+0200,2026-09-28T01:56:20+00:00,ec86931f9a9d059a70c98f2b93e7a00b07733f8ff7d971bfe8ac2ff66d41186b
hicp_inflation,cost_of_living,GR,M,2019-11-01,2019-11-30,0.5,percent change on same month of previous year,,,,"",eurostat,prc_hicp_minr,EL,2019-11,2026-09-17T11:00:00+0200,2026-09-28T01:56:20+00:00,ec86931f9a9d059a70c98f2b93e7a00b07733f8ff7d971bfe8ac2ff66d41186b
hicp_inflation,cost_of_living,GR,M,2019-12-01,2019-12-31,1.1,percent change on same month of previous year,,,,"",eurostat,prc_hicp_minr,EL,2019-12,2026-09-17T11:00:00+0200,2026-09-28T01:56:20+00:00,ec86931f9a9d059a70c98f2b93e7a00b07733f8ff7d971bfe8ac2ff66d41186b
hicp_inflation,cost_of_living,GR,M,2020-01-01,2020-01-31,1.1,percent change on same month of previous year,,,,"",eurostat,prc_hicp_minr,EL,2020-01,2026-09-17T11:00:00+0200,2026-09-28T01:56:20+00:00,ec86931f9a9d059a70c98f2b93e7a00b07733f8ff7d971bfe8ac2ff66d41186b
hicp_inflation,cost_of_living,GR,M,2020-02-01,2020-02-29,0.4,percent change on same month of previous year,,,,"",eurostat,prc_hicp_minr,EL,2020-02,2026-09-17T11:00:00+0200,2026-09-28T01:56:20+00:00,ec86931f9a9d059a70c98f2b93e7a00b07733f8ff7d971bfe8ac2ff66d41186b
hicp_inflation,cost_of_living,GR,M,2020-03-01,2020-03-31,0.2,percent change on same month of previous year,,,,"",eurostat,prc_hicp_minr,EL,2020-03,2026-09-17T11:00:00+0200,2026-09-28T01:56:20+00:00,ec86931f9a9d059a70c98f2b93e7a00b07733f8ff7d971bfe8ac2ff66d41186b
hicp_inflation,cost_of_living,GR,M,2020-04-01,2020-04-30,-0.9,percent change on same month of previous year,,,,"",eurostat,prc_hicp_minr,EL,2020-04,2026-09-17T11:00:00+0200,2026-09-28T01:56:20+00:00,ec86931f9a9d059a70c98f2b93e7a00b07733f8ff7d971bfe8ac2ff66d41186b
hicp_inflation,cost_of_living,GR,M,2020-05-01,2020-05-31,-0.7,percent change on same month of previous year,,,,"",eurostat,prc_hicp_minr,EL,2020-05,2026-09-17T11:00:00+0200,2026-09-28T01:56:20+00:00,ec86931f9a9d059a70c98f2b93e7a00b07733f8ff7d971bfe8ac2ff66d41186b
hicp_inflation,cost_of_living,GR,M,2020-06-01,2020-06-30,-1.9,percent change on same month of previous year,,,,"",eurostat,prc_hicp_minr,EL,2020-06,2026-09-17T11:00:00+0200,2026-09-28T01:56:20+00:00,ec86931f9a9d059a70c98f2b93e7a00b07733f8ff7d971bfe8ac2ff66d41186b
hicp_inflation,cost_of_living,GR,M,2020-07-01,2020-07-31,-2.1,percent change on same month of previous year,,,,"",eurostat,prc_hicp_minr,EL,2020-07,2026-09-17T11:00:00+0200,2026-09-28T01:56:20+00:00,ec86931f9a9d059a70c98f2b93e7a00b07733f8ff7d971bfe8ac2ff66d41186b
hicp_inflation,cost_of_living,GR,M,2020-08-01,2020-08-31,-2.2,percent change on same month of previous year,,,,"",eurostat,prc_hicp_minr,EL,2020-08,2026-09-17T11:00:00+0200,2026-09-28T01:56:20+00:00,ec86931f9a9d059a70c98f2b93e7a00b07733f8ff7d971bfe8ac2ff66d41186b
hicp_inflation,cost_of_living,GR,M,2020-09-01,2020-09-30,-2.3,percent change on same month of previous year,,,,"",eurostat,prc_hicp_minr,EL,2020-09,2026-09-17T11:00:00+0200,2026-09-28T01:56:20+00:00,ec86931f9a9d059a70c98f2b93e7a00b07733f8ff7d971bfe8ac2ff66d41186b
hicp_inflation,cost_of_living,GR,M,2020-10-01,2020-10-31,-2.0,percent change on same month of previous year,,,,"",eurostat,prc_hicp_minr,EL,2020-10,2026-09-17T11:00:00+0200,2026-09-28T01:56:20+00:00,ec86931f9a9d059a70c98f2b93e7a00b07733f8ff7d971bfe8ac2ff66d41186b
hicp_inflation,cost_of_living,GR,M,2020-11-01,2020-11-30,-2.1,percent change on same month of previous year,,,,"",eurostat,prc_hicp_minr,EL,2020-11,2026-09-17T11:00:00+0200,2026-09-28T01:56:20+00:00,ec86931f9a9d059a70c98f2b93e7a00b07733f8ff7d971bfe8ac2ff66d41186b
hicp_inflation,cost_of_living,GR,M,2020-12-01,2020-12-31,-2.4,percent change on same month of previous year,,,,"",eurostat,prc_hicp_minr,EL,2020-12,2026-09-17T11:00:00+0200,2026-09-28T01:56:20+00:00,ec86931f9a9d059a70c98f2b93e7a00b07733f8ff7d971bfe8ac2ff66d41186b
hicp_inflation,cost_of_living,GR,M,2021-01-01,2021-01-31,-2.4,percent change on same month of previous year,,,,"",eurostat,prc_hicp_minr,EL,2021-01,2026-09-17T11:00:00+0200,2026-09-28T01:56:20+00:00,ec86931f9a9d059a70c98f2b93e7a00b07733f8ff7d971bfe8ac2ff66d41186b
hicp_inflation,cost_of_living,GR,M,2021-02-01,2021-02-28,-1.9,percent change on same month of previous year,,,,"",eurostat,prc_hicp_minr,EL,2021-02,2026-09-17T11:00:00+0200,2026-09-28T01:56:20+00:00,ec86931f9a9d059a70c98f2b93e7a00b07733f8ff7d971bfe8ac2ff66d41186b
hicp_inflation,cost_of_living,GR,M,2021-03-01,2021-03-31,-2.0,percent change on same month of previous year,,,,"",eurostat,prc_hicp_minr,EL,2021-03,2026-09-17T11:00:00+0200,2026-09-28T01:56:20+00:00,ec86931f9a9d059a70c98f2b93e7a00b07733f8ff7d971bfe8ac2ff66d41186b
hicp_inflation,cost_of_living,GR,M,2021-04-01,2021-04-30,-1.1,percent change on same month of previous year,,,,"",eurostat,prc_hicp_minr,EL,2021-04,2026-09-17T11:00:00+0200,2026-09-28T01:56:20+00:00,ec86931f9a9d059a70c98f2b93e7a00b07733f8ff7d971bfe8ac2ff66d41186b
hicp_inflation,cost_of_living,GR,M,2021-05-01,2021-05-31,-1.2,percent change on same month of previous year,,,,"",eurostat,prc_hicp_minr,EL,2021-05,2026-09-17T11:00:00+0200,2026-09-28T01:56:20+00:00,ec86931f9a9d059a70c98f2b93e7a00b07733f8ff7d971bfe8ac2ff66d41186b
hicp_inflation,cost_of_living,GR,M,2021-06-01,2021-06-30,0.6,percent change on same month of previous year,,,,"",eurostat,prc_hicp_minr,EL,2021-06,2026-09-17T11:00:00+0200,2026-09-28T01:56:20+00:00,ec86931f9a9d059a70c98f2b93e7a00b07733f8ff7d971bfe8ac2ff66d41186b
hicp_inflation,cost_of_living,GR,M,2021-07-01,2021-07-31,0.7,percent change on same month of previous year,,,,"",eurostat,prc_hicp_minr,EL,2021-07,2026-09-17T11:00:00+0200,2026-09-28T01:56:20+00:00,ec86931f9a9d059a70c98f2b93e7a00b07733f8ff7d971bfe8ac2ff66d41186b
hicp_inflation,cost_of_living,GR,M,2021-08-01,2021-08-31,1.2,percent change on same month of previous year,,,,"",eurostat,prc_hicp_minr,EL,2021-08,2026-09-17T11:00:00+0200,2026-09-28T01:56:20+00:00,ec86931f9a9d059a70c98f2b93e7a00b07733f8ff7d971bfe8ac2ff66d41186b
hicp_inflation,cost_of_living,GR,M,2021-09-01,2021-09-30,1.9,percent change on same month of previous year,,,,"",eurostat,prc_hicp_minr,EL,2021-09,2026-09-17T11:00:00+0200,2026-09-28T01:56:20+00:00,ec86931f9a9d059a70c98f2b93e7a00b07733f8ff7d971bfe8ac2ff66d41186b
hicp_inflation,cost_of_living,GR,M,2021-10-01,2021-10-31,2.8,percent change on same month of previous year,,,,"",eurostat,prc_hicp_minr,EL,2021-10,2026-09-17T11:00:00+0200,2026-09-28T01:56:20+00:00,ec86931f9a9d059a70c98f2b93e7a00b07733f8ff7d971bfe8ac2ff66d41186b
hicp_inflation,cost_of_living,GR,M,2021-11-01,2021-11-30,4.0,percent change on same month of previous year,,,,"",eurostat,prc_hicp_minr,EL,2021-11,2026-09-17T11:00:00+0200,2026-09-28T01:56:20+00:00,ec86931f9a9d059a70c98f2b93e7a00b07733f8ff7d971bfe8ac2ff66d41186b
hicp_inflation,cost_of_living,GR,M,2021-12-01,2021-12-31,4.4,percent change on same month of previous year,,,,"",eurostat,prc_hicp_minr,EL,2021-12,2026-09-17T11:00:00+0200,2026-09-28T01:56:20+00:00,ec86931f9a9d059a70c98f2b93e7a00b07733f8ff7d971bfe8ac2ff66d41186b
hicp_inflation,cost_of_living,GR,M,2022-01-01,2022-01-31,5.5,percent change on same month of previous year,,,,"",eurostat,prc_hicp_minr,EL,2022-01,2026-09-17T11:00:00+0200,2026-09-28T01:56:20+00:00,ec86931f9a9d059a70c98f2b93e7a00b07733f8ff7d971bfe8ac2ff66d41186b
hicp_inflation,cost_of_living,GR,M,2022-02-01,2022-02-28,6.3,percent change on same month of previous year,,,,"",eurostat,prc_hicp_minr,EL,2022-02,2026-09-17T11:00:00+0200,2026-09-28T01:56:20+00:00,ec86931f9a9d059a70c98f2b93e7a00b07733f8ff7d971bfe8ac2ff66d41186b
hicp_inflation,cost_of_living,GR,M,2022-03-01,2022-03-31,8.0,percent change on same month of previous year,,,,"",eurostat,prc_hicp_minr,EL,2022-03,2026-09-17T11:00:00+0200,2026-09-28T01:56:20+00:00,ec86931f9a9d059a70c98f2b93e7a00b07733f8ff7d971bfe8ac2ff66d41186b
hicp_inflation,cost_of_living,GR,M,2022-04-01,2022-04-30,9.1,percent change on same month of previous year,,,,"",eurostat,prc_hicp_minr,EL,2022-04,2026-09-17T11:00:00+0200,2026-09-28T01:56:20+00:00,ec86931f9a9d059a70c98f2b93e7a00b07733f8ff7d971bfe8ac2ff66d41186b
hicp_inflation,cost_of_living,GR,M,2022-05-01,2022-05-31,10.5,percent change on same month of previous year,,,,"",eurostat,prc_hicp_minr,EL,2022-05,2026-09-17T11:00:00+0200,2026-09-28T01:56:20+00:00,ec86931f9a9d059a70c98f2b93e7a00b07733f8ff7d971bfe8ac2ff66d41186b
hicp_inflation,cost_of_living,GR,M,2022-06-01,2022-06-30,11.6,percent change on same month of previous year,,,,"",eurostat,prc_hicp_minr,EL,2022-06,2026-09-17T11:00:00+0200,2026-09-28T01:56:20+00:00,ec86931f9a9d059a70c98f2b93e7a00b07733f8ff7d971bfe8ac2ff66d41186b
hicp_inflation,cost_of_living,GR,M,2022-07-01,2022-07-31,11.3,percent change on same month of previous year,,,,"",eurostat,prc_hicp_minr,EL,2022-07,2026-09-17T11:00:00+0200,2026-09-28T01:56:20+00:00,ec86931f9a9d059a70c98f2b93e7a00b07733f8ff7d971bfe8ac2ff66d41186b
hicp_inflation,cost_of_living,GR,M,2022-08-01,2022-08-31,11.2,percent change on same month of previous year,,,,"",eurostat,prc_hicp_minr,EL,2022-08,2026-09-17T11:00:00+0200,2026-09-28T01:56:20+00:00,ec86931f9a9d059a70c98f2b93e7a00b07733f8ff7d971bfe8ac2ff66d41186b
hicp_inflation,cost_of_living,GR,M,2022-09-01,2022-09-30,12.1,percent change on same month of previous year,,,,"",eurostat,prc_hicp_minr,EL,2022-09,2026-09-17T11:00:00+0200,2026-09-28T01:56:20+00:00,ec86931f9a9d059a70c98f2b93e7a00b07733f8ff7d971bfe8ac2ff66d41186b
hicp_inflation,cost_of_living,GR,M,2022-10-01,2022-10-31,9.5,percent change on same month of previous year,,,,"",eurostat,prc_hicp_minr,EL,2022-10,2026-09-17T11:00:00+0200,2026-09-28T01:56:20+00:00,ec86931f9a9d059a70c98f2b93e7a00b07733f8ff7d971bfe8ac2ff66d41186b
hicp_inflation,cost_of_living,GR,M,2022-11-01,2022-11-30,8.8,percent change on same month of previous year,,,,"",eurostat,prc_hicp_minr,EL,2022-11,2026-09-17T11:00:00+0200,2026-09-28T01:56:20+00:00,ec86931f9a9d059a70c98f2b93e7a00b07733f8ff7d971bfe8ac2ff66d41186b
hicp_inflation,cost_of_living,GR,M,2022-12-01,2022-12-31,7.6,percent change on same month of previous year,,,,"",eurostat,prc_hicp_minr,EL,2022-12,2026-09-17T11:00:00+0200,2026-09-28T01:56:20+00:00,ec86931f9a9d059a70c98f2b93e7a00b07733f8ff7d971bfe8ac2ff66d41186b
hicp_inflation,cost_of_living,GR,M,2023-01-01,2023-01-31,7.3,percent change on same month of previous year,,,,"",eurostat,prc_hicp_minr,EL,2023-01,2026-09-17T11:00:00+0200,2026-09-28T01:56:20+00:00,ec86931f9a9d059a70c98f2b93e7a00b07733f8ff7d971bfe8ac2ff66d41186b
hicp_inflation,cost_of_living,GR,M,2023-02-01,2023-02-28,6.5,percent change on same month of previous year,,,,"",eurostat,prc_hicp_minr,EL,2023-02,2026-09-17T11:00:00+0200,2026-09-28T01:56:20+00:00,ec86931f9a9d059a70c98f2b93e7a00b07733f8ff7d971bfe8ac2ff66d41186b
hicp_inflation,cost_of_living,GR,M,2023-03-01,2023-03-31,5.4,percent change on same month of previous year,,,,"",eurostat,prc_hicp_minr,EL,2023-03,2026-09-17T11:00:00+0200,2026-09-28T01:56:20+00:00,ec86931f9a9d059a70c98f2b93e7a00b07733f8ff7d971bfe8ac2ff66d41186b
hicp_inflation,cost_of_living,GR,M,2023-04-01,2023-04-30,4.5,percent change on same month of previous year,,,,"",eurostat,prc_hicp_minr,EL,2023-04,2026-09-17T11:00:00+0200,2026-09-28T01:56:20+00:00,ec86931f9a9d059a70c98f2b93e7a00b07733f8ff7d971bfe8ac2ff66d41186b
hicp_inflation,cost_of_living,GR,M,2023-05-01,2023-05-31,4.1,percent change on same month of previous year,,,,"",eurostat,prc_hicp_minr,EL,2023-05,2026-09-17T11:00:00+0200,2026-09-28T01:56:20+00:00,ec86931f9a9d059a70c98f2b93e7a00b07733f8ff7d971bfe8ac2ff66d41186b
hicp_inflation,cost_of_living,GR,M,2023-06-01,2023-06-30,2.8,percent change on same month of previous year,,,,"",eurostat,prc_hicp_minr,EL,2023-06,2026-09-17T11:00:00+0200,2026-09-28T01:56:20+00:00,ec86931f9a9d059a70c98f2b93e7a00b07733f8ff7d971bfe8ac2ff66d41186b
hicp_inflation,cost_of_living,GR,M,2023-07-01,2023-07-31,3.5,percent change on same month of previous year,,,,"",eurostat,prc_hicp_minr,EL,2023-07,2026-09-17T11:00:00+0200,2026-09-28T01:56:20+00:00,ec86931f9a9d059a70c98f2b93e7a00b07733f8ff7d971bfe8ac2ff66d41186b
hicp_inflation,cost_of_living,GR,M,2023-08-01,2023-08-31,3.5,percent change on same month of previous year,,,,"",eurostat,prc_hicp_minr,EL,2023-08,2026-09-17T11:00:00+0200,2026-09-28T01:56:20+00:00,ec86931f9a9d059a70c98f2b93e7a00b07733f8ff7d971bfe8ac2ff66d41186b
hicp_inflation,cost_of_living,GR,M,2023-09-01,2023-09-30,2.4,percent change on same month of previous year,,,,"",eurostat,prc_hicp_minr,EL,2023-09,2026-09-17T11:00:00+0200,2026-09-28T01:56:20+00:00,ec86931f9a9d059a70c98f2b93e7a00b07733f8ff7d971bfe8ac2ff66d41186b
hicp_inflation,cost_of_living,GR,M,2023-10-01,2023-10-31,3.8,percent change on same month of previous year,,,,"",eurostat,prc_hicp_minr,EL,2023-10,2026-09-17T11:00:00+0200,2026-09-28T01:56:20+00:00,ec86931f9a9d059a70c98f2b93e7a00b07733f8ff7d971bfe8ac2ff66d41186b
hicp_inflation,cost_of_living,GR,M,2023-11-01,2023-11-30,2.9,percent change on same month of previous year,,,,"",eurostat,prc_hicp_minr,EL,2023-11,2026-09-17T11:00:00+0200,2026-09-28T01:56:20+00:00,ec86931f9a9d059a70c98f2b93e7a00b07733f8ff7d971bfe8ac2ff66d41186b
hicp_inflation,cost_of_living,GR,M,2023-12-01,2023-12-31,3.7,percent change on same month of previous year,,,,"",eurostat,prc_hicp_minr,EL,2023-12,2026-09-17T11:00:00+0200,2026-09-28T01:56:20+00:00,ec86931f9a9d059a70c98f2b93e7a00b07733f8ff7d971bfe8ac2ff66d41186b
hicp_inflation,cost_of_living,GR,M,2024-01-01,2024-01-31,3.2,percent change on same month of previous year,,,,"",eurostat,prc_hicp_minr,EL,2024-01,2026-09-17T11:00:00+0200,2026-09-28T01:56:20+00:00,ec86931f9a9d059a70c98f2b93e7a00b07733f8ff7d971bfe8ac2ff66d41186b
hicp_inflation,cost_of_living,GR,M,2024-02-01,2024-02-29,3.1,percent change on same month of previous year,,,,"",eurostat,prc_hicp_minr,EL,2024-02,2026-09-17T11:00:00+0200,2026-09-28T01:56:20+00:00,ec86931f9a9d059a70c98f2b93e7a00b07733f8ff7d971bfe8ac2ff66d41186b
hicp_inflation,cost_of_living,GR,M,2024-03-01,2024-03-31,3.4,percent change on same month of previous year,,,,"",eurostat,prc_hicp_minr,EL,2024-03,2026-09-17T11:00:00+0200,2026-09-28T01:56:20+00:00,ec86931f9a9d059a70c98f2b93e7a00b07733f8ff7d971bfe8ac2ff66d41186b
hicp_inflation,cost_of_living,GR,M,2024-04-01,2024-04-30,3.2,percent change on same month of previous year,,,,"",eurostat,prc_hicp_minr,EL,2024-04,2026-09-17T11:00:00+0200,2026-09-28T01:56:20+00:00,ec86931f9a9d059a70c98f2b93e7a00b07733f8ff7d971bfe8ac2ff66d41186b
hicp_inflation,cost_of_living,GR,M,2024-05-01,2024-05-31,2.4,percent change on same month of previous year,,,,"",eurostat,prc_hicp_minr,EL,2024-05,2026-09-17T11:00:00+0200,2026-09-28T01:56:20+00:00,ec86931f9a9d059a70c98f2b93e7a00b07733f8ff7d971bfe8ac2ff66d41186b
hicp_inflation,cost_of_living,GR,M,2024-06-01,2024-06-30,2.5,percent change on same month of previous year,,,,"",eurostat,prc_hicp_minr,EL,2024-06,2026-09-17T11:00:00+0200,2026-09-28T01:56:20+00:00,ec86931f9a9d059a70c98f2b93e7a00b07733f8ff7d971bfe8ac2ff66d41186b
hicp_inflation,cost_of_living,GR,M,2024-07-01,2024-07-31,3.0,percent change on same month of previous year,,,,"",eurostat,prc_hicp_minr,EL,2024-07,2026-09-17T11:00:00+0200,2026-09-28T01:56:20+00:00,ec86931f9a9d059a70c98f2b93e7a00b07733f8ff7d971bfe8ac2ff66d41186b
hicp_inflation,cost_of_living,GR,M,2024-08-01,2024-08-31,3.2,percent change on same month of previous year,,,,"",eurostat,prc_hicp_minr,EL,2024-08,2026-09-17T11:00:00+0200,2026-09-28T01:56:20+00:00,ec86931f9a9d059a70c98f2b93e7a00b07733f8ff7d971bfe8ac2ff66d41186b
hicp_inflation,cost_of_living,GR,M,2024-09-01,2024-09-30,3.1,percent change on same month of previous year,,,,"",eurostat,prc_hicp_minr,EL,2024-09,2026-09-17T11:00:00+0200,2026-09-28T01:56:20+00:00,ec86931f9a9d059a70c98f2b93e7a00b07733f8ff7d971bfe8ac2ff66d41186b
hicp_inflation,cost_of_living,GR,M,2024-10-01,2024-10-31,3.1,percent change on same month of previous year,,,,"",eurostat,prc_hicp_minr,EL,2024-10,2026-09-17T11:00:00+0200,2026-09-28T01:56:20+00:00,ec86931f9a9d059a70c98f2b93e7a00b07733f8ff7d971bfe8ac2ff66d41186b
hicp_inflation,cost_of_living,GR,M,2024-11-01,2024-11-30,3.0,percent change on same month of previous year,,,,"",eurostat,prc_hicp_minr,EL,2024-11,2026-09-17T11:00:00+0200,2026-09-28T01:56:20+00:00,ec86931f9a9d059a70c98f2b93e7a00b07733f8ff7d971bfe8ac2ff66d41186b
hicp_inflation,cost_of_living,GR,M,2024-12-01,2024-12-31,2.9,percent change on same month of previous year,,,,"",eurostat,prc_hicp_minr,EL,2024-12,2026-09-17T11:00:00+0200,2026-09-28T01:56:20+00:00,ec86931f9a9d059a70c98f2b93e7a00b07733f8ff7d971bfe8ac2ff66d41186b
hicp_inflation,cost_of_living,GR,M,2025-01-01,2025-01-31,3.1,percent change on same month of previous year,,,,"",eurostat,prc_hicp_minr,EL,2025-01,2026-09-17T11:00:00+0200,2026-09-28T01:56:20+00:00,ec86931f9a9d059a70c98f2b93e7a00b07733f8ff7d971bfe8ac2ff66d41186b
hicp_inflation,cost_of_living,GR,M,2025-02-01,2025-02-28,3.0,percent change on same month of previous year,,,,"",eurostat,prc_hicp_minr,EL,2025-02,2026-09-17T11:00:00+0200,2026-09-28T01:56:20+00:00,ec86931f9a9d059a70c98f2b93e7a00b07733f8ff7d971bfe8ac2ff66d41186b
hicp_inflation,cost_of_living,GR,M,2025-03-01,2025-03-31,3.1,percent change on same month of previous year,,,,"",eurostat,prc_hicp_minr,EL,2025-03,2026-09-17T11:00:00+0200,2026-09-28T01:56:20+00:00,ec86931f9a9d059a70c98f2b93e7a00b07733f8ff7d971bfe8ac2ff66d41186b
hicp_inflation,cost_of_living,GR,M,2025-04-01,2025-04-30,2.6,percent change on same month of previous year,,,,"",eurostat,prc_hicp_minr,EL,2025-04,2026-09-17T11:00:00+0200,2026-09-28T01:56:20+00:00,ec86931f9a9d059a70c98f2b93e7a00b07733f8ff7d971bfe8ac2ff66d41186b
hicp_inflation,cost_of_living,GR,M,2025-05-01,2025-05-31,3.3,percent change on same month of previous year,,,,"",eurostat,prc_hicp_minr,EL,2025-05,2026-09-17T11:00:00+0200,2026-09-28T01:56:20+00:00,ec86931f9a9d059a70c98f2b93e7a00b07733f8ff7d971bfe8ac2ff66d41186b
hicp_inflation,cost_of_living,GR,M,2025-06-01,2025-06-30,3.6,percent change on same month of previous year,,,,"",eurostat,prc_hicp_minr,EL,2025-06,2026-09-17T11:00:00+0200,2026-09-28T01:56:20+00:00,ec86931f9a9d059a70c98f2b93e7a00b07733f8ff7d971bfe8ac2ff66d41186b
hicp_inflation,cost_of_living,GR,M,2025-07-01,2025-07-31,3.7,percent change on same month of previous year,,,,"",eurostat,prc_hicp_minr,EL,2025-07,2026-09-17T11:00:00+0200,2026-09-28T01:56:20+00:00,ec86931f9a9d059a70c98f2b93e7a00b07733f8ff7d971bfe8ac2ff66d41186b
hicp_inflation,cost_of_living,GR,M,2025-08-01,2025-08-31,3.1,percent change on same month of previous year,,,,"",eurostat,prc_hicp_minr,EL,2025-08,2026-09-17T11:00:00+0200,2026-09-28T01:56:20+00:00,ec86931f9a9d059a70c98f2b93e7a00b07733f8ff7d971bfe8ac2ff66d41186b
hicp_inflation,cost_of_living,GR,M,2025-09-01,2025-09-30,1.8,percent change on same month of previous year,,,,"",eurostat,prc_hicp_minr,EL,2025-09,2026-09-17T11:00:00+0200,2026-09-28T01:56:20+00:00,ec86931f9a9d059a70c98f2b93e7a00b07733f8ff7d971bfe8ac2ff66d41186b
hicp_inflation,cost_of_living,GR,M,2025-10-01,2025-10-31,1.6,percent change on same month of previous year,,,,"",eurostat,prc_hicp_minr,EL,2025-10,2026-09-17T11:00:00+0200,2026-09-28T01:56:20+00:00,ec86931f9a9d059a70c98f2b93e7a00b07733f8ff7d971bfe8ac2ff66d41186b
hicp_inflation,cost_of_living,GR,M,2025-11-01,2025-11-30,2.8,percent change on same month of previous year,,,,"",eurostat,prc_hicp_minr,EL,2025-11,2026-09-17T11:00:00+0200,2026-09-28T01:56:20+00:00,ec86931f9a9d059a70c98f2b93e7a00b07733f8ff7d971bfe8ac2ff66d41186b
hicp_inflation,cost_of_living,GR,M,2025-12-01,2025-12-31,2.9,percent change on same month of previous year,,,,"",eurostat,prc_hicp_minr,EL,2025-12,2026-09-17T11:00:00+0200,2026-09-28T01:56:20+00:00,ec86931f9a9d059a70c98f2b93e7a00b07733f8ff7d971bfe8ac2ff66d41186b
hicp_inflation,cost_of_living,GR,M,2026-01-01,2026-01-31,2.9,percent change on same month of previous year,,,,"",eurostat,prc_hicp_minr,EL,2026-01,2026-09-17T11:00:00+0200,2026-09-28T01:56:20+00:00,ec86931f9a9d059a70c98f2b93e7a00b07733f8ff7d971bfe8ac2ff66d41186b
hicp_inflation,cost_of_living,GR,M,2026-02-01,2026-02-28,3.1,percent change on same month of previous year,,,,"",eurostat,prc_hicp_minr,EL,2026-02,2026-09-17T11:00:00+0200,2026-09-28T01:56:20+00:00,ec86931f9a9d059a70c98f2b93e7a00b07733f8ff7d971bfe8ac2ff66d41186b
hicp_inflation,cost_of_living,GR,M,2026-03-01,2026-03-31,3.4,percent change on same month of previous year,,,,"",eurostat,prc_hicp_minr,EL,2026-03,2026-09-17T11:00:00+0200,2026-09-28T01:56:20+00:00,ec86931f9a9d059a70c98f2b93e7a00b07733f8ff7d971bfe8ac2ff66d41186b
hicp_inflation,cost_of_living,GR,M,2026-04-01,2026-04-30,4.6,percent change on same month of previous year,,,,"",eurostat,prc_hicp_minr,EL,2026-04,2026-09-17T11:00:00+0200,2026-09-28T01:56:20+00:00,ec86931f9a9d059a70c98f2b93e7a00b07733f8ff7d971bfe8ac2ff66d41186b
hicp_inflation,cost_of_living,GR,M,2026-05-01,2026-05-31,4.9,percent change on same month of previous year,,,,"",eurostat,prc_hicp_minr,EL,2026-05,2026-09-17T11:00:00+0200,2026-09-28T01:56:20+00:00,ec86931f9a9d059a70c98f2b93e7a00b07733f8ff7d971bfe8ac2ff66d41186b
hicp_inflation,cost_of_living,GR,M,2026-06-01,2026-06-30,3.9,percent change on same month of previous year,,,,"",eurostat,prc_hicp_minr,EL,2026-06,2026-09-17T11:00:00+0200,2026-09-28T01:56:20+00:00,ec86931f9a9d059a70c98f2b93e7a00b07733f8ff7d971bfe8ac2ff66d41186b
hicp_inflation,cost_of_living,GR,M,2026-07-01,2026-07-31,2.7,percent change on same month of previous year,,,,"",eurostat,prc_hicp_minr,EL,2026-07,2026-09-17T11:00:00+0200,2026-09-28T01:56:20+00:00,ec86931f9a9d059a70c98f2b93e7a00b07733f8ff7d971bfe8ac2ff66d41186b
hicp_inflation,cost_of_living,GR,M,2026-08-01,2026-08-31,3.7,percent change on same month of previous year,,,,"",eurostat,prc_hicp_minr,EL,2026-08,2026-09-17T11:00:00+0200,2026-09-28T01:56:20+00:00,ec86931f9a9d059a70c98f2b93e7a00b07733f8ff7d971bfe8ac2ff66d41186b
hicp_inflation,cost_of_living,IE,M,2019-01-01,2019-01-31,0.8,percent change on same month of previous year,,,,"",eurostat,prc_hicp_minr,IE,2019-01,2026-09-17T11:00:00+0200,2026-09-28T01:56:20+00:00,ec86931f9a9d059a70c98f2b93e7a00b07733f8ff7d971bfe8ac2ff66d41186b
hicp_inflation,cost_of_living,IE,M,2019-02-01,2019-02-28,0.8,percent change on same month of previous year,,,,"",eurostat,prc_hicp_minr,IE,2019-02,2026-09-17T11:00:00+0200,2026-09-28T01:56:20+00:00,ec86931f9a9d059a70c98f2b93e7a00b07733f8ff7d971bfe8ac2ff66d41186b
hicp_inflation,cost_of_living,IE,M,2019-03-01,2019-03-31,1.1,percent change on same month of previous year,,,,"",eurostat,prc_hicp_minr,IE,2019-03,2026-09-17T11:00:00+0200,2026-09-28T01:56:20+00:00,ec86931f9a9d059a70c98f2b93e7a00b07733f8ff7d971bfe8ac2ff66d41186b
hicp_inflation,cost_of_living,IE,M,2019-04-01,2019-04-30,1.7,percent change on same month of previous year,,,,"",eurostat,prc_hicp_minr,IE,2019-04,2026-09-17T11:00:00+0200,2026-09-28T01:56:20+00:00,ec86931f9a9d059a70c98f2b93e7a00b07733f8ff7d971bfe8ac2ff66d41186b
hicp_inflation,cost_of_living,IE,M,2019-05-01,2019-05-31,1.0,percent change on same month of previous year,,,,"",eurostat,prc_hicp_minr,IE,2019-05,2026-09-17T11:00:00+0200,2026-09-28T01:56:20+00:00,ec86931f9a9d059a70c98f2b93e7a00b07733f8ff7d971bfe8ac2ff66d41186b
hicp_inflation,cost_of_living,IE,M,2019-06-01,2019-06-30,1.1,percent change on same month of previous year,,,,"",eurostat,prc_hicp_minr,IE,2019-06,2026-09-17T11:00:00+0200,2026-09-28T01:56:20+00:00,ec86931f9a9d059a70c98f2b93e7a00b07733f8ff7d971bfe8ac2ff66d41186b
hicp_inflation,cost_of_living,IE,M,2019-07-01,2019-07-31,0.4,percent change on same month of previous year,,,,"",eurostat,prc_hicp_minr,IE,2019-07,2026-09-17T11:00:00+0200,2026-09-28T01:56:20+00:00,ec86931f9a9d059a70c98f2b93e7a00b07733f8ff7d971bfe8ac2ff66d41186b
hicp_inflation,cost_of_living,IE,M,2019-08-01,2019-08-31,0.5,percent change on same month of previous year,,,,"",eurostat,prc_hicp_minr,IE,2019-08,2026-09-17T11:00:00+0200,2026-09-28T01:56:20+00:00,ec86931f9a9d059a70c98f2b93e7a00b07733f8ff7d971bfe8ac2ff66d41186b
hicp_inflation,cost_of_living,IE,M,2019-09-01,2019-09-30,0.6,percent change on same month of previous year,,,,"",eurostat,prc_hicp_minr,IE,2019-09,2026-09-17T11:00:00+0200,2026-09-28T01:56:20+00:00,ec86931f9a9d059a70c98f2b93e7a00b07733f8ff7d971bfe8ac2ff66d41186b
hicp_inflation,cost_of_living,IE,M,2019-10-01,2019-10-31,0.6,percent change on same month of previous year,,,,"",eurostat,prc_hicp_minr,IE,2019-10,2026-09-17T11:00:00+0200,2026-09-28T01:56:20+00:00,ec86931f9a9d059a70c98f2b93e7a00b07733f8ff7d971bfe8ac2ff66d41186b
hicp_inflation,cost_of_living,IE,M,2019-11-01,2019-11-30,0.8,percent change on same month of previous year,,,,"",eurostat,prc_hicp_minr,IE,2019-11,2026-09-17T11:00:00+0200,2026-09-28T01:56:20+00:00,ec86931f9a9d059a70c98f2b93e7a00b07733f8ff7d971bfe8ac2ff66d41186b
hicp_inflation,cost_of_living,IE,M,2019-12-01,2019-12-31,1.1,percent change on same month of previous year,,,,"",eurostat,prc_hicp_minr,IE,2019-12,2026-09-17T11:00:00+0200,2026-09-28T01:56:20+00:00,ec86931f9a9d059a70c98f2b93e7a00b07733f8ff7d971bfe8ac2ff66d41186b
hicp_inflation,cost_of_living,IE,M,2020-01-01,2020-01-31,1.1,percent change on same month of previous year,,,,"",eurostat,prc_hicp_minr,IE,2020-01,2026-09-17T11:00:00+0200,2026-09-28T01:56:20+00:00,ec86931f9a9d059a70c98f2b93e7a00b07733f8ff7d971bfe8ac2ff66d41186b
hicp_inflation,cost_of_living,IE,M,2020-02-01,2020-02-29,0.9,percent change on same month of previous year,,,,"",eurostat,prc_hicp_minr,IE,2020-02,2026-09-17T11:00:00+0200,2026-09-28T01:56:20+00:00,ec86931f9a9d059a70c98f2b93e7a00b07733f8ff7d971bfe8ac2ff66d41186b
hicp_inflation,cost_of_living,IE,M,2020-03-01,2020-03-31,0.5,percent change on same month of previous year,,,,"",eurostat,prc_hicp_minr,IE,2020-03,2026-09-17T11:00:00+0200,2026-09-28T01:56:20+00:00,ec86931f9a9d059a70c98f2b93e7a00b07733f8ff7d971bfe8ac2ff66d41186b
hicp_inflation,cost_of_living,IE,M,2020-04-01,2020-04-30,-0.3,percent change on same month of previous year,,,,"",eurostat,prc_hicp_minr,IE,2020-04,2026-09-17T11:00:00+0200,2026-09-28T01:56:20+00:00,ec86931f9a9d059a70c98f2b93e7a00b07733f8ff7d971bfe8ac2ff66d41186b
hicp_inflation,cost_of_living,IE,M,2020-05-01,2020-05-31,-0.8,percent change on same month of previous year,,,,"",eurostat,prc_hicp_minr,IE,2020-05,2026-09-17T11:00:00+0200,2026-09-28T01:56:20+00:00,ec86931f9a9d059a70c98f2b93e7a00b07733f8ff7d971bfe8ac2ff66d41186b
hicp_inflation,cost_of_living,IE,M,2020-06-01,2020-06-30,-0.7,percent change on same month of previous year,,,,"",eurostat,prc_hicp_minr,IE,2020-06,2026-09-17T11:00:00+0200,2026-09-28T01:56:20+00:00,ec86931f9a9d059a70c98f2b93e7a00b07733f8ff7d971bfe8ac2ff66d41186b
hicp_inflation,cost_of_living,IE,M,2020-07-01,2020-07-31,-0.5,percent change on same month of previous year,,,,"",eurostat,prc_hicp_minr,IE,2020-07,2026-09-17T11:00:00+0200,2026-09-28T01:56:20+00:00,ec86931f9a9d059a70c98f2b93e7a00b07733f8ff7d971bfe8ac2ff66d41186b
hicp_inflation,cost_of_living,IE,M,2020-08-01,2020-08-31,-1.1,percent change on same month of previous year,,,,"",eurostat,prc_hicp_minr,IE,2020-08,2026-09-17T11:00:00+0200,2026-09-28T01:56:20+00:00,ec86931f9a9d059a70c98f2b93e7a00b07733f8ff7d971bfe8ac2ff66d41186b
hicp_inflation,cost_of_living,IE,M,2020-09-01,2020-09-30,-1.2,percent change on same month of previous year,,,,"",eurostat,prc_hicp_minr,IE,2020-09,2026-09-17T11:00:00+0200,2026-09-28T01:56:20+00:00,ec86931f9a9d059a70c98f2b93e7a00b07733f8ff7d971bfe8ac2ff66d41186b
hicp_inflation,cost_of_living,IE,M,2020-10-01,2020-10-31,-1.5,percent change on same month of previous year,,,,"",eurostat,prc_hicp_minr,IE,2020-10,2026-09-17T11:00:00+0200,2026-09-28T01:56:20+00:00,ec86931f9a9d059a70c98f2b93e7a00b07733f8ff7d971bfe8ac2ff66d41186b
hicp_inflation,cost_of_living,IE,M,2020-11-01,2020-11-30,-1.0,percent change on same month of previous year,,,,"",eurostat,prc_hicp_minr,IE,2020-11,2026-09-17T11:00:00+0200,2026-09-28T01:56:20+00:00,ec86931f9a9d059a70c98f2b93e7a00b07733f8ff7d971bfe8ac2ff66d41186b
hicp_inflation,cost_of_living,IE,M,2020-12-01,2020-12-31,-1.0,percent change on same month of previous year,,,,"",eurostat,prc_hicp_minr,IE,2020-12,2026-09-17T11:00:00+0200,2026-09-28T01:56:20+00:00,ec86931f9a9d059a70c98f2b93e7a00b07733f8ff7d971bfe8ac2ff66d41186b
hicp_inflation,cost_of_living,IE,M,2021-01-01,2021-01-31,-0.1,percent change on same month of previous year,,,,"",eurostat,prc_hicp_minr,IE,2021-01,2026-09-17T11:00:00+0200,2026-09-28T01:56:20+00:00,ec86931f9a9d059a70c98f2b93e7a00b07733f8ff7d971bfe8ac2ff66d41186b
hicp_inflation,cost_of_living,IE,M,2021-02-01,2021-02-28,-0.4,percent change on same month of previous year,,,,"",eurostat,prc_hicp_minr,IE,2021-02,2026-09-17T11:00:00+0200,2026-09-28T01:56:20+00:00,ec86931f9a9d059a70c98f2b93e7a00b07733f8ff7d971bfe8ac2ff66d41186b
hicp_inflation,cost_of_living,IE,M,2021-03-01,2021-03-31,0.1,percent change on same month of previous year,,,,"",eurostat,prc_hicp_minr,IE,2021-03,2026-09-17T11:00:00+0200,2026-09-28T01:56:20+00:00,ec86931f9a9d059a70c98f2b93e7a00b07733f8ff7d971bfe8ac2ff66d41186b
hicp_inflation,cost_of_living,IE,M,2021-04-01,2021-04-30,1.1,percent change on same month of previous year,,,,"",eurostat,prc_hicp_minr,IE,2021-04,2026-09-17T11:00:00+0200,2026-09-28T01:56:20+00:00,ec86931f9a9d059a70c98f2b93e7a00b07733f8ff7d971bfe8ac2ff66d41186b
hicp_inflation,cost_of_living,IE,M,2021-05-01,2021-05-31,1.9,percent change on same month of previous year,,,,"",eurostat,prc_hicp_minr,IE,2021-05,2026-09-17T11:00:00+0200,2026-09-28T01:56:20+00:00,ec86931f9a9d059a70c98f2b93e7a00b07733f8ff7d971bfe8ac2ff66d41186b
hicp_inflation,cost_of_living,IE,M,2021-06-01,2021-06-30,1.6,percent change on same month of previous year,,,,"",eurostat,prc_hicp_minr,IE,2021-06,2026-09-17T11:00:00+0200,2026-09-28T01:56:20+00:00,ec86931f9a9d059a70c98f2b93e7a00b07733f8ff7d971bfe8ac2ff66d41186b
hicp_inflation,cost_of_living,IE,M,2021-07-01,2021-07-31,2.1,percent change on same month of previous year,,,,"",eurostat,prc_hicp_minr,IE,2021-07,2026-09-17T11:00:00+0200,2026-09-28T01:56:20+00:00,ec86931f9a9d059a70c98f2b93e7a00b07733f8ff7d971bfe8ac2ff66d41186b
hicp_inflation,cost_of_living,IE,M,2021-08-01,2021-08-31,3.0,percent change on same month of previous year,,,,"",eurostat,prc_hicp_minr,IE,2021-08,2026-09-17T11:00:00+0200,2026-09-28T01:56:20+00:00,ec86931f9a9d059a70c98f2b93e7a00b07733f8ff7d971bfe8ac2ff66d41186b
hicp_inflation,cost_of_living,IE,M,2021-09-01,2021-09-30,3.8,percent change on same month of previous year,,,,"",eurostat,prc_hicp_minr,IE,2021-09,2026-09-17T11:00:00+0200,2026-09-28T01:56:20+00:00,ec86931f9a9d059a70c98f2b93e7a00b07733f8ff7d971bfe8ac2ff66d41186b
hicp_inflation,cost_of_living,IE,M,2021-10-01,2021-10-31,5.1,percent change on same month of previous year,,,,"",eurostat,prc_hicp_minr,IE,2021-10,2026-09-17T11:00:00+0200,2026-09-28T01:56:20+00:00,ec86931f9a9d059a70c98f2b93e7a00b07733f8ff7d971bfe8ac2ff66d41186b
hicp_inflation,cost_of_living,IE,M,2021-11-01,2021-11-30,5.4,percent change on same month of previous year,,,,"",eurostat,prc_hicp_minr,IE,2021-11,2026-09-17T11:00:00+0200,2026-09-28T01:56:20+00:00,ec86931f9a9d059a70c98f2b93e7a00b07733f8ff7d971bfe8ac2ff66d41186b
hicp_inflation,cost_of_living,IE,M,2021-12-01,2021-12-31,5.7,percent change on same month of previous year,,,,"",eurostat,prc_hicp_minr,IE,2021-12,2026-09-17T11:00:00+0200,2026-09-28T01:56:20+00:00,ec86931f9a9d059a70c98f2b93e7a00b07733f8ff7d971bfe8ac2ff66d41186b
hicp_inflation,cost_of_living,IE,M,2022-01-01,2022-01-31,5.1,percent change on same month of previous year,,,,"",eurostat,prc_hicp_minr,IE,2022-01,2026-09-17T11:00:00+0200,2026-09-28T01:56:20+00:00,ec86931f9a9d059a70c98f2b93e7a00b07733f8ff7d971bfe8ac2ff66d41186b
hicp_inflation,cost_of_living,IE,M,2022-02-01,2022-02-28,5.7,percent change on same month of previous year,,,,"",eurostat,prc_hicp_minr,IE,2022-02,2026-09-17T11:00:00+0200,2026-09-28T01:56:20+00:00,ec86931f9a9d059a70c98f2b93e7a00b07733f8ff7d971bfe8ac2ff66d41186b
hicp_inflation,cost_of_living,IE,M,2022-03-01,2022-03-31,7.0,percent change on same month of previous year,,,,"",eurostat,prc_hicp_minr,IE,2022-03,2026-09-17T11:00:00+0200,2026-09-28T01:56:20+00:00,ec86931f9a9d059a70c98f2b93e7a00b07733f8ff7d971bfe8ac2ff66d41186b
hicp_inflation,cost_of_living,IE,M,2022-04-01,2022-04-30,7.3,percent change on same month of previous year,,,,"",eurostat,prc_hicp_minr,IE,2022-04,2026-09-17T11:00:00+0200,2026-09-28T01:56:20+00:00,ec86931f9a9d059a70c98f2b93e7a00b07733f8ff7d971bfe8ac2ff66d41186b
hicp_inflation,cost_of_living,IE,M,2022-05-01,2022-05-31,8.2,percent change on same month of previous year,,,,"",eurostat,prc_hicp_minr,IE,2022-05,2026-09-17T11:00:00+0200,2026-09-28T01:56:20+00:00,ec86931f9a9d059a70c98f2b93e7a00b07733f8ff7d971bfe8ac2ff66d41186b
hicp_inflation,cost_of_living,IE,M,2022-06-01,2022-06-30,9.5,percent change on same month of previous year,,,,"",eurostat,prc_hicp_minr,IE,2022-06,2026-09-17T11:00:00+0200,2026-09-28T01:56:20+00:00,ec86931f9a9d059a70c98f2b93e7a00b07733f8ff7d971bfe8ac2ff66d41186b
hicp_inflation,cost_of_living,IE,M,2022-07-01,2022-07-31,9.7,percent change on same month of previous year,,,,"",eurostat,prc_hicp_minr,IE,2022-07,2026-09-17T11:00:00+0200,2026-09-28T01:56:20+00:00,ec86931f9a9d059a70c98f2b93e7a00b07733f8ff7d971bfe8ac2ff66d41186b
hicp_inflation,cost_of_living,IE,M,2022-08-01,2022-08-31,9.1,percent change on same month of previous year,,,,"",eurostat,prc_hicp_minr,IE,2022-08,2026-09-17T11:00:00+0200,2026-09-28T01:56:20+00:00,ec86931f9a9d059a70c98f2b93e7a00b07733f8ff7d971bfe8ac2ff66d41186b
hicp_inflation,cost_of_living,IE,M,2022-09-01,2022-09-30,8.6,percent change on same month of previous year,,,,"",eurostat,prc_hicp_minr,IE,2022-09,2026-09-17T11:00:00+0200,2026-09-28T01:56:20+00:00,ec86931f9a9d059a70c98f2b93e7a00b07733f8ff7d971bfe8ac2ff66d41186b
hicp_inflation,cost_of_living,IE,M,2022-10-01,2022-10-31,9.4,percent change on same month of previous year,,,,"",eurostat,prc_hicp_minr,IE,2022-10,2026-09-17T11:00:00+0200,2026-09-28T01:56:20+00:00,ec86931f9a9d059a70c98f2b93e7a00b07733f8ff7d971bfe8ac2ff66d41186b
hicp_inflation,cost_of_living,IE,M,2022-11-01,2022-11-30,9.0,percent change on same month of previous year,,,,"",eurostat,prc_hicp_minr,IE,2022-11,2026-09-17T11:00:00+0200,2026-09-28T01:56:20+00:00,ec86931f9a9d059a70c98f2b93e7a00b07733f8ff7d971bfe8ac2ff66d41186b
hicp_inflation,cost_of_living,IE,M,2022-12-01,2022-12-31,8.2,percent change on same month of previous year,,,,"",eurostat,prc_hicp_minr,IE,2022-12,2026-09-17T11:00:00+0200,2026-09-28T01:56:20+00:00,ec86931f9a9d059a70c98f2b93e7a00b07733f8ff7d971bfe8ac2ff66d41186b
hicp_inflation,cost_of_living,IE,M,2023-01-01,2023-01-31,7.5,percent change on same month of previous year,,,,"",eurostat,prc_hicp_minr,IE,2023-01,2026-09-17T11:00:00+0200,2026-09-28T01:56:20+00:00,ec86931f9a9d059a70c98f2b93e7a00b07733f8ff7d971bfe8ac2ff66d41186b
hicp_inflation,cost_of_living,IE,M,2023-02-01,2023-02-28,8.1,percent change on same month of previous year,,,,"",eurostat,prc_hicp_minr,IE,2023-02,2026-09-17T11:00:00+0200,2026-09-28T01:56:20+00:00,ec86931f9a9d059a70c98f2b93e7a00b07733f8ff7d971bfe8ac2ff66d41186b
hicp_inflation,cost_of_living,IE,M,2023-03-01,2023-03-31,7.0,percent change on same month of previous year,,,,"",eurostat,prc_hicp_minr,IE,2023-03,2026-09-17T11:00:00+0200,2026-09-28T01:56:20+00:00,ec86931f9a9d059a70c98f2b93e7a00b07733f8ff7d971bfe8ac2ff66d41186b
hicp_inflation,cost_of_living,IE,M,2023-04-01,2023-04-30,6.2,percent change on same month of previous year,,,,"",eurostat,prc_hicp_minr,IE,2023-04,2026-09-17T11:00:00+0200,2026-09-28T01:56:20+00:00,ec86931f9a9d059a70c98f2b93e7a00b07733f8ff7d971bfe8ac2ff66d41186b
hicp_inflation,cost_of_living,IE,M,2023-05-01,2023-05-31,5.4,percent change on same month of previous year,,,,"",eurostat,prc_hicp_minr,IE,2023-05,2026-09-17T11:00:00+0200,2026-09-28T01:56:20+00:00,ec86931f9a9d059a70c98f2b93e7a00b07733f8ff7d971bfe8ac2ff66d41186b
hicp_inflation,cost_of_living,IE,M,2023-06-01,2023-06-30,4.9,percent change on same month of previous year,,,,"",eurostat,prc_hicp_minr,IE,2023-06,2026-09-17T11:00:00+0200,2026-09-28T01:56:20+00:00,ec86931f9a9d059a70c98f2b93e7a00b07733f8ff7d971bfe8ac2ff66d41186b
hicp_inflation,cost_of_living,IE,M,2023-07-01,2023-07-31,4.5,percent change on same month of previous year,,,,"",eurostat,prc_hicp_minr,IE,2023-07,2026-09-17T11:00:00+0200,2026-09-28T01:56:20+00:00,ec86931f9a9d059a70c98f2b93e7a00b07733f8ff7d971bfe8ac2ff66d41186b
hicp_inflation,cost_of_living,IE,M,2023-08-01,2023-08-31,4.9,percent change on same month of previous year,,,,"",eurostat,prc_hicp_minr,IE,2023-08,2026-09-17T11:00:00+0200,2026-09-28T01:56:20+00:00,ec86931f9a9d059a70c98f2b93e7a00b07733f8ff7d971bfe8ac2ff66d41186b
hicp_inflation,cost_of_living,IE,M,2023-09-01,2023-09-30,5.0,percent change on same month of previous year,,,,"",eurostat,prc_hicp_minr,IE,2023-09,2026-09-17T11:00:00+0200,2026-09-28T01:56:20+00:00,ec86931f9a9d059a70c98f2b93e7a00b07733f8ff7d971bfe8ac2ff66d41186b
hicp_inflation,cost_of_living,IE,M,2023-10-01,2023-10-31,3.6,percent change on same month of previous year,,,,"",eurostat,prc_hicp_minr,IE,2023-10,2026-09-17T11:00:00+0200,2026-09-28T01:56:20+00:00,ec86931f9a9d059a70c98f2b93e7a00b07733f8ff7d971bfe8ac2ff66d41186b
hicp_inflation,cost_of_living,IE,M,2023-11-01,2023-11-30,2.4,percent change on same month of previous year,,,,"",eurostat,prc_hicp_minr,IE,2023-11,2026-09-17T11:00:00+0200,2026-09-28T01:56:20+00:00,ec86931f9a9d059a70c98f2b93e7a00b07733f8ff7d971bfe8ac2ff66d41186b
hicp_inflation,cost_of_living,IE,M,2023-12-01,2023-12-31,3.2,percent change on same month of previous year,,,,"",eurostat,prc_hicp_minr,IE,2023-12,2026-09-17T11:00:00+0200,2026-09-28T01:56:20+00:00,ec86931f9a9d059a70c98f2b93e7a00b07733f8ff7d971bfe8ac2ff66d41186b
hicp_inflation,cost_of_living,IE,M,2024-01-01,2024-01-31,2.8,percent change on same month of previous year,,,,"",eurostat,prc_hicp_minr,IE,2024-01,2026-09-17T11:00:00+0200,2026-09-28T01:56:20+00:00,ec86931f9a9d059a70c98f2b93e7a00b07733f8ff7d971bfe8ac2ff66d41186b
hicp_inflation,cost_of_living,IE,M,2024-02-01,2024-02-29,2.3,percent change on same month of previous year,,,,"",eurostat,prc_hicp_minr,IE,2024-02,2026-09-17T11:00:00+0200,2026-09-28T01:56:20+00:00,ec86931f9a9d059a70c98f2b93e7a00b07733f8ff7d971bfe8ac2ff66d41186b
hicp_inflation,cost_of_living,IE,M,2024-03-01,2024-03-31,1.7,percent change on same month of previous year,,,,"",eurostat,prc_hicp_minr,IE,2024-03,2026-09-17T11:00:00+0200,2026-09-28T01:56:20+00:00,ec86931f9a9d059a70c98f2b93e7a00b07733f8ff7d971bfe8ac2ff66d41186b
hicp_inflation,cost_of_living,IE,M,2024-04-01,2024-04-30,1.6,percent change on same month of previous year,,,,"",eurostat,prc_hicp_minr,IE,2024-04,2026-09-17T11:00:00+0200,2026-09-28T01:56:20+00:00,ec86931f9a9d059a70c98f2b93e7a00b07733f8ff7d971bfe8ac2ff66d41186b
hicp_inflation,cost_of_living,IE,M,2024-05-01,2024-05-31,1.9,percent change on same month of previous year,,,,"",eurostat,prc_hicp_minr,IE,2024-05,2026-09-17T11:00:00+0200,2026-09-28T01:56:20+00:00,ec86931f9a9d059a70c98f2b93e7a00b07733f8ff7d971bfe8ac2ff66d41186b
hicp_inflation,cost_of_living,IE,M,2024-06-01,2024-06-30,1.5,percent change on same month of previous year,,,,"",eurostat,prc_hicp_minr,IE,2024-06,2026-09-17T11:00:00+0200,2026-09-28T01:56:20+00:00,ec86931f9a9d059a70c98f2b93e7a00b07733f8ff7d971bfe8ac2ff66d41186b
hicp_inflation,cost_of_living,IE,M,2024-07-01,2024-07-31,1.5,percent change on same month of previous year,,,,"",eurostat,prc_hicp_minr,IE,2024-07,2026-09-17T11:00:00+0200,2026-09-28T01:56:20+00:00,ec86931f9a9d059a70c98f2b93e7a00b07733f8ff7d971bfe8ac2ff66d41186b
hicp_inflation,cost_of_living,IE,M,2024-08-01,2024-08-31,1.1,percent change on same month of previous year,,,,"",eurostat,prc_hicp_minr,IE,2024-08,2026-09-17T11:00:00+0200,2026-09-28T01:56:20+00:00,ec86931f9a9d059a70c98f2b93e7a00b07733f8ff7d971bfe8ac2ff66d41186b
hicp_inflation,cost_of_living,IE,M,2024-09-01,2024-09-30,0.0,percent change on same month of previous year,,,,"",eurostat,prc_hicp_minr,IE,2024-09,2026-09-17T11:00:00+0200,2026-09-28T01:56:20+00:00,ec86931f9a9d059a70c98f2b93e7a00b07733f8ff7d971bfe8ac2ff66d41186b
hicp_inflation,cost_of_living,IE,M,2024-10-01,2024-10-31,0.2,percent change on same month of previous year,,,,"",eurostat,prc_hicp_minr,IE,2024-10,2026-09-17T11:00:00+0200,2026-09-28T01:56:20+00:00,ec86931f9a9d059a70c98f2b93e7a00b07733f8ff7d971bfe8ac2ff66d41186b
hicp_inflation,cost_of_living,IE,M,2024-11-01,2024-11-30,0.5,percent change on same month of previous year,,,,"",eurostat,prc_hicp_minr,IE,2024-11,2026-09-17T11:00:00+0200,2026-09-28T01:56:20+00:00,ec86931f9a9d059a70c98f2b93e7a00b07733f8ff7d971bfe8ac2ff66d41186b
hicp_inflation,cost_of_living,IE,M,2024-12-01,2024-12-31,1.0,percent change on same month of previous year,,,,"",eurostat,prc_hicp_minr,IE,2024-12,2026-09-17T11:00:00+0200,2026-09-28T01:56:20+00:00,ec86931f9a9d059a70c98f2b93e7a00b07733f8ff7d971bfe8ac2ff66d41186b
hicp_inflation,cost_of_living,IE,M,2025-01-01,2025-01-31,1.7,percent change on same month of previous year,,,,"",eurostat,prc_hicp_minr,IE,2025-01,2026-09-17T11:00:00+0200,2026-09-28T01:56:20+00:00,ec86931f9a9d059a70c98f2b93e7a00b07733f8ff7d971bfe8ac2ff66d41186b
hicp_inflation,cost_of_living,IE,M,2025-02-01,2025-02-28,1.5,percent change on same month of previous year,,,,"",eurostat,prc_hicp_minr,IE,2025-02,2026-09-17T11:00:00+0200,2026-09-28T01:56:20+00:00,ec86931f9a9d059a70c98f2b93e7a00b07733f8ff7d971bfe8ac2ff66d41186b
hicp_inflation,cost_of_living,IE,M,2025-03-01,2025-03-31,1.8,percent change on same month of previous year,,,,"",eurostat,prc_hicp_minr,IE,2025-03,2026-09-17T11:00:00+0200,2026-09-28T01:56:20+00:00,ec86931f9a9d059a70c98f2b93e7a00b07733f8ff7d971bfe8ac2ff66d41186b
hicp_inflation,cost_of_living,IE,M,2025-04-01,2025-04-30,2.1,percent change on same month of previous year,,,,"",eurostat,prc_hicp_minr,IE,2025-04,2026-09-17T11:00:00+0200,2026-09-28T01:56:20+00:00,ec86931f9a9d059a70c98f2b93e7a00b07733f8ff7d971bfe8ac2ff66d41186b
hicp_inflation,cost_of_living,IE,M,2025-05-01,2025-05-31,1.4,percent change on same month of previous year,,,,"",eurostat,prc_hicp_minr,IE,2025-05,2026-09-17T11:00:00+0200,2026-09-28T01:56:20+00:00,ec86931f9a9d059a70c98f2b93e7a00b07733f8ff7d971bfe8ac2ff66d41186b
hicp_inflation,cost_of_living,IE,M,2025-06-01,2025-06-30,1.6,percent change on same month of previous year,,,,"",eurostat,prc_hicp_minr,IE,2025-06,2026-09-17T11:00:00+0200,2026-09-28T01:56:20+00:00,ec86931f9a9d059a70c98f2b93e7a00b07733f8ff7d971bfe8ac2ff66d41186b
hicp_inflation,cost_of_living,IE,M,2025-07-01,2025-07-31,1.6,percent change on same month of previous year,,,,"",eurostat,prc_hicp_minr,IE,2025-07,2026-09-17T11:00:00+0200,2026-09-28T01:56:20+00:00,ec86931f9a9d059a70c98f2b93e7a00b07733f8ff7d971bfe8ac2ff66d41186b
hicp_inflation,cost_of_living,IE,M,2025-08-01,2025-08-31,1.9,percent change on same month of previous year,,,,"",eurostat,prc_hicp_minr,IE,2025-08,2026-09-17T11:00:00+0200,2026-09-28T01:56:20+00:00,ec86931f9a9d059a70c98f2b93e7a00b07733f8ff7d971bfe8ac2ff66d41186b
hicp_inflation,cost_of_living,IE,M,2025-09-01,2025-09-30,2.7,percent change on same month of previous year,,,,"",eurostat,prc_hicp_minr,IE,2025-09,2026-09-17T11:00:00+0200,2026-09-28T01:56:20+00:00,ec86931f9a9d059a70c98f2b93e7a00b07733f8ff7d971bfe8ac2ff66d41186b
hicp_inflation,cost_of_living,IE,M,2025-10-01,2025-10-31,2.8,percent change on same month of previous year,,,,"",eurostat,prc_hicp_minr,IE,2025-10,2026-09-17T11:00:00+0200,2026-09-28T01:56:20+00:00,ec86931f9a9d059a70c98f2b93e7a00b07733f8ff7d971bfe8ac2ff66d41186b
hicp_inflation,cost_of_living,IE,M,2025-11-01,2025-11-30,3.1,percent change on same month of previous year,,,,"",eurostat,prc_hicp_minr,IE,2025-11,2026-09-17T11:00:00+0200,2026-09-28T01:56:20+00:00,ec86931f9a9d059a70c98f2b93e7a00b07733f8ff7d971bfe8ac2ff66d41186b
hicp_inflation,cost_of_living,IE,M,2025-12-01,2025-12-31,2.7,percent change on same month of previous year,,,,"",eurostat,prc_hicp_minr,IE,2025-12,2026-09-17T11:00:00+0200,2026-09-28T01:56:20+00:00,ec86931f9a9d059a70c98f2b93e7a00b07733f8ff7d971bfe8ac2ff66d41186b
hicp_inflation,cost_of_living,IE,M,2026-01-01,2026-01-31,2.5,percent change on same month of previous year,,,,"",eurostat,prc_hicp_minr,IE,2026-01,2026-09-17T11:00:00+0200,2026-09-28T01:56:20+00:00,ec86931f9a9d059a70c98f2b93e7a00b07733f8ff7d971bfe8ac2ff66d41186b
hicp_inflation,cost_of_living,IE,M,2026-02-01,2026-02-28,2.5,percent change on same month of previous year,,,,"",eurostat,prc_hicp_minr,IE,2026-02,2026-09-17T11:00:00+0200,2026-09-28T01:56:20+00:00,ec86931f9a9d059a70c98f2b93e7a00b07733f8ff7d971bfe8ac2ff66d41186b
hicp_inflation,cost_of_living,IE,M,2026-03-01,2026-03-31,3.6,percent change on same month of previous year,,,,"",eurostat,prc_hicp_minr,IE,2026-03,2026-09-17T11:00:00+0200,2026-09-28T01:56:20+00:00,ec86931f9a9d059a70c98f2b93e7a00b07733f8ff7d971bfe8ac2ff66d41186b
hicp_inflation,cost_of_living,IE,M,2026-04-01,2026-04-30,3.6,percent change on same month of previous year,,,,"",eurostat,prc_hicp_minr,IE,2026-04,2026-09-17T11:00:00+0200,2026-09-28T01:56:20+00:00,ec86931f9a9d059a70c98f2b93e7a00b07733f8ff7d971bfe8ac2ff66d41186b
hicp_inflation,cost_of_living,IE,M,2026-05-01,2026-05-31,3.5,percent change on same month of previous year,,,,"",eurostat,prc_hicp_minr,IE,2026-05,2026-09-17T11:00:00+0200,2026-09-28T01:56:20+00:00,ec86931f9a9d059a70c98f2b93e7a00b07733f8ff7d971bfe8ac2ff66d41186b
hicp_inflation,cost_of_living,IE,M,2026-06-01,2026-06-30,3.2,percent change on same month of previous year,,,,"",eurostat,prc_hicp_minr,IE,2026-06,2026-09-17T11:00:00+0200,2026-09-28T01:56:20+00:00,ec86931f9a9d059a70c98f2b93e7a00b07733f8ff7d971bfe8ac2ff66d41186b
hicp_inflation,cost_of_living,IE,M,2026-07-01,2026-07-31,3.1,percent change on same month of previous year,,,,"",eurostat,prc_hicp_minr,IE,2026-07,2026-09-17T11:00:00+0200,2026-09-28T01:56:20+00:00,ec86931f9a9d059a70c98f2b93e7a00b07733f8ff7d971bfe8ac2ff66d41186b
hicp_inflation,cost_of_living,IE,M,2026-08-01,2026-08-31,3.4,percent change on same month of previous year,,,,"",eurostat,prc_hicp_minr,IE,2026-08,2026-09-17T11:00:00+0200,2026-09-28T01:56:20+00:00,ec86931f9a9d059a70c98f2b93e7a00b07733f8ff7d971bfe8ac2ff66d41186b
hicp_inflation,cost_of_living,IT,M,2019-01-01,2019-01-31,1.0,percent change on same month of previous year,,,,"",eurostat,prc_hicp_minr,IT,2019-01,2026-09-17T11:00:00+0200,2026-09-28T01:56:20+00:00,ec86931f9a9d059a70c98f2b93e7a00b07733f8ff7d971bfe8ac2ff66d41186b
hicp_inflation,cost_of_living,IT,M,2019-02-01,2019-02-28,1.1,percent change on same month of previous year,,,,"",eurostat,prc_hicp_minr,IT,2019-02,2026-09-17T11:00:00+0200,2026-09-28T01:56:20+00:00,ec86931f9a9d059a70c98f2b93e7a00b07733f8ff7d971bfe8ac2ff66d41186b
hicp_inflation,cost_of_living,IT,M,2019-03-01,2019-03-31,1.1,percent change on same month of previous year,,,,"",eurostat,prc_hicp_minr,IT,2019-03,2026-09-17T11:00:00+0200,2026-09-28T01:56:20+00:00,ec86931f9a9d059a70c98f2b93e7a00b07733f8ff7d971bfe8ac2ff66d41186b
hicp_inflation,cost_of_living,IT,M,2019-04-01,2019-04-30,1.1,percent change on same month of previous year,,,,"",eurostat,prc_hicp_minr,IT,2019-04,2026-09-17T11:00:00+0200,2026-09-28T01:56:20+00:00,ec86931f9a9d059a70c98f2b93e7a00b07733f8ff7d971bfe8ac2ff66d41186b
hicp_inflation,cost_of_living,IT,M,2019-05-01,2019-05-31,1.0,percent change on same month of previous year,,,,"",eurostat,prc_hicp_minr,IT,2019-05,2026-09-17T11:00:00+0200,2026-09-28T01:56:20+00:00,ec86931f9a9d059a70c98f2b93e7a00b07733f8ff7d971bfe8ac2ff66d41186b
hicp_inflation,cost_of_living,IT,M,2019-06-01,2019-06-30,0.7,percent change on same month of previous year,,,,"",eurostat,prc_hicp_minr,IT,2019-06,2026-09-17T11:00:00+0200,2026-09-28T01:56:20+00:00,ec86931f9a9d059a70c98f2b93e7a00b07733f8ff7d971bfe8ac2ff66d41186b
hicp_inflation,cost_of_living,IT,M,2019-07-01,2019-07-31,0.2,percent change on same month of previous year,,,,"",eurostat,prc_hicp_minr,IT,2019-07,2026-09-17T11:00:00+0200,2026-09-28T01:56:20+00:00,ec86931f9a9d059a70c98f2b93e7a00b07733f8ff7d971bfe8ac2ff66d41186b
hicp_inflation,cost_of_living,IT,M,2019-08-01,2019-08-31,0.5,percent change on same month of previous year,,,,"",eurostat,prc_hicp_minr,IT,2019-08,2026-09-17T11:00:00+0200,2026-09-28T01:56:20+00:00,ec86931f9a9d059a70c98f2b93e7a00b07733f8ff7d971bfe8ac2ff66d41186b
hicp_inflation,cost_of_living,IT,M,2019-09-01,2019-09-30,0.2,percent change on same month of previous year,,,,"",eurostat,prc_hicp_minr,IT,2019-09,2026-09-17T11:00:00+0200,2026-09-28T01:56:20+00:00,ec86931f9a9d059a70c98f2b93e7a00b07733f8ff7d971bfe8ac2ff66d41186b
hicp_inflation,cost_of_living,IT,M,2019-10-01,2019-10-31,0.2,percent change on same month of previous year,,,,"",eurostat,prc_hicp_minr,IT,2019-10,2026-09-17T11:00:00+0200,2026-09-28T01:56:20+00:00,ec86931f9a9d059a70c98f2b93e7a00b07733f8ff7d971bfe8ac2ff66d41186b
hicp_inflation,cost_of_living,IT,M,2019-11-01,2019-11-30,0.2,percent change on same month of previous year,,,,"",eurostat,prc_hicp_minr,IT,2019-11,2026-09-17T11:00:00+0200,2026-09-28T01:56:20+00:00,ec86931f9a9d059a70c98f2b93e7a00b07733f8ff7d971bfe8ac2ff66d41186b
hicp_inflation,cost_of_living,IT,M,2019-12-01,2019-12-31,0.5,percent change on same month of previous year,,,,"",eurostat,prc_hicp_minr,IT,2019-12,2026-09-17T11:00:00+0200,2026-09-28T01:56:20+00:00,ec86931f9a9d059a70c98f2b93e7a00b07733f8ff7d971bfe8ac2ff66d41186b
hicp_inflation,cost_of_living,IT,M,2020-01-01,2020-01-31,0.4,percent change on same month of previous year,,,,"",eurostat,prc_hicp_minr,IT,2020-01,2026-09-17T11:00:00+0200,2026-09-28T01:56:20+00:00,ec86931f9a9d059a70c98f2b93e7a00b07733f8ff7d971bfe8ac2ff66d41186b
hicp_inflation,cost_of_living,IT,M,2020-02-01,2020-02-29,0.1,percent change on same month of previous year,,,,"",eurostat,prc_hicp_minr,IT,2020-02,2026-09-17T11:00:00+0200,2026-09-28T01:56:20+00:00,ec86931f9a9d059a70c98f2b93e7a00b07733f8ff7d971bfe8ac2ff66d41186b
hicp_inflation,cost_of_living,IT,M,2020-03-01,2020-03-31,0.1,percent change on same month of previous year,,,,"",eurostat,prc_hicp_minr,IT,2020-03,2026-09-17T11:00:00+0200,2026-09-28T01:56:20+00:00,ec86931f9a9d059a70c98f2b93e7a00b07733f8ff7d971bfe8ac2ff66d41186b
hicp_inflation,cost_of_living,IT,M,2020-04-01,2020-04-30,0.1,percent change on same month of previous year,,,,"",eurostat,prc_hicp_minr,IT,2020-04,2026-09-17T11:00:00+0200,2026-09-28T01:56:20+00:00,ec86931f9a9d059a70c98f2b93e7a00b07733f8ff7d971bfe8ac2ff66d41186b
hicp_inflation,cost_of_living,IT,M,2020-05-01,2020-05-31,-0.4,percent change on same month of previous year,,,,"",eurostat,prc_hicp_minr,IT,2020-05,2026-09-17T11:00:00+0200,2026-09-28T01:56:20+00:00,ec86931f9a9d059a70c98f2b93e7a00b07733f8ff7d971bfe8ac2ff66d41186b
hicp_inflation,cost_of_living,IT,M,2020-06-01,2020-06-30,-0.4,percent change on same month of previous year,,,,"",eurostat,prc_hicp_minr,IT,2020-06,2026-09-17T11:00:00+0200,2026-09-28T01:56:20+00:00,ec86931f9a9d059a70c98f2b93e7a00b07733f8ff7d971bfe8ac2ff66d41186b
hicp_inflation,cost_of_living,IT,M,2020-07-01,2020-07-31,0.7,percent change on same month of previous year,,,,"",eurostat,prc_hicp_minr,IT,2020-07,2026-09-17T11:00:00+0200,2026-09-28T01:56:20+00:00,ec86931f9a9d059a70c98f2b93e7a00b07733f8ff7d971bfe8ac2ff66d41186b
hicp_inflation,cost_of_living,IT,M,2020-08-01,2020-08-31,-0.5,percent change on same month of previous year,,,,"",eurostat,prc_hicp_minr,IT,2020-08,2026-09-17T11:00:00+0200,2026-09-28T01:56:20+00:00,ec86931f9a9d059a70c98f2b93e7a00b07733f8ff7d971bfe8ac2ff66d41186b
hicp_inflation,cost_of_living,IT,M,2020-09-01,2020-09-30,-1.1,percent change on same month of previous year,,,,"",eurostat,prc_hicp_minr,IT,2020-09,2026-09-17T11:00:00+0200,2026-09-28T01:56:20+00:00,ec86931f9a9d059a70c98f2b93e7a00b07733f8ff7d971bfe8ac2ff66d41186b
hicp_inflation,cost_of_living,IT,M,2020-10-01,2020-10-31,-0.6,percent change on same month of previous year,,,,"",eurostat,prc_hicp_minr,IT,2020-10,2026-09-17T11:00:00+0200,2026-09-28T01:56:20+00:00,ec86931f9a9d059a70c98f2b93e7a00b07733f8ff7d971bfe8ac2ff66d41186b
hicp_inflation,cost_of_living,IT,M,2020-11-01,2020-11-30,-0.4,percent change on same month of previous year,,,,"",eurostat,prc_hicp_minr,IT,2020-11,2026-09-17T11:00:00+0200,2026-09-28T01:56:20+00:00,ec86931f9a9d059a70c98f2b93e7a00b07733f8ff7d971bfe8ac2ff66d41186b
hicp_inflation,cost_of_living,IT,M,2020-12-01,2020-12-31,-0.2,percent change on same month of previous year,,,,"",eurostat,prc_hicp_minr,IT,2020-12,2026-09-17T11:00:00+0200,2026-09-28T01:56:20+00:00,ec86931f9a9d059a70c98f2b93e7a00b07733f8ff7d971bfe8ac2ff66d41186b
hicp_inflation,cost_of_living,IT,M,2021-01-01,2021-01-31,0.7,percent change on same month of previous year,,,,"",eurostat,prc_hicp_minr,IT,2021-01,2026-09-17T11:00:00+0200,2026-09-28T01:56:20+00:00,ec86931f9a9d059a70c98f2b93e7a00b07733f8ff7d971bfe8ac2ff66d41186b
hicp_inflation,cost_of_living,IT,M,2021-02-01,2021-02-28,1.0,percent change on same month of previous year,,,,"",eurostat,prc_hicp_minr,IT,2021-02,2026-09-17T11:00:00+0200,2026-09-28T01:56:20+00:00,ec86931f9a9d059a70c98f2b93e7a00b07733f8ff7d971bfe8ac2ff66d41186b
hicp_inflation,cost_of_living,IT,M,2021-03-01,2021-03-31,0.5,percent change on same month of previous year,,,,"",eurostat,prc_hicp_minr,IT,2021-03,2026-09-17T11:00:00+0200,2026-09-28T01:56:20+00:00,ec86931f9a9d059a70c98f2b93e7a00b07733f8ff7d971bfe8ac2ff66d41186b
hicp_inflation,cost_of_living,IT,M,2021-04-01,2021-04-30,0.8,percent change on same month of previous year,,,,"",eurostat,prc_hicp_minr,IT,2021-04,2026-09-17T11:00:00+0200,2026-09-28T01:56:20+00:00,ec86931f9a9d059a70c98f2b93e7a00b07733f8ff7d971bfe8ac2ff66d41186b
hicp_inflation,cost_of_living,IT,M,2021-05-01,2021-05-31,1.2,percent change on same month of previous year,,,,"",eurostat,prc_hicp_minr,IT,2021-05,2026-09-17T11:00:00+0200,2026-09-28T01:56:20+00:00,ec86931f9a9d059a70c98f2b93e7a00b07733f8ff7d971bfe8ac2ff66d41186b
hicp_inflation,cost_of_living,IT,M,2021-06-01,2021-06-30,1.3,percent change on same month of previous year,,,,"",eurostat,prc_hicp_minr,IT,2021-06,2026-09-17T11:00:00+0200,2026-09-28T01:56:20+00:00,ec86931f9a9d059a70c98f2b93e7a00b07733f8ff7d971bfe8ac2ff66d41186b
hicp_inflation,cost_of_living,IT,M,2021-07-01,2021-07-31,1.1,percent change on same month of previous year,,,,"",eurostat,prc_hicp_minr,IT,2021-07,2026-09-17T11:00:00+0200,2026-09-28T01:56:20+00:00,ec86931f9a9d059a70c98f2b93e7a00b07733f8ff7d971bfe8ac2ff66d41186b
hicp_inflation,cost_of_living,IT,M,2021-08-01,2021-08-31,2.4,percent change on same month of previous year,,,,"",eurostat,prc_hicp_minr,IT,2021-08,2026-09-17T11:00:00+0200,2026-09-28T01:56:20+00:00,ec86931f9a9d059a70c98f2b93e7a00b07733f8ff7d971bfe8ac2ff66d41186b
hicp_inflation,cost_of_living,IT,M,2021-09-01,2021-09-30,2.9,percent change on same month of previous year,,,,"",eurostat,prc_hicp_minr,IT,2021-09,2026-09-17T11:00:00+0200,2026-09-28T01:56:20+00:00,ec86931f9a9d059a70c98f2b93e7a00b07733f8ff7d971bfe8ac2ff66d41186b
hicp_inflation,cost_of_living,IT,M,2021-10-01,2021-10-31,3.2,percent change on same month of previous year,,,,"",eurostat,prc_hicp_minr,IT,2021-10,2026-09-17T11:00:00+0200,2026-09-28T01:56:20+00:00,ec86931f9a9d059a70c98f2b93e7a00b07733f8ff7d971bfe8ac2ff66d41186b
hicp_inflation,cost_of_living,IT,M,2021-11-01,2021-11-30,4.0,percent change on same month of previous year,,,,"",eurostat,prc_hicp_minr,IT,2021-11,2026-09-17T11:00:00+0200,2026-09-28T01:56:20+00:00,ec86931f9a9d059a70c98f2b93e7a00b07733f8ff7d971bfe8ac2ff66d41186b
hicp_inflation,cost_of_living,IT,M,2021-12-01,2021-12-31,4.2,percent change on same month of previous year,,,,"",eurostat,prc_hicp_minr,IT,2021-12,2026-09-17T11:00:00+0200,2026-09-28T01:56:20+00:00,ec86931f9a9d059a70c98f2b93e7a00b07733f8ff7d971bfe8ac2ff66d41186b
hicp_inflation,cost_of_living,IT,M,2022-01-01,2022-01-31,5.0,percent change on same month of previous year,,,,"",eurostat,prc_hicp_minr,IT,2022-01,2026-09-17T11:00:00+0200,2026-09-28T01:56:20+00:00,ec86931f9a9d059a70c98f2b93e7a00b07733f8ff7d971bfe8ac2ff66d41186b
hicp_inflation,cost_of_living,IT,M,2022-02-01,2022-02-28,6.2,percent change on same month of previous year,,,,"",eurostat,prc_hicp_minr,IT,2022-02,2026-09-17T11:00:00+0200,2026-09-28T01:56:20+00:00,ec86931f9a9d059a70c98f2b93e7a00b07733f8ff7d971bfe8ac2ff66d41186b
hicp_inflation,cost_of_living,IT,M,2022-03-01,2022-03-31,6.9,percent change on same month of previous year,,,,"",eurostat,prc_hicp_minr,IT,2022-03,2026-09-17T11:00:00+0200,2026-09-28T01:56:20+00:00,ec86931f9a9d059a70c98f2b93e7a00b07733f8ff7d971bfe8ac2ff66d41186b
hicp_inflation,cost_of_living,IT,M,2022-04-01,2022-04-30,6.4,percent change on same month of previous year,,,,"",eurostat,prc_hicp_minr,IT,2022-04,2026-09-17T11:00:00+0200,2026-09-28T01:56:20+00:00,ec86931f9a9d059a70c98f2b93e7a00b07733f8ff7d971bfe8ac2ff66d41186b
hicp_inflation,cost_of_living,IT,M,2022-05-01,2022-05-31,7.3,percent change on same month of previous year,,,,"",eurostat,prc_hicp_minr,IT,2022-05,2026-09-17T11:00:00+0200,2026-09-28T01:56:20+00:00,ec86931f9a9d059a70c98f2b93e7a00b07733f8ff7d971bfe8ac2ff66d41186b
hicp_inflation,cost_of_living,IT,M,2022-06-01,2022-06-30,8.5,percent change on same month of previous year,,,,"",eurostat,prc_hicp_minr,IT,2022-06,2026-09-17T11:00:00+0200,2026-09-28T01:56:20+00:00,ec86931f9a9d059a70c98f2b93e7a00b07733f8ff7d971bfe8ac2ff66d41186b
hicp_inflation,cost_of_living,IT,M,2022-07-01,2022-07-31,8.4,percent change on same month of previous year,,,,"",eurostat,prc_hicp_minr,IT,2022-07,2026-09-17T11:00:00+0200,2026-09-28T01:56:20+00:00,ec86931f9a9d059a70c98f2b93e7a00b07733f8ff7d971bfe8ac2ff66d41186b
hicp_inflation,cost_of_living,IT,M,2022-08-01,2022-08-31,9.1,percent change on same month of previous year,,,,"",eurostat,prc_hicp_minr,IT,2022-08,2026-09-17T11:00:00+0200,2026-09-28T01:56:20+00:00,ec86931f9a9d059a70c98f2b93e7a00b07733f8ff7d971bfe8ac2ff66d41186b
hicp_inflation,cost_of_living,IT,M,2022-09-01,2022-09-30,9.5,percent change on same month of previous year,,,,"",eurostat,prc_hicp_minr,IT,2022-09,2026-09-17T11:00:00+0200,2026-09-28T01:56:20+00:00,ec86931f9a9d059a70c98f2b93e7a00b07733f8ff7d971bfe8ac2ff66d41186b
hicp_inflation,cost_of_living,IT,M,2022-10-01,2022-10-31,12.6,percent change on same month of previous year,,,,"",eurostat,prc_hicp_minr,IT,2022-10,2026-09-17T11:00:00+0200,2026-09-28T01:56:20+00:00,ec86931f9a9d059a70c98f2b93e7a00b07733f8ff7d971bfe8ac2ff66d41186b
hicp_inflation,cost_of_living,IT,M,2022-11-01,2022-11-30,12.5,percent change on same month of previous year,,,,"",eurostat,prc_hicp_minr,IT,2022-11,2026-09-17T11:00:00+0200,2026-09-28T01:56:20+00:00,ec86931f9a9d059a70c98f2b93e7a00b07733f8ff7d971bfe8ac2ff66d41186b
hicp_inflation,cost_of_living,IT,M,2022-12-01,2022-12-31,12.2,percent change on same month of previous year,,,,"",eurostat,prc_hicp_minr,IT,2022-12,2026-09-17T11:00:00+0200,2026-09-28T01:56:20+00:00,ec86931f9a9d059a70c98f2b93e7a00b07733f8ff7d971bfe8ac2ff66d41186b
hicp_inflation,cost_of_living,IT,M,2023-01-01,2023-01-31,10.7,percent change on same month of previous year,,,,"",eurostat,prc_hicp_minr,IT,2023-01,2026-09-17T11:00:00+0200,2026-09-28T01:56:20+00:00,ec86931f9a9d059a70c98f2b93e7a00b07733f8ff7d971bfe8ac2ff66d41186b
hicp_inflation,cost_of_living,IT,M,2023-02-01,2023-02-28,9.8,percent change on same month of previous year,,,,"",eurostat,prc_hicp_minr,IT,2023-02,2026-09-17T11:00:00+0200,2026-09-28T01:56:20+00:00,ec86931f9a9d059a70c98f2b93e7a00b07733f8ff7d971bfe8ac2ff66d41186b
hicp_inflation,cost_of_living,IT,M,2023-03-01,2023-03-31,8.0,percent change on same month of previous year,,,,"",eurostat,prc_hicp_minr,IT,2023-03,2026-09-17T11:00:00+0200,2026-09-28T01:56:20+00:00,ec86931f9a9d059a70c98f2b93e7a00b07733f8ff7d971bfe8ac2ff66d41186b
hicp_inflation,cost_of_living,IT,M,2023-04-01,2023-04-30,8.6,percent change on same month of previous year,,,,"",eurostat,prc_hicp_minr,IT,2023-04,2026-09-17T11:00:00+0200,2026-09-28T01:56:20+00:00,ec86931f9a9d059a70c98f2b93e7a00b07733f8ff7d971bfe8ac2ff66d41186b
hicp_inflation,cost_of_living,IT,M,2023-05-01,2023-05-31,8.0,percent change on same month of previous year,,,,"",eurostat,prc_hicp_minr,IT,2023-05,2026-09-17T11:00:00+0200,2026-09-28T01:56:20+00:00,ec86931f9a9d059a70c98f2b93e7a00b07733f8ff7d971bfe8ac2ff66d41186b
hicp_inflation,cost_of_living,IT,M,2023-06-01,2023-06-30,6.8,percent change on same month of previous year,,,,"",eurostat,prc_hicp_minr,IT,2023-06,2026-09-17T11:00:00+0200,2026-09-28T01:56:20+00:00,ec86931f9a9d059a70c98f2b93e7a00b07733f8ff7d971bfe8ac2ff66d41186b
hicp_inflation,cost_of_living,IT,M,2023-07-01,2023-07-31,6.3,percent change on same month of previous year,,,,"",eurostat,prc_hicp_minr,IT,2023-07,2026-09-17T11:00:00+0200,2026-09-28T01:56:20+00:00,ec86931f9a9d059a70c98f2b93e7a00b07733f8ff7d971bfe8ac2ff66d41186b
hicp_inflation,cost_of_living,IT,M,2023-08-01,2023-08-31,5.6,percent change on same month of previous year,,,,"",eurostat,prc_hicp_minr,IT,2023-08,2026-09-17T11:00:00+0200,2026-09-28T01:56:20+00:00,ec86931f9a9d059a70c98f2b93e7a00b07733f8ff7d971bfe8ac2ff66d41186b
hicp_inflation,cost_of_living,IT,M,2023-09-01,2023-09-30,5.6,percent change on same month of previous year,,,,"",eurostat,prc_hicp_minr,IT,2023-09,2026-09-17T11:00:00+0200,2026-09-28T01:56:20+00:00,ec86931f9a9d059a70c98f2b93e7a00b07733f8ff7d971bfe8ac2ff66d41186b
hicp_inflation,cost_of_living,IT,M,2023-10-01,2023-10-31,1.8,percent change on same month of previous year,,,,"",eurostat,prc_hicp_minr,IT,2023-10,2026-09-17T11:00:00+0200,2026-09-28T01:56:20+00:00,ec86931f9a9d059a70c98f2b93e7a00b07733f8ff7d971bfe8ac2ff66d41186b
hicp_inflation,cost_of_living,IT,M,2023-11-01,2023-11-30,0.6,percent change on same month of previous year,,,,"",eurostat,prc_hicp_minr,IT,2023-11,2026-09-17T11:00:00+0200,2026-09-28T01:56:20+00:00,ec86931f9a9d059a70c98f2b93e7a00b07733f8ff7d971bfe8ac2ff66d41186b
hicp_inflation,cost_of_living,IT,M,2023-12-01,2023-12-31,0.6,percent change on same month of previous year,,,,"",eurostat,prc_hicp_minr,IT,2023-12,2026-09-17T11:00:00+0200,2026-09-28T01:56:20+00:00,ec86931f9a9d059a70c98f2b93e7a00b07733f8ff7d971bfe8ac2ff66d41186b
hicp_inflation,cost_of_living,IT,M,2024-01-01,2024-01-31,0.9,percent change on same month of previous year,,,,"",eurostat,prc_hicp_minr,IT,2024-01,2026-09-17T11:00:00+0200,2026-09-28T01:56:20+00:00,ec86931f9a9d059a70c98f2b93e7a00b07733f8ff7d971bfe8ac2ff66d41186b
hicp_inflation,cost_of_living,IT,M,2024-02-01,2024-02-29,0.8,percent change on same month of previous year,,,,"",eurostat,prc_hicp_minr,IT,2024-02,2026-09-17T11:00:00+0200,2026-09-28T01:56:20+00:00,ec86931f9a9d059a70c98f2b93e7a00b07733f8ff7d971bfe8ac2ff66d41186b
hicp_inflation,cost_of_living,IT,M,2024-03-01,2024-03-31,1.2,percent change on same month of previous year,,,,"",eurostat,prc_hicp_minr,IT,2024-03,2026-09-17T11:00:00+0200,2026-09-28T01:56:20+00:00,ec86931f9a9d059a70c98f2b93e7a00b07733f8ff7d971bfe8ac2ff66d41186b
hicp_inflation,cost_of_living,IT,M,2024-04-01,2024-04-30,0.9,percent change on same month of previous year,,,,"",eurostat,prc_hicp_minr,IT,2024-04,2026-09-17T11:00:00+0200,2026-09-28T01:56:20+00:00,ec86931f9a9d059a70c98f2b93e7a00b07733f8ff7d971bfe8ac2ff66d41186b
hicp_inflation,cost_of_living,IT,M,2024-05-01,2024-05-31,0.7,percent change on same month of previous year,,,,"",eurostat,prc_hicp_minr,IT,2024-05,2026-09-17T11:00:00+0200,2026-09-28T01:56:20+00:00,ec86931f9a9d059a70c98f2b93e7a00b07733f8ff7d971bfe8ac2ff66d41186b
hicp_inflation,cost_of_living,IT,M,2024-06-01,2024-06-30,0.9,percent change on same month of previous year,,,,"",eurostat,prc_hicp_minr,IT,2024-06,2026-09-17T11:00:00+0200,2026-09-28T01:56:20+00:00,ec86931f9a9d059a70c98f2b93e7a00b07733f8ff7d971bfe8ac2ff66d41186b
hicp_inflation,cost_of_living,IT,M,2024-07-01,2024-07-31,1.6,percent change on same month of previous year,,,,"",eurostat,prc_hicp_minr,IT,2024-07,2026-09-17T11:00:00+0200,2026-09-28T01:56:20+00:00,ec86931f9a9d059a70c98f2b93e7a00b07733f8ff7d971bfe8ac2ff66d41186b
hicp_inflation,cost_of_living,IT,M,2024-08-01,2024-08-31,1.3,percent change on same month of previous year,,,,"",eurostat,prc_hicp_minr,IT,2024-08,2026-09-17T11:00:00+0200,2026-09-28T01:56:20+00:00,ec86931f9a9d059a70c98f2b93e7a00b07733f8ff7d971bfe8ac2ff66d41186b
hicp_inflation,cost_of_living,IT,M,2024-09-01,2024-09-30,0.7,percent change on same month of previous year,,,,"",eurostat,prc_hicp_minr,IT,2024-09,2026-09-17T11:00:00+0200,2026-09-28T01:56:20+00:00,ec86931f9a9d059a70c98f2b93e7a00b07733f8ff7d971bfe8ac2ff66d41186b
hicp_inflation,cost_of_living,IT,M,2024-10-01,2024-10-31,1.0,percent change on same month of previous year,,,,"",eurostat,prc_hicp_minr,IT,2024-10,2026-09-17T11:00:00+0200,2026-09-28T01:56:20+00:00,ec86931f9a9d059a70c98f2b93e7a00b07733f8ff7d971bfe8ac2ff66d41186b
hicp_inflation,cost_of_living,IT,M,2024-11-01,2024-11-30,1.4,percent change on same month of previous year,,,,"",eurostat,prc_hicp_minr,IT,2024-11,2026-09-17T11:00:00+0200,2026-09-28T01:56:20+00:00,ec86931f9a9d059a70c98f2b93e7a00b07733f8ff7d971bfe8ac2ff66d41186b
hicp_inflation,cost_of_living,IT,M,2024-12-01,2024-12-31,1.3,percent change on same month of previous year,,,,"",eurostat,prc_hicp_minr,IT,2024-12,2026-09-17T11:00:00+0200,2026-09-28T01:56:20+00:00,ec86931f9a9d059a70c98f2b93e7a00b07733f8ff7d971bfe8ac2ff66d41186b
hicp_inflation,cost_of_living,IT,M,2025-01-01,2025-01-31,1.7,percent change on same month of previous year,,,,"",eurostat,prc_hicp_minr,IT,2025-01,2026-09-17T11:00:00+0200,2026-09-28T01:56:20+00:00,ec86931f9a9d059a70c98f2b93e7a00b07733f8ff7d971bfe8ac2ff66d41186b
hicp_inflation,cost_of_living,IT,M,2025-02-01,2025-02-28,1.7,percent change on same month of previous year,,,,"",eurostat,prc_hicp_minr,IT,2025-02,2026-09-17T11:00:00+0200,2026-09-28T01:56:20+00:00,ec86931f9a9d059a70c98f2b93e7a00b07733f8ff7d971bfe8ac2ff66d41186b
hicp_inflation,cost_of_living,IT,M,2025-03-01,2025-03-31,2.1,percent change on same month of previous year,,,,"",eurostat,prc_hicp_minr,IT,2025-03,2026-09-17T11:00:00+0200,2026-09-28T01:56:20+00:00,ec86931f9a9d059a70c98f2b93e7a00b07733f8ff7d971bfe8ac2ff66d41186b
hicp_inflation,cost_of_living,IT,M,2025-04-01,2025-04-30,2.0,percent change on same month of previous year,,,,"",eurostat,prc_hicp_minr,IT,2025-04,2026-09-17T11:00:00+0200,2026-09-28T01:56:20+00:00,ec86931f9a9d059a70c98f2b93e7a00b07733f8ff7d971bfe8ac2ff66d41186b
hicp_inflation,cost_of_living,IT,M,2025-05-01,2025-05-31,1.7,percent change on same month of previous year,,,,"",eurostat,prc_hicp_minr,IT,2025-05,2026-09-17T11:00:00+0200,2026-09-28T01:56:20+00:00,ec86931f9a9d059a70c98f2b93e7a00b07733f8ff7d971bfe8ac2ff66d41186b
hicp_inflation,cost_of_living,IT,M,2025-06-01,2025-06-30,1.7,percent change on same month of previous year,,,,"",eurostat,prc_hicp_minr,IT,2025-06,2026-09-17T11:00:00+0200,2026-09-28T01:56:20+00:00,ec86931f9a9d059a70c98f2b93e7a00b07733f8ff7d971bfe8ac2ff66d41186b
hicp_inflation,cost_of_living,IT,M,2025-07-01,2025-07-31,1.7,percent change on same month of previous year,,,,"",eurostat,prc_hicp_minr,IT,2025-07,2026-09-17T11:00:00+0200,2026-09-28T01:56:20+00:00,ec86931f9a9d059a70c98f2b93e7a00b07733f8ff7d971bfe8ac2ff66d41186b
hicp_inflation,cost_of_living,IT,M,2025-08-01,2025-08-31,1.6,percent change on same month of previous year,,,,"",eurostat,prc_hicp_minr,IT,2025-08,2026-09-17T11:00:00+0200,2026-09-28T01:56:20+00:00,ec86931f9a9d059a70c98f2b93e7a00b07733f8ff7d971bfe8ac2ff66d41186b
hicp_inflation,cost_of_living,IT,M,2025-09-01,2025-09-30,1.7,percent change on same month of previous year,,,,"",eurostat,prc_hicp_minr,IT,2025-09,2026-09-17T11:00:00+0200,2026-09-28T01:56:20+00:00,ec86931f9a9d059a70c98f2b93e7a00b07733f8ff7d971bfe8ac2ff66d41186b
hicp_inflation,cost_of_living,IT,M,2025-10-01,2025-10-31,1.3,percent change on same month of previous year,,,,"",eurostat,prc_hicp_minr,IT,2025-10,2026-09-17T11:00:00+0200,2026-09-28T01:56:20+00:00,ec86931f9a9d059a70c98f2b93e7a00b07733f8ff7d971bfe8ac2ff66d41186b
hicp_inflation,cost_of_living,IT,M,2025-11-01,2025-11-30,1.1,percent change on same month of previous year,,,,"",eurostat,prc_hicp_minr,IT,2025-11,2026-09-17T11:00:00+0200,2026-09-28T01:56:20+00:00,ec86931f9a9d059a70c98f2b93e7a00b07733f8ff7d971bfe8ac2ff66d41186b
hicp_inflation,cost_of_living,IT,M,2025-12-01,2025-12-31,1.2,percent change on same month of previous year,,,,"",eurostat,prc_hicp_minr,IT,2025-12,2026-09-17T11:00:00+0200,2026-09-28T01:56:20+00:00,ec86931f9a9d059a70c98f2b93e7a00b07733f8ff7d971bfe8ac2ff66d41186b
hicp_inflation,cost_of_living,IT,M,2026-01-01,2026-01-31,1.0,percent change on same month of previous year,,,,"",eurostat,prc_hicp_minr,IT,2026-01,2026-09-17T11:00:00+0200,2026-09-28T01:56:20+00:00,ec86931f9a9d059a70c98f2b93e7a00b07733f8ff7d971bfe8ac2ff66d41186b
hicp_inflation,cost_of_living,IT,M,2026-02-01,2026-02-28,1.5,percent change on same month of previous year,,,,"",eurostat,prc_hicp_minr,IT,2026-02,2026-09-17T11:00:00+0200,2026-09-28T01:56:20+00:00,ec86931f9a9d059a70c98f2b93e7a00b07733f8ff7d971bfe8ac2ff66d41186b
hicp_inflation,cost_of_living,IT,M,2026-03-01,2026-03-31,1.6,percent change on same month of previous year,,,,"",eurostat,prc_hicp_minr,IT,2026-03,2026-09-17T11:00:00+0200,2026-09-28T01:56:20+00:00,ec86931f9a9d059a70c98f2b93e7a00b07733f8ff7d971bfe8ac2ff66d41186b
hicp_inflation,cost_of_living,IT,M,2026-04-01,2026-04-30,2.8,percent change on same month of previous year,,,,"",eurostat,prc_hicp_minr,IT,2026-04,2026-09-17T11:00:00+0200,2026-09-28T01:56:20+00:00,ec86931f9a9d059a70c98f2b93e7a00b07733f8ff7d971bfe8ac2ff66d41186b
hicp_inflation,cost_of_living,IT,M,2026-05-01,2026-05-31,3.2,percent change on same month of previous year,,,,"",eurostat,prc_hicp_minr,IT,2026-05,2026-09-17T11:00:00+0200,2026-09-28T01:56:20+00:00,ec86931f9a9d059a70c98f2b93e7a00b07733f8ff7d971bfe8ac2ff66d41186b
hicp_inflation,cost_of_living,IT,M,2026-06-01,2026-06-30,3.0,percent change on same month of previous year,,,,"",eurostat,prc_hicp_minr,IT,2026-06,2026-09-17T11:00:00+0200,2026-09-28T01:56:20+00:00,ec86931f9a9d059a70c98f2b93e7a00b07733f8ff7d971bfe8ac2ff66d41186b
hicp_inflation,cost_of_living,IT,M,2026-07-01,2026-07-31,2.9,percent change on same month of previous year,,,,"",eurostat,prc_hicp_minr,IT,2026-07,2026-09-17T11:00:00+0200,2026-09-28T01:56:20+00:00,ec86931f9a9d059a70c98f2b93e7a00b07733f8ff7d971bfe8ac2ff66d41186b
hicp_inflation,cost_of_living,IT,M,2026-08-01,2026-08-31,3.2,percent change on same month of previous year,,,,"",eurostat,prc_hicp_minr,IT,2026-08,2026-09-17T11:00:00+0200,2026-09-28T01:56:20+00:00,ec86931f9a9d059a70c98f2b93e7a00b07733f8ff7d971bfe8ac2ff66d41186b
hicp_inflation,cost_of_living,PL,M,2019-01-01,2019-01-31,0.6,percent change on same month of previous year,,,,"",eurostat,prc_hicp_minr,PL,2019-01,2026-09-17T11:00:00+0200,2026-09-28T01:56:20+00:00,ec86931f9a9d059a70c98f2b93e7a00b07733f8ff7d971bfe8ac2ff66d41186b
hicp_inflation,cost_of_living,PL,M,2019-02-01,2019-02-28,1.3,percent change on same month of previous year,,,,"",eurostat,prc_hicp_minr,PL,2019-02,2026-09-17T11:00:00+0200,2026-09-28T01:56:20+00:00,ec86931f9a9d059a70c98f2b93e7a00b07733f8ff7d971bfe8ac2ff66d41186b
hicp_inflation,cost_of_living,PL,M,2019-03-01,2019-03-31,1.7,percent change on same month of previous year,,,,"",eurostat,prc_hicp_minr,PL,2019-03,2026-09-17T11:00:00+0200,2026-09-28T01:56:20+00:00,ec86931f9a9d059a70c98f2b93e7a00b07733f8ff7d971bfe8ac2ff66d41186b
hicp_inflation,cost_of_living,PL,M,2019-04-01,2019-04-30,2.1,percent change on same month of previous year,,,,"",eurostat,prc_hicp_minr,PL,2019-04,2026-09-17T11:00:00+0200,2026-09-28T01:56:20+00:00,ec86931f9a9d059a70c98f2b93e7a00b07733f8ff7d971bfe8ac2ff66d41186b
hicp_inflation,cost_of_living,PL,M,2019-05-01,2019-05-31,2.2,percent change on same month of previous year,,,,"",eurostat,prc_hicp_minr,PL,2019-05,2026-09-17T11:00:00+0200,2026-09-28T01:56:20+00:00,ec86931f9a9d059a70c98f2b93e7a00b07733f8ff7d971bfe8ac2ff66d41186b
hicp_inflation,cost_of_living,PL,M,2019-06-01,2019-06-30,2.4,percent change on same month of previous year,,,,"",eurostat,prc_hicp_minr,PL,2019-06,2026-09-17T11:00:00+0200,2026-09-28T01:56:20+00:00,ec86931f9a9d059a70c98f2b93e7a00b07733f8ff7d971bfe8ac2ff66d41186b
hicp_inflation,cost_of_living,PL,M,2019-07-01,2019-07-31,2.6,percent change on same month of previous year,,,,"",eurostat,prc_hicp_minr,PL,2019-07,2026-09-17T11:00:00+0200,2026-09-28T01:56:20+00:00,ec86931f9a9d059a70c98f2b93e7a00b07733f8ff7d971bfe8ac2ff66d41186b
hicp_inflation,cost_of_living,PL,M,2019-08-01,2019-08-31,2.6,percent change on same month of previous year,,,,"",eurostat,prc_hicp_minr,PL,2019-08,2026-09-17T11:00:00+0200,2026-09-28T01:56:20+00:00,ec86931f9a9d059a70c98f2b93e7a00b07733f8ff7d971bfe8ac2ff66d41186b
hicp_inflation,cost_of_living,PL,M,2019-09-01,2019-09-30,2.4,percent change on same month of previous year,,,,"",eurostat,prc_hicp_minr,PL,2019-09,2026-09-17T11:00:00+0200,2026-09-28T01:56:20+00:00,ec86931f9a9d059a70c98f2b93e7a00b07733f8ff7d971bfe8ac2ff66d41186b
hicp_inflation,cost_of_living,PL,M,2019-10-01,2019-10-31,2.4,percent change on same month of previous year,,,,"",eurostat,prc_hicp_minr,PL,2019-10,2026-09-17T11:00:00+0200,2026-09-28T01:56:20+00:00,ec86931f9a9d059a70c98f2b93e7a00b07733f8ff7d971bfe8ac2ff66d41186b
hicp_inflation,cost_of_living,PL,M,2019-11-01,2019-11-30,2.5,percent change on same month of previous year,,,,"",eurostat,prc_hicp_minr,PL,2019-11,2026-09-17T11:00:00+0200,2026-09-28T01:56:20+00:00,ec86931f9a9d059a70c98f2b93e7a00b07733f8ff7d971bfe8ac2ff66d41186b
hicp_inflation,cost_of_living,PL,M,2019-12-01,2019-12-31,3.0,percent change on same month of previous year,,,,"",eurostat,prc_hicp_minr,PL,2019-12,2026-09-17T11:00:00+0200,2026-09-28T01:56:20+00:00,ec86931f9a9d059a70c98f2b93e7a00b07733f8ff7d971bfe8ac2ff66d41186b
hicp_inflation,cost_of_living,PL,M,2020-01-01,2020-01-31,3.7,percent change on same month of previous year,,,,"",eurostat,prc_hicp_minr,PL,2020-01,2026-09-17T11:00:00+0200,2026-09-28T01:56:20+00:00,ec86931f9a9d059a70c98f2b93e7a00b07733f8ff7d971bfe8ac2ff66d41186b
hicp_inflation,cost_of_living,PL,M,2020-02-01,2020-02-29,4.0,percent change on same month of previous year,,,,"",eurostat,prc_hicp_minr,PL,2020-02,2026-09-17T11:00:00+0200,2026-09-28T01:56:20+00:00,ec86931f9a9d059a70c98f2b93e7a00b07733f8ff7d971bfe8ac2ff66d41186b
hicp_inflation,cost_of_living,PL,M,2020-03-01,2020-03-31,3.8,percent change on same month of previous year,,,,"",eurostat,prc_hicp_minr,PL,2020-03,2026-09-17T11:00:00+0200,2026-09-28T01:56:20+00:00,ec86931f9a9d059a70c98f2b93e7a00b07733f8ff7d971bfe8ac2ff66d41186b
hicp_inflation,cost_of_living,PL,M,2020-04-01,2020-04-30,2.9,percent change on same month of previous year,,,,"",eurostat,prc_hicp_minr,PL,2020-04,2026-09-17T11:00:00+0200,2026-09-28T01:56:20+00:00,ec86931f9a9d059a70c98f2b93e7a00b07733f8ff7d971bfe8ac2ff66d41186b
hicp_inflation,cost_of_living,PL,M,2020-05-01,2020-05-31,3.5,percent change on same month of previous year,,,,"",eurostat,prc_hicp_minr,PL,2020-05,2026-09-17T11:00:00+0200,2026-09-28T01:56:20+00:00,ec86931f9a9d059a70c98f2b93e7a00b07733f8ff7d971bfe8ac2ff66d41186b
hicp_inflation,cost_of_living,PL,M,2020-06-01,2020-06-30,3.8,percent change on same month of previous year,,,,"",eurostat,prc_hicp_minr,PL,2020-06,2026-09-17T11:00:00+0200,2026-09-28T01:56:20+00:00,ec86931f9a9d059a70c98f2b93e7a00b07733f8ff7d971bfe8ac2ff66d41186b
hicp_inflation,cost_of_living,PL,M,2020-07-01,2020-07-31,3.6,percent change on same month of previous year,,,,"",eurostat,prc_hicp_minr,PL,2020-07,2026-09-17T11:00:00+0200,2026-09-28T01:56:20+00:00,ec86931f9a9d059a70c98f2b93e7a00b07733f8ff7d971bfe8ac2ff66d41186b
hicp_inflation,cost_of_living,PL,M,2020-08-01,2020-08-31,3.7,percent change on same month of previous year,,,,"",eurostat,prc_hicp_minr,PL,2020-08,2026-09-17T11:00:00+0200,2026-09-28T01:56:20+00:00,ec86931f9a9d059a70c98f2b93e7a00b07733f8ff7d971bfe8ac2ff66d41186b
hicp_inflation,cost_of_living,PL,M,2020-09-01,2020-09-30,3.8,percent change on same month of previous year,,,,"",eurostat,prc_hicp_minr,PL,2020-09,2026-09-17T11:00:00+0200,2026-09-28T01:56:20+00:00,ec86931f9a9d059a70c98f2b93e7a00b07733f8ff7d971bfe8ac2ff66d41186b
hicp_inflation,cost_of_living,PL,M,2020-10-01,2020-10-31,3.8,percent change on same month of previous year,,,,"",eurostat,prc_hicp_minr,PL,2020-10,2026-09-17T11:00:00+0200,2026-09-28T01:56:20+00:00,ec86931f9a9d059a70c98f2b93e7a00b07733f8ff7d971bfe8ac2ff66d41186b
hicp_inflation,cost_of_living,PL,M,2020-11-01,2020-11-30,3.7,percent change on same month of previous year,,,,"",eurostat,prc_hicp_minr,PL,2020-11,2026-09-17T11:00:00+0200,2026-09-28T01:56:20+00:00,ec86931f9a9d059a70c98f2b93e7a00b07733f8ff7d971bfe8ac2ff66d41186b
hicp_inflation,cost_of_living,PL,M,2020-12-01,2020-12-31,3.4,percent change on same month of previous year,,,,"",eurostat,prc_hicp_minr,PL,2020-12,2026-09-17T11:00:00+0200,2026-09-28T01:56:20+00:00,ec86931f9a9d059a70c98f2b93e7a00b07733f8ff7d971bfe8ac2ff66d41186b
hicp_inflation,cost_of_living,PL,M,2021-01-01,2021-01-31,3.7,percent change on same month of previous year,,,,"",eurostat,prc_hicp_minr,PL,2021-01,2026-09-17T11:00:00+0200,2026-09-28T01:56:20+00:00,ec86931f9a9d059a70c98f2b93e7a00b07733f8ff7d971bfe8ac2ff66d41186b
hicp_inflation,cost_of_living,PL,M,2021-02-01,2021-02-28,3.7,percent change on same month of previous year,,,,"",eurostat,prc_hicp_minr,PL,2021-02,2026-09-17T11:00:00+0200,2026-09-28T01:56:20+00:00,ec86931f9a9d059a70c98f2b93e7a00b07733f8ff7d971bfe8ac2ff66d41186b
hicp_inflation,cost_of_living,PL,M,2021-03-01,2021-03-31,4.3,percent change on same month of previous year,,,,"",eurostat,prc_hicp_minr,PL,2021-03,2026-09-17T11:00:00+0200,2026-09-28T01:56:20+00:00,ec86931f9a9d059a70c98f2b93e7a00b07733f8ff7d971bfe8ac2ff66d41186b
hicp_inflation,cost_of_living,PL,M,2021-04-01,2021-04-30,5.1,percent change on same month of previous year,,,,"",eurostat,prc_hicp_minr,PL,2021-04,2026-09-17T11:00:00+0200,2026-09-28T01:56:20+00:00,ec86931f9a9d059a70c98f2b93e7a00b07733f8ff7d971bfe8ac2ff66d41186b
hicp_inflation,cost_of_living,PL,M,2021-05-01,2021-05-31,4.6,percent change on same month of previous year,,,,"",eurostat,prc_hicp_minr,PL,2021-05,2026-09-17T11:00:00+0200,2026-09-28T01:56:20+00:00,ec86931f9a9d059a70c98f2b93e7a00b07733f8ff7d971bfe8ac2ff66d41186b
hicp_inflation,cost_of_living,PL,M,2021-06-01,2021-06-30,4.2,percent change on same month of previous year,,,,"",eurostat,prc_hicp_minr,PL,2021-06,2026-09-17T11:00:00+0200,2026-09-28T01:56:20+00:00,ec86931f9a9d059a70c98f2b93e7a00b07733f8ff7d971bfe8ac2ff66d41186b
hicp_inflation,cost_of_living,PL,M,2021-07-01,2021-07-31,4.7,percent change on same month of previous year,,,,"",eurostat,prc_hicp_minr,PL,2021-07,2026-09-17T11:00:00+0200,2026-09-28T01:56:20+00:00,ec86931f9a9d059a70c98f2b93e7a00b07733f8ff7d971bfe8ac2ff66d41186b
hicp_inflation,cost_of_living,PL,M,2021-08-01,2021-08-31,5.1,percent change on same month of previous year,,,,"",eurostat,prc_hicp_minr,PL,2021-08,2026-09-17T11:00:00+0200,2026-09-28T01:56:20+00:00,ec86931f9a9d059a70c98f2b93e7a00b07733f8ff7d971bfe8ac2ff66d41186b
hicp_inflation,cost_of_living,PL,M,2021-09-01,2021-09-30,5.6,percent change on same month of previous year,,,,"",eurostat,prc_hicp_minr,PL,2021-09,2026-09-17T11:00:00+0200,2026-09-28T01:56:20+00:00,ec86931f9a9d059a70c98f2b93e7a00b07733f8ff7d971bfe8ac2ff66d41186b
hicp_inflation,cost_of_living,PL,M,2021-10-01,2021-10-31,6.4,percent change on same month of previous year,,,,"",eurostat,prc_hicp_minr,PL,2021-10,2026-09-17T11:00:00+0200,2026-09-28T01:56:20+00:00,ec86931f9a9d059a70c98f2b93e7a00b07733f8ff7d971bfe8ac2ff66d41186b
hicp_inflation,cost_of_living,PL,M,2021-11-01,2021-11-30,7.4,percent change on same month of previous year,,,,"",eurostat,prc_hicp_minr,PL,2021-11,2026-09-17T11:00:00+0200,2026-09-28T01:56:20+00:00,ec86931f9a9d059a70c98f2b93e7a00b07733f8ff7d971bfe8ac2ff66d41186b
hicp_inflation,cost_of_living,PL,M,2021-12-01,2021-12-31,8.0,percent change on same month of previous year,,,,"",eurostat,prc_hicp_minr,PL,2021-12,2026-09-17T11:00:00+0200,2026-09-28T01:56:20+00:00,ec86931f9a9d059a70c98f2b93e7a00b07733f8ff7d971bfe8ac2ff66d41186b
hicp_inflation,cost_of_living,PL,M,2022-01-01,2022-01-31,8.7,percent change on same month of previous year,,,,"",eurostat,prc_hicp_minr,PL,2022-01,2026-09-17T11:00:00+0200,2026-09-28T01:56:20+00:00,ec86931f9a9d059a70c98f2b93e7a00b07733f8ff7d971bfe8ac2ff66d41186b
hicp_inflation,cost_of_living,PL,M,2022-02-01,2022-02-28,8.0,percent change on same month of previous year,,,,"",eurostat,prc_hicp_minr,PL,2022-02,2026-09-17T11:00:00+0200,2026-09-28T01:56:20+00:00,ec86931f9a9d059a70c98f2b93e7a00b07733f8ff7d971bfe8ac2ff66d41186b
hicp_inflation,cost_of_living,PL,M,2022-03-01,2022-03-31,10.3,percent change on same month of previous year,,,,"",eurostat,prc_hicp_minr,PL,2022-03,2026-09-17T11:00:00+0200,2026-09-28T01:56:20+00:00,ec86931f9a9d059a70c98f2b93e7a00b07733f8ff7d971bfe8ac2ff66d41186b
hicp_inflation,cost_of_living,PL,M,2022-04-01,2022-04-30,11.4,percent change on same month of previous year,,,,"",eurostat,prc_hicp_minr,PL,2022-04,2026-09-17T11:00:00+0200,2026-09-28T01:56:20+00:00,ec86931f9a9d059a70c98f2b93e7a00b07733f8ff7d971bfe8ac2ff66d41186b
hicp_inflation,cost_of_living,PL,M,2022-05-01,2022-05-31,12.8,percent change on same month of previous year,,,,"",eurostat,prc_hicp_minr,PL,2022-05,2026-09-17T11:00:00+0200,2026-09-28T01:56:20+00:00,ec86931f9a9d059a70c98f2b93e7a00b07733f8ff7d971bfe8ac2ff66d41186b
hicp_inflation,cost_of_living,PL,M,2022-06-01,2022-06-30,14.2,percent change on same month of previous year,,,,"",eurostat,prc_hicp_minr,PL,2022-06,2026-09-17T11:00:00+0200,2026-09-28T01:56:20+00:00,ec86931f9a9d059a70c98f2b93e7a00b07733f8ff7d971bfe8ac2ff66d41186b
hicp_inflation,cost_of_living,PL,M,2022-07-01,2022-07-31,14.2,percent change on same month of previous year,,,,"",eurostat,prc_hicp_minr,PL,2022-07,2026-09-17T11:00:00+0200,2026-09-28T01:56:20+00:00,ec86931f9a9d059a70c98f2b93e7a00b07733f8ff7d971bfe8ac2ff66d41186b
hicp_inflation,cost_of_living,PL,M,2022-08-01,2022-08-31,14.7,percent change on same month of previous year,,,,"",eurostat,prc_hicp_minr,PL,2022-08,2026-09-17T11:00:00+0200,2026-09-28T01:56:20+00:00,ec86931f9a9d059a70c98f2b93e7a00b07733f8ff7d971bfe8ac2ff66d41186b
hicp_inflation,cost_of_living,PL,M,2022-09-01,2022-09-30,15.7,percent change on same month of previous year,,,,"",eurostat,prc_hicp_minr,PL,2022-09,2026-09-17T11:00:00+0200,2026-09-28T01:56:20+00:00,ec86931f9a9d059a70c98f2b93e7a00b07733f8ff7d971bfe8ac2ff66d41186b
hicp_inflation,cost_of_living,PL,M,2022-10-01,2022-10-31,16.4,percent change on same month of previous year,,,,"",eurostat,prc_hicp_minr,PL,2022-10,2026-09-17T11:00:00+0200,2026-09-28T01:56:20+00:00,ec86931f9a9d059a70c98f2b93e7a00b07733f8ff7d971bfe8ac2ff66d41186b
hicp_inflation,cost_of_living,PL,M,2022-11-01,2022-11-30,16.1,percent change on same month of previous year,,,,"",eurostat,prc_hicp_minr,PL,2022-11,2026-09-17T11:00:00+0200,2026-09-28T01:56:20+00:00,ec86931f9a9d059a70c98f2b93e7a00b07733f8ff7d971bfe8ac2ff66d41186b
hicp_inflation,cost_of_living,PL,M,2022-12-01,2022-12-31,15.4,percent change on same month of previous year,,,,"",eurostat,prc_hicp_minr,PL,2022-12,2026-09-17T11:00:00+0200,2026-09-28T01:56:20+00:00,ec86931f9a9d059a70c98f2b93e7a00b07733f8ff7d971bfe8ac2ff66d41186b
hicp_inflation,cost_of_living,PL,M,2023-01-01,2023-01-31,15.8,percent change on same month of previous year,,,,"",eurostat,prc_hicp_minr,PL,2023-01,2026-09-17T11:00:00+0200,2026-09-28T01:56:20+00:00,ec86931f9a9d059a70c98f2b93e7a00b07733f8ff7d971bfe8ac2ff66d41186b
hicp_inflation,cost_of_living,PL,M,2023-02-01,2023-02-28,17.2,percent change on same month of previous year,,,,"",eurostat,prc_hicp_minr,PL,2023-02,2026-09-17T11:00:00+0200,2026-09-28T01:56:20+00:00,ec86931f9a9d059a70c98f2b93e7a00b07733f8ff7d971bfe8ac2ff66d41186b
hicp_inflation,cost_of_living,PL,M,2023-03-01,2023-03-31,15.2,percent change on same month of previous year,,,,"",eurostat,prc_hicp_minr,PL,2023-03,2026-09-17T11:00:00+0200,2026-09-28T01:56:20+00:00,ec86931f9a9d059a70c98f2b93e7a00b07733f8ff7d971bfe8ac2ff66d41186b
hicp_inflation,cost_of_living,PL,M,2023-04-01,2023-04-30,14.0,percent change on same month of previous year,,,,"",eurostat,prc_hicp_minr,PL,2023-04,2026-09-17T11:00:00+0200,2026-09-28T01:56:20+00:00,ec86931f9a9d059a70c98f2b93e7a00b07733f8ff7d971bfe8ac2ff66d41186b
hicp_inflation,cost_of_living,PL,M,2023-05-01,2023-05-31,12.4,percent change on same month of previous year,,,,"",eurostat,prc_hicp_minr,PL,2023-05,2026-09-17T11:00:00+0200,2026-09-28T01:56:20+00:00,ec86931f9a9d059a70c98f2b93e7a00b07733f8ff7d971bfe8ac2ff66d41186b
hicp_inflation,cost_of_living,PL,M,2023-06-01,2023-06-30,11.0,percent change on same month of previous year,,,,"",eurostat,prc_hicp_minr,PL,2023-06,2026-09-17T11:00:00+0200,2026-09-28T01:56:20+00:00,ec86931f9a9d059a70c98f2b93e7a00b07733f8ff7d971bfe8ac2ff66d41186b
hicp_inflation,cost_of_living,PL,M,2023-07-01,2023-07-31,10.3,percent change on same month of previous year,,,,"",eurostat,prc_hicp_minr,PL,2023-07,2026-09-17T11:00:00+0200,2026-09-28T01:56:20+00:00,ec86931f9a9d059a70c98f2b93e7a00b07733f8ff7d971bfe8ac2ff66d41186b
hicp_inflation,cost_of_living,PL,M,2023-08-01,2023-08-31,9.5,percent change on same month of previous year,,,,"",eurostat,prc_hicp_minr,PL,2023-08,2026-09-17T11:00:00+0200,2026-09-28T01:56:20+00:00,ec86931f9a9d059a70c98f2b93e7a00b07733f8ff7d971bfe8ac2ff66d41186b
hicp_inflation,cost_of_living,PL,M,2023-09-01,2023-09-30,7.7,percent change on same month of previous year,,,,"",eurostat,prc_hicp_minr,PL,2023-09,2026-09-17T11:00:00+0200,2026-09-28T01:56:20+00:00,ec86931f9a9d059a70c98f2b93e7a00b07733f8ff7d971bfe8ac2ff66d41186b
hicp_inflation,cost_of_living,PL,M,2023-10-01,2023-10-31,6.3,percent change on same month of previous year,,,,"",eurostat,prc_hicp_minr,PL,2023-10,2026-09-17T11:00:00+0200,2026-09-28T01:56:20+00:00,ec86931f9a9d059a70c98f2b93e7a00b07733f8ff7d971bfe8ac2ff66d41186b
hicp_inflation,cost_of_living,PL,M,2023-11-01,2023-11-30,6.3,percent change on same month of previous year,,,,"",eurostat,prc_hicp_minr,PL,2023-11,2026-09-17T11:00:00+0200,2026-09-28T01:56:20+00:00,ec86931f9a9d059a70c98f2b93e7a00b07733f8ff7d971bfe8ac2ff66d41186b
hicp_inflation,cost_of_living,PL,M,2023-12-01,2023-12-31,6.2,percent change on same month of previous year,,,,"",eurostat,prc_hicp_minr,PL,2023-12,2026-09-17T11:00:00+0200,2026-09-28T01:56:20+00:00,ec86931f9a9d059a70c98f2b93e7a00b07733f8ff7d971bfe8ac2ff66d41186b
hicp_inflation,cost_of_living,PL,M,2024-01-01,2024-01-31,4.6,percent change on same month of previous year,,,,"",eurostat,prc_hicp_minr,PL,2024-01,2026-09-17T11:00:00+0200,2026-09-28T01:56:20+00:00,ec86931f9a9d059a70c98f2b93e7a00b07733f8ff7d971bfe8ac2ff66d41186b
hicp_inflation,cost_of_living,PL,M,2024-02-01,2024-02-29,3.6,percent change on same month of previous year,,,,"",eurostat,prc_hicp_minr,PL,2024-02,2026-09-17T11:00:00+0200,2026-09-28T01:56:20+00:00,ec86931f9a9d059a70c98f2b93e7a00b07733f8ff7d971bfe8ac2ff66d41186b
hicp_inflation,cost_of_living,PL,M,2024-03-01,2024-03-31,2.7,percent change on same month of previous year,,,,"",eurostat,prc_hicp_minr,PL,2024-03,2026-09-17T11:00:00+0200,2026-09-28T01:56:20+00:00,ec86931f9a9d059a70c98f2b93e7a00b07733f8ff7d971bfe8ac2ff66d41186b
hicp_inflation,cost_of_living,PL,M,2024-04-01,2024-04-30,3.0,percent change on same month of previous year,,,,"",eurostat,prc_hicp_minr,PL,2024-04,2026-09-17T11:00:00+0200,2026-09-28T01:56:20+00:00,ec86931f9a9d059a70c98f2b93e7a00b07733f8ff7d971bfe8ac2ff66d41186b
hicp_inflation,cost_of_living,PL,M,2024-05-01,2024-05-31,2.8,percent change on same month of previous year,,,,"",eurostat,prc_hicp_minr,PL,2024-05,2026-09-17T11:00:00+0200,2026-09-28T01:56:20+00:00,ec86931f9a9d059a70c98f2b93e7a00b07733f8ff7d971bfe8ac2ff66d41186b
hicp_inflation,cost_of_living,PL,M,2024-06-01,2024-06-30,2.9,percent change on same month of previous year,,,,"",eurostat,prc_hicp_minr,PL,2024-06,2026-09-17T11:00:00+0200,2026-09-28T01:56:20+00:00,ec86931f9a9d059a70c98f2b93e7a00b07733f8ff7d971bfe8ac2ff66d41186b
hicp_inflation,cost_of_living,PL,M,2024-07-01,2024-07-31,4.0,percent change on same month of previous year,,,,"",eurostat,prc_hicp_minr,PL,2024-07,2026-09-17T11:00:00+0200,2026-09-28T01:56:20+00:00,ec86931f9a9d059a70c98f2b93e7a00b07733f8ff7d971bfe8ac2ff66d41186b
hicp_inflation,cost_of_living,PL,M,2024-08-01,2024-08-31,4.0,percent change on same month of previous year,,,,"",eurostat,prc_hicp_minr,PL,2024-08,2026-09-17T11:00:00+0200,2026-09-28T01:56:20+00:00,ec86931f9a9d059a70c98f2b93e7a00b07733f8ff7d971bfe8ac2ff66d41186b
hicp_inflation,cost_of_living,PL,M,2024-09-01,2024-09-30,4.3,percent change on same month of previous year,,,,"",eurostat,prc_hicp_minr,PL,2024-09,2026-09-17T11:00:00+0200,2026-09-28T01:56:20+00:00,ec86931f9a9d059a70c98f2b93e7a00b07733f8ff7d971bfe8ac2ff66d41186b
hicp_inflation,cost_of_living,PL,M,2024-10-01,2024-10-31,4.3,percent change on same month of previous year,,,,"",eurostat,prc_hicp_minr,PL,2024-10,2026-09-17T11:00:00+0200,2026-09-28T01:56:20+00:00,ec86931f9a9d059a70c98f2b93e7a00b07733f8ff7d971bfe8ac2ff66d41186b
hicp_inflation,cost_of_living,PL,M,2024-11-01,2024-11-30,4.0,percent change on same month of previous year,,,,"",eurostat,prc_hicp_minr,PL,2024-11,2026-09-17T11:00:00+0200,2026-09-28T01:56:20+00:00,ec86931f9a9d059a70c98f2b93e7a00b07733f8ff7d971bfe8ac2ff66d41186b
hicp_inflation,cost_of_living,PL,M,2024-12-01,2024-12-31,3.8,percent change on same month of previous year,,,,"",eurostat,prc_hicp_minr,PL,2024-12,2026-09-17T11:00:00+0200,2026-09-28T01:56:20+00:00,ec86931f9a9d059a70c98f2b93e7a00b07733f8ff7d971bfe8ac2ff66d41186b
hicp_inflation,cost_of_living,PL,M,2025-01-01,2025-01-31,4.3,percent change on same month of previous year,,,,"",eurostat,prc_hicp_minr,PL,2025-01,2026-09-17T11:00:00+0200,2026-09-28T01:56:20+00:00,ec86931f9a9d059a70c98f2b93e7a00b07733f8ff7d971bfe8ac2ff66d41186b
hicp_inflation,cost_of_living,PL,M,2025-02-01,2025-02-28,4.4,percent change on same month of previous year,,,,"",eurostat,prc_hicp_minr,PL,2025-02,2026-09-17T11:00:00+0200,2026-09-28T01:56:20+00:00,ec86931f9a9d059a70c98f2b93e7a00b07733f8ff7d971bfe8ac2ff66d41186b
hicp_inflation,cost_of_living,PL,M,2025-03-01,2025-03-31,4.4,percent change on same month of previous year,,,,"",eurostat,prc_hicp_minr,PL,2025-03,2026-09-17T11:00:00+0200,2026-09-28T01:56:20+00:00,ec86931f9a9d059a70c98f2b93e7a00b07733f8ff7d971bfe8ac2ff66d41186b
hicp_inflation,cost_of_living,PL,M,2025-04-01,2025-04-30,3.7,percent change on same month of previous year,,,,"",eurostat,prc_hicp_minr,PL,2025-04,2026-09-17T11:00:00+0200,2026-09-28T01:56:20+00:00,ec86931f9a9d059a70c98f2b93e7a00b07733f8ff7d971bfe8ac2ff66d41186b
hicp_inflation,cost_of_living,PL,M,2025-05-01,2025-05-31,3.6,percent change on same month of previous year,,,,"",eurostat,prc_hicp_minr,PL,2025-05,2026-09-17T11:00:00+0200,2026-09-28T01:56:20+00:00,ec86931f9a9d059a70c98f2b93e7a00b07733f8ff7d971bfe8ac2ff66d41186b
hicp_inflation,cost_of_living,PL,M,2025-06-01,2025-06-30,3.4,percent change on same month of previous year,,,,"",eurostat,prc_hicp_minr,PL,2025-06,2026-09-17T11:00:00+0200,2026-09-28T01:56:20+00:00,ec86931f9a9d059a70c98f2b93e7a00b07733f8ff7d971bfe8ac2ff66d41186b
hicp_inflation,cost_of_living,PL,M,2025-07-01,2025-07-31,2.9,percent change on same month of previous year,,,,"",eurostat,prc_hicp_minr,PL,2025-07,2026-09-17T11:00:00+0200,2026-09-28T01:56:20+00:00,ec86931f9a9d059a70c98f2b93e7a00b07733f8ff7d971bfe8ac2ff66d41186b
hicp_inflation,cost_of_living,PL,M,2025-08-01,2025-08-31,2.8,percent change on same month of previous year,,,,"",eurostat,prc_hicp_minr,PL,2025-08,2026-09-17T11:00:00+0200,2026-09-28T01:56:20+00:00,ec86931f9a9d059a70c98f2b93e7a00b07733f8ff7d971bfe8ac2ff66d41186b
hicp_inflation,cost_of_living,PL,M,2025-09-01,2025-09-30,2.9,percent change on same month of previous year,,,,"",eurostat,prc_hicp_minr,PL,2025-09,2026-09-17T11:00:00+0200,2026-09-28T01:56:20+00:00,ec86931f9a9d059a70c98f2b93e7a00b07733f8ff7d971bfe8ac2ff66d41186b
hicp_inflation,cost_of_living,PL,M,2025-10-01,2025-10-31,2.8,percent change on same month of previous year,,,,"",eurostat,prc_hicp_minr,PL,2025-10,2026-09-17T11:00:00+0200,2026-09-28T01:56:20+00:00,ec86931f9a9d059a70c98f2b93e7a00b07733f8ff7d971bfe8ac2ff66d41186b
hicp_inflation,cost_of_living,PL,M,2025-11-01,2025-11-30,2.6,percent change on same month of previous year,,,,"",eurostat,prc_hicp_minr,PL,2025-11,2026-09-17T11:00:00+0200,2026-09-28T01:56:20+00:00,ec86931f9a9d059a70c98f2b93e7a00b07733f8ff7d971bfe8ac2ff66d41186b
hicp_inflation,cost_of_living,PL,M,2025-12-01,2025-12-31,2.6,percent change on same month of previous year,,,,"",eurostat,prc_hicp_minr,PL,2025-12,2026-09-17T11:00:00+0200,2026-09-28T01:56:20+00:00,ec86931f9a9d059a70c98f2b93e7a00b07733f8ff7d971bfe8ac2ff66d41186b
hicp_inflation,cost_of_living,PL,M,2026-01-01,2026-01-31,2.5,percent change on same month of previous year,,,,"",eurostat,prc_hicp_minr,PL,2026-01,2026-09-17T11:00:00+0200,2026-09-28T01:56:20+00:00,ec86931f9a9d059a70c98f2b93e7a00b07733f8ff7d971bfe8ac2ff66d41186b
hicp_inflation,cost_of_living,PL,M,2026-02-01,2026-02-28,2.5,percent change on same month of previous year,,,,"",eurostat,prc_hicp_minr,PL,2026-02,2026-09-17T11:00:00+0200,2026-09-28T01:56:20+00:00,ec86931f9a9d059a70c98f2b93e7a00b07733f8ff7d971bfe8ac2ff66d41186b
hicp_inflation,cost_of_living,PL,M,2026-03-01,2026-03-31,3.2,percent change on same month of previous year,,,,"",eurostat,prc_hicp_minr,PL,2026-03,2026-09-17T11:00:00+0200,2026-09-28T01:56:20+00:00,ec86931f9a9d059a70c98f2b93e7a00b07733f8ff7d971bfe8ac2ff66d41186b
hicp_inflation,cost_of_living,PL,M,2026-04-01,2026-04-30,3.4,percent change on same month of previous year,,,,"",eurostat,prc_hicp_minr,PL,2026-04,2026-09-17T11:00:00+0200,2026-09-28T01:56:20+00:00,ec86931f9a9d059a70c98f2b93e7a00b07733f8ff7d971bfe8ac2ff66d41186b
hicp_inflation,cost_of_living,PL,M,2026-05-01,2026-05-31,3.3,percent change on same month of previous year,,,,"",eurostat,prc_hicp_minr,PL,2026-05,2026-09-17T11:00:00+0200,2026-09-28T01:56:20+00:00,ec86931f9a9d059a70c98f2b93e7a00b07733f8ff7d971bfe8ac2ff66d41186b
hicp_inflation,cost_of_living,PL,M,2026-06-01,2026-06-30,3.0,percent change on same month of previous year,,,,"",eurostat,prc_hicp_minr,PL,2026-06,2026-09-17T11:00:00+0200,2026-09-28T01:56:20+00:00,ec86931f9a9d059a70c98f2b93e7a00b07733f8ff7d971bfe8ac2ff66d41186b
hicp_inflation,cost_of_living,PL,M,2026-07-01,2026-07-31,3.1,percent change on same month of previous year,,,,"",eurostat,prc_hicp_minr,PL,2026-07,2026-09-17T11:00:00+0200,2026-09-28T01:56:20+00:00,ec86931f9a9d059a70c98f2b93e7a00b07733f8ff7d971bfe8ac2ff66d41186b
hicp_inflation,cost_of_living,PL,M,2026-08-01,2026-08-31,3.5,percent change on same month of previous year,,,,"",eurostat,prc_hicp_minr,PL,2026-08,2026-09-17T11:00:00+0200,2026-09-28T01:56:20+00:00,ec86931f9a9d059a70c98f2b93e7a00b07733f8ff7d971bfe8ac2ff66d41186b
hicp_inflation,cost_of_living,RO,M,2019-01-01,2019-01-31,3.2,percent change on same month of previous year,,,,"",eurostat,prc_hicp_minr,RO,2019-01,2026-09-17T11:00:00+0200,2026-09-28T01:56:20+00:00,ec86931f9a9d059a70c98f2b93e7a00b07733f8ff7d971bfe8ac2ff66d41186b
hicp_inflation,cost_of_living,RO,M,2019-02-01,2019-02-28,4.0,percent change on same month of previous year,,,,"",eurostat,prc_hicp_minr,RO,2019-02,2026-09-17T11:00:00+0200,2026-09-28T01:56:20+00:00,ec86931f9a9d059a70c98f2b93e7a00b07733f8ff7d971bfe8ac2ff66d41186b
hicp_inflation,cost_of_living,RO,M,2019-03-01,2019-03-31,4.2,percent change on same month of previous year,,,,"",eurostat,prc_hicp_minr,RO,2019-03,2026-09-17T11:00:00+0200,2026-09-28T01:56:20+00:00,ec86931f9a9d059a70c98f2b93e7a00b07733f8ff7d971bfe8ac2ff66d41186b
hicp_inflation,cost_of_living,RO,M,2019-04-01,2019-04-30,4.4,percent change on same month of previous year,,,,"",eurostat,prc_hicp_minr,RO,2019-04,2026-09-17T11:00:00+0200,2026-09-28T01:56:20+00:00,ec86931f9a9d059a70c98f2b93e7a00b07733f8ff7d971bfe8ac2ff66d41186b
hicp_inflation,cost_of_living,RO,M,2019-05-01,2019-05-31,4.4,percent change on same month of previous year,,,,"",eurostat,prc_hicp_minr,RO,2019-05,2026-09-17T11:00:00+0200,2026-09-28T01:56:20+00:00,ec86931f9a9d059a70c98f2b93e7a00b07733f8ff7d971bfe8ac2ff66d41186b
hicp_inflation,cost_of_living,RO,M,2019-06-01,2019-06-30,3.9,percent change on same month of previous year,,,,"",eurostat,prc_hicp_minr,RO,2019-06,2026-09-17T11:00:00+0200,2026-09-28T01:56:20+00:00,ec86931f9a9d059a70c98f2b93e7a00b07733f8ff7d971bfe8ac2ff66d41186b
hicp_inflation,cost_of_living,RO,M,2019-07-01,2019-07-31,4.1,percent change on same month of previous year,,,,"",eurostat,prc_hicp_minr,RO,2019-07,2026-09-17T11:00:00+0200,2026-09-28T01:56:20+00:00,ec86931f9a9d059a70c98f2b93e7a00b07733f8ff7d971bfe8ac2ff66d41186b
hicp_inflation,cost_of_living,RO,M,2019-08-01,2019-08-31,4.0,percent change on same month of previous year,,,,"",eurostat,prc_hicp_minr,RO,2019-08,2026-09-17T11:00:00+0200,2026-09-28T01:56:20+00:00,ec86931f9a9d059a70c98f2b93e7a00b07733f8ff7d971bfe8ac2ff66d41186b
hicp_inflation,cost_of_living,RO,M,2019-09-01,2019-09-30,3.5,percent change on same month of previous year,,,,"",eurostat,prc_hicp_minr,RO,2019-09,2026-09-17T11:00:00+0200,2026-09-28T01:56:20+00:00,ec86931f9a9d059a70c98f2b93e7a00b07733f8ff7d971bfe8ac2ff66d41186b
hicp_inflation,cost_of_living,RO,M,2019-10-01,2019-10-31,3.3,percent change on same month of previous year,,,,"",eurostat,prc_hicp_minr,RO,2019-10,2026-09-17T11:00:00+0200,2026-09-28T01:56:20+00:00,ec86931f9a9d059a70c98f2b93e7a00b07733f8ff7d971bfe8ac2ff66d41186b
hicp_inflation,cost_of_living,RO,M,2019-11-01,2019-11-30,3.8,percent change on same month of previous year,,,,"",eurostat,prc_hicp_minr,RO,2019-11,2026-09-17T11:00:00+0200,2026-09-28T01:56:20+00:00,ec86931f9a9d059a70c98f2b93e7a00b07733f8ff7d971bfe8ac2ff66d41186b
hicp_inflation,cost_of_living,RO,M,2019-12-01,2019-12-31,4.1,percent change on same month of previous year,,,,"",eurostat,prc_hicp_minr,RO,2019-12,2026-09-17T11:00:00+0200,2026-09-28T01:56:20+00:00,ec86931f9a9d059a70c98f2b93e7a00b07733f8ff7d971bfe8ac2ff66d41186b
hicp_inflation,cost_of_living,RO,M,2020-01-01,2020-01-31,3.9,percent change on same month of previous year,,,,"",eurostat,prc_hicp_minr,RO,2020-01,2026-09-17T11:00:00+0200,2026-09-28T01:56:20+00:00,ec86931f9a9d059a70c98f2b93e7a00b07733f8ff7d971bfe8ac2ff66d41186b
hicp_inflation,cost_of_living,RO,M,2020-02-01,2020-02-29,2.9,percent change on same month of previous year,,,,"",eurostat,prc_hicp_minr,RO,2020-02,2026-09-17T11:00:00+0200,2026-09-28T01:56:20+00:00,ec86931f9a9d059a70c98f2b93e7a00b07733f8ff7d971bfe8ac2ff66d41186b
hicp_inflation,cost_of_living,RO,M,2020-03-01,2020-03-31,2.7,percent change on same month of previous year,,,,"",eurostat,prc_hicp_minr,RO,2020-03,2026-09-17T11:00:00+0200,2026-09-28T01:56:20+00:00,ec86931f9a9d059a70c98f2b93e7a00b07733f8ff7d971bfe8ac2ff66d41186b
hicp_inflation,cost_of_living,RO,M,2020-04-01,2020-04-30,2.3,percent change on same month of previous year,,,,"",eurostat,prc_hicp_minr,RO,2020-04,2026-09-17T11:00:00+0200,2026-09-28T01:56:20+00:00,ec86931f9a9d059a70c98f2b93e7a00b07733f8ff7d971bfe8ac2ff66d41186b
hicp_inflation,cost_of_living,RO,M,2020-05-01,2020-05-31,1.7,percent change on same month of previous year,,,,"",eurostat,prc_hicp_minr,RO,2020-05,2026-09-17T11:00:00+0200,2026-09-28T01:56:20+00:00,ec86931f9a9d059a70c98f2b93e7a00b07733f8ff7d971bfe8ac2ff66d41186b
hicp_inflation,cost_of_living,RO,M,2020-06-01,2020-06-30,2.2,percent change on same month of previous year,,,,"",eurostat,prc_hicp_minr,RO,2020-06,2026-09-17T11:00:00+0200,2026-09-28T01:56:20+00:00,ec86931f9a9d059a70c98f2b93e7a00b07733f8ff7d971bfe8ac2ff66d41186b
hicp_inflation,cost_of_living,RO,M,2020-07-01,2020-07-31,2.5,percent change on same month of previous year,,,,"",eurostat,prc_hicp_minr,RO,2020-07,2026-09-17T11:00:00+0200,2026-09-28T01:56:20+00:00,ec86931f9a9d059a70c98f2b93e7a00b07733f8ff7d971bfe8ac2ff66d41186b
hicp_inflation,cost_of_living,RO,M,2020-08-01,2020-08-31,2.5,percent change on same month of previous year,,,,"",eurostat,prc_hicp_minr,RO,2020-08,2026-09-17T11:00:00+0200,2026-09-28T01:56:20+00:00,ec86931f9a9d059a70c98f2b93e7a00b07733f8ff7d971bfe8ac2ff66d41186b
hicp_inflation,cost_of_living,RO,M,2020-09-01,2020-09-30,2.1,percent change on same month of previous year,,,,"",eurostat,prc_hicp_minr,RO,2020-09,2026-09-17T11:00:00+0200,2026-09-28T01:56:20+00:00,ec86931f9a9d059a70c98f2b93e7a00b07733f8ff7d971bfe8ac2ff66d41186b
hicp_inflation,cost_of_living,RO,M,2020-10-01,2020-10-31,1.8,percent change on same month of previous year,,,,"",eurostat,prc_hicp_minr,RO,2020-10,2026-09-17T11:00:00+0200,2026-09-28T01:56:20+00:00,ec86931f9a9d059a70c98f2b93e7a00b07733f8ff7d971bfe8ac2ff66d41186b
hicp_inflation,cost_of_living,RO,M,2020-11-01,2020-11-30,1.6,percent change on same month of previous year,,,,"",eurostat,prc_hicp_minr,RO,2020-11,2026-09-17T11:00:00+0200,2026-09-28T01:56:20+00:00,ec86931f9a9d059a70c98f2b93e7a00b07733f8ff7d971bfe8ac2ff66d41186b
hicp_inflation,cost_of_living,RO,M,2020-12-01,2020-12-31,1.8,percent change on same month of previous year,,,,"",eurostat,prc_hicp_minr,RO,2020-12,2026-09-17T11:00:00+0200,2026-09-28T01:56:20+00:00,ec86931f9a9d059a70c98f2b93e7a00b07733f8ff7d971bfe8ac2ff66d41186b
hicp_inflation,cost_of_living,RO,M,2021-01-01,2021-01-31,2.0,percent change on same month of previous year,,,,"",eurostat,prc_hicp_minr,RO,2021-01,2026-09-17T11:00:00+0200,2026-09-28T01:56:20+00:00,ec86931f9a9d059a70c98f2b93e7a00b07733f8ff7d971bfe8ac2ff66d41186b
hicp_inflation,cost_of_living,RO,M,2021-02-01,2021-02-28,2.5,percent change on same month of previous year,,,,"",eurostat,prc_hicp_minr,RO,2021-02,2026-09-17T11:00:00+0200,2026-09-28T01:56:20+00:00,ec86931f9a9d059a70c98f2b93e7a00b07733f8ff7d971bfe8ac2ff66d41186b
hicp_inflation,cost_of_living,RO,M,2021-03-01,2021-03-31,2.5,percent change on same month of previous year,,,,"",eurostat,prc_hicp_minr,RO,2021-03,2026-09-17T11:00:00+0200,2026-09-28T01:56:20+00:00,ec86931f9a9d059a70c98f2b93e7a00b07733f8ff7d971bfe8ac2ff66d41186b
hicp_inflation,cost_of_living,RO,M,2021-04-01,2021-04-30,2.7,percent change on same month of previous year,,,,"",eurostat,prc_hicp_minr,RO,2021-04,2026-09-17T11:00:00+0200,2026-09-28T01:56:20+00:00,ec86931f9a9d059a70c98f2b93e7a00b07733f8ff7d971bfe8ac2ff66d41186b
hicp_inflation,cost_of_living,RO,M,2021-05-01,2021-05-31,3.2,percent change on same month of previous year,,,,"",eurostat,prc_hicp_minr,RO,2021-05,2026-09-17T11:00:00+0200,2026-09-28T01:56:20+00:00,ec86931f9a9d059a70c98f2b93e7a00b07733f8ff7d971bfe8ac2ff66d41186b
hicp_inflation,cost_of_living,RO,M,2021-06-01,2021-06-30,3.5,percent change on same month of previous year,,,,"",eurostat,prc_hicp_minr,RO,2021-06,2026-09-17T11:00:00+0200,2026-09-28T01:56:20+00:00,ec86931f9a9d059a70c98f2b93e7a00b07733f8ff7d971bfe8ac2ff66d41186b
hicp_inflation,cost_of_living,RO,M,2021-07-01,2021-07-31,3.8,percent change on same month of previous year,,,,"",eurostat,prc_hicp_minr,RO,2021-07,2026-09-17T11:00:00+0200,2026-09-28T01:56:20+00:00,ec86931f9a9d059a70c98f2b93e7a00b07733f8ff7d971bfe8ac2ff66d41186b
hicp_inflation,cost_of_living,RO,M,2021-08-01,2021-08-31,4.0,percent change on same month of previous year,,,,"",eurostat,prc_hicp_minr,RO,2021-08,2026-09-17T11:00:00+0200,2026-09-28T01:56:20+00:00,ec86931f9a9d059a70c98f2b93e7a00b07733f8ff7d971bfe8ac2ff66d41186b
hicp_inflation,cost_of_living,RO,M,2021-09-01,2021-09-30,5.2,percent change on same month of previous year,,,,"",eurostat,prc_hicp_minr,RO,2021-09,2026-09-17T11:00:00+0200,2026-09-28T01:56:20+00:00,ec86931f9a9d059a70c98f2b93e7a00b07733f8ff7d971bfe8ac2ff66d41186b
hicp_inflation,cost_of_living,RO,M,2021-10-01,2021-10-31,6.5,percent change on same month of previous year,,,,"",eurostat,prc_hicp_minr,RO,2021-10,2026-09-17T11:00:00+0200,2026-09-28T01:56:20+00:00,ec86931f9a9d059a70c98f2b93e7a00b07733f8ff7d971bfe8ac2ff66d41186b
hicp_inflation,cost_of_living,RO,M,2021-11-01,2021-11-30,6.7,percent change on same month of previous year,,,,"",eurostat,prc_hicp_minr,RO,2021-11,2026-09-17T11:00:00+0200,2026-09-28T01:56:20+00:00,ec86931f9a9d059a70c98f2b93e7a00b07733f8ff7d971bfe8ac2ff66d41186b
hicp_inflation,cost_of_living,RO,M,2021-12-01,2021-12-31,6.7,percent change on same month of previous year,,,,"",eurostat,prc_hicp_minr,RO,2021-12,2026-09-17T11:00:00+0200,2026-09-28T01:56:20+00:00,ec86931f9a9d059a70c98f2b93e7a00b07733f8ff7d971bfe8ac2ff66d41186b
hicp_inflation,cost_of_living,RO,M,2022-01-01,2022-01-31,7.2,percent change on same month of previous year,,,,"",eurostat,prc_hicp_minr,RO,2022-01,2026-09-17T11:00:00+0200,2026-09-28T01:56:20+00:00,ec86931f9a9d059a70c98f2b93e7a00b07733f8ff7d971bfe8ac2ff66d41186b
hicp_inflation,cost_of_living,RO,M,2022-02-01,2022-02-28,7.9,percent change on same month of previous year,,,,"",eurostat,prc_hicp_minr,RO,2022-02,2026-09-17T11:00:00+0200,2026-09-28T01:56:20+00:00,ec86931f9a9d059a70c98f2b93e7a00b07733f8ff7d971bfe8ac2ff66d41186b
hicp_inflation,cost_of_living,RO,M,2022-03-01,2022-03-31,9.6,percent change on same month of previous year,,,,"",eurostat,prc_hicp_minr,RO,2022-03,2026-09-17T11:00:00+0200,2026-09-28T01:56:20+00:00,ec86931f9a9d059a70c98f2b93e7a00b07733f8ff7d971bfe8ac2ff66d41186b
hicp_inflation,cost_of_living,RO,M,2022-04-01,2022-04-30,11.7,percent change on same month of previous year,,,,"",eurostat,prc_hicp_minr,RO,2022-04,2026-09-17T11:00:00+0200,2026-09-28T01:56:20+00:00,ec86931f9a9d059a70c98f2b93e7a00b07733f8ff7d971bfe8ac2ff66d41186b
hicp_inflation,cost_of_living,RO,M,2022-05-01,2022-05-31,12.4,percent change on same month of previous year,,,,"",eurostat,prc_hicp_minr,RO,2022-05,2026-09-17T11:00:00+0200,2026-09-28T01:56:20+00:00,ec86931f9a9d059a70c98f2b93e7a00b07733f8ff7d971bfe8ac2ff66d41186b
hicp_inflation,cost_of_living,RO,M,2022-06-01,2022-06-30,13.0,percent change on same month of previous year,,,,"",eurostat,prc_hicp_minr,RO,2022-06,2026-09-17T11:00:00+0200,2026-09-28T01:56:20+00:00,ec86931f9a9d059a70c98f2b93e7a00b07733f8ff7d971bfe8ac2ff66d41186b
hicp_inflation,cost_of_living,RO,M,2022-07-01,2022-07-31,13.0,percent change on same month of previous year,,,,"",eurostat,prc_hicp_minr,RO,2022-07,2026-09-17T11:00:00+0200,2026-09-28T01:56:20+00:00,ec86931f9a9d059a70c98f2b93e7a00b07733f8ff7d971bfe8ac2ff66d41186b
hicp_inflation,cost_of_living,RO,M,2022-08-01,2022-08-31,13.3,percent change on same month of previous year,,,,"",eurostat,prc_hicp_minr,RO,2022-08,2026-09-17T11:00:00+0200,2026-09-28T01:56:20+00:00,ec86931f9a9d059a70c98f2b93e7a00b07733f8ff7d971bfe8ac2ff66d41186b
hicp_inflation,cost_of_living,RO,M,2022-09-01,2022-09-30,13.4,percent change on same month of previous year,,,,"",eurostat,prc_hicp_minr,RO,2022-09,2026-09-17T11:00:00+0200,2026-09-28T01:56:20+00:00,ec86931f9a9d059a70c98f2b93e7a00b07733f8ff7d971bfe8ac2ff66d41186b
hicp_inflation,cost_of_living,RO,M,2022-10-01,2022-10-31,13.5,percent change on same month of previous year,,,,"",eurostat,prc_hicp_minr,RO,2022-10,2026-09-17T11:00:00+0200,2026-09-28T01:56:20+00:00,ec86931f9a9d059a70c98f2b93e7a00b07733f8ff7d971bfe8ac2ff66d41186b
hicp_inflation,cost_of_living,RO,M,2022-11-01,2022-11-30,14.6,percent change on same month of previous year,,,,"",eurostat,prc_hicp_minr,RO,2022-11,2026-09-17T11:00:00+0200,2026-09-28T01:56:20+00:00,ec86931f9a9d059a70c98f2b93e7a00b07733f8ff7d971bfe8ac2ff66d41186b
hicp_inflation,cost_of_living,RO,M,2022-12-01,2022-12-31,14.1,percent change on same month of previous year,,,,"",eurostat,prc_hicp_minr,RO,2022-12,2026-09-17T11:00:00+0200,2026-09-28T01:56:20+00:00,ec86931f9a9d059a70c98f2b93e7a00b07733f8ff7d971bfe8ac2ff66d41186b
hicp_inflation,cost_of_living,RO,M,2023-01-01,2023-01-31,13.4,percent change on same month of previous year,,,,"",eurostat,prc_hicp_minr,RO,2023-01,2026-09-17T11:00:00+0200,2026-09-28T01:56:20+00:00,ec86931f9a9d059a70c98f2b93e7a00b07733f8ff7d971bfe8ac2ff66d41186b
hicp_inflation,cost_of_living,RO,M,2023-02-01,2023-02-28,13.4,percent change on same month of previous year,,,,"",eurostat,prc_hicp_minr,RO,2023-02,2026-09-17T11:00:00+0200,2026-09-28T01:56:20+00:00,ec86931f9a9d059a70c98f2b93e7a00b07733f8ff7d971bfe8ac2ff66d41186b
hicp_inflation,cost_of_living,RO,M,2023-03-01,2023-03-31,12.1,percent change on same month of previous year,,,,"",eurostat,prc_hicp_minr,RO,2023-03,2026-09-17T11:00:00+0200,2026-09-28T01:56:20+00:00,ec86931f9a9d059a70c98f2b93e7a00b07733f8ff7d971bfe8ac2ff66d41186b
hicp_inflation,cost_of_living,RO,M,2023-04-01,2023-04-30,10.4,percent change on same month of previous year,,,,"",eurostat,prc_hicp_minr,RO,2023-04,2026-09-17T11:00:00+0200,2026-09-28T01:56:20+00:00,ec86931f9a9d059a70c98f2b93e7a00b07733f8ff7d971bfe8ac2ff66d41186b
hicp_inflation,cost_of_living,RO,M,2023-05-01,2023-05-31,9.6,percent change on same month of previous year,,,,"",eurostat,prc_hicp_minr,RO,2023-05,2026-09-17T11:00:00+0200,2026-09-28T01:56:20+00:00,ec86931f9a9d059a70c98f2b93e7a00b07733f8ff7d971bfe8ac2ff66d41186b
hicp_inflation,cost_of_living,RO,M,2023-06-01,2023-06-30,9.3,percent change on same month of previous year,,,,"",eurostat,prc_hicp_minr,RO,2023-06,2026-09-17T11:00:00+0200,2026-09-28T01:56:20+00:00,ec86931f9a9d059a70c98f2b93e7a00b07733f8ff7d971bfe8ac2ff66d41186b
hicp_inflation,cost_of_living,RO,M,2023-07-01,2023-07-31,8.9,percent change on same month of previous year,,,,"",eurostat,prc_hicp_minr,RO,2023-07,2026-09-17T11:00:00+0200,2026-09-28T01:56:20+00:00,ec86931f9a9d059a70c98f2b93e7a00b07733f8ff7d971bfe8ac2ff66d41186b
hicp_inflation,cost_of_living,RO,M,2023-08-01,2023-08-31,9.3,percent change on same month of previous year,,,,"",eurostat,prc_hicp_minr,RO,2023-08,2026-09-17T11:00:00+0200,2026-09-28T01:56:20+00:00,ec86931f9a9d059a70c98f2b93e7a00b07733f8ff7d971bfe8ac2ff66d41186b
hicp_inflation,cost_of_living,RO,M,2023-09-01,2023-09-30,9.2,percent change on same month of previous year,,,,"",eurostat,prc_hicp_minr,RO,2023-09,2026-09-17T11:00:00+0200,2026-09-28T01:56:20+00:00,ec86931f9a9d059a70c98f2b93e7a00b07733f8ff7d971bfe8ac2ff66d41186b
hicp_inflation,cost_of_living,RO,M,2023-10-01,2023-10-31,8.3,percent change on same month of previous year,,,,"",eurostat,prc_hicp_minr,RO,2023-10,2026-09-17T11:00:00+0200,2026-09-28T01:56:20+00:00,ec86931f9a9d059a70c98f2b93e7a00b07733f8ff7d971bfe8ac2ff66d41186b
hicp_inflation,cost_of_living,RO,M,2023-11-01,2023-11-30,6.9,percent change on same month of previous year,,,,"",eurostat,prc_hicp_minr,RO,2023-11,2026-09-17T11:00:00+0200,2026-09-28T01:56:20+00:00,ec86931f9a9d059a70c98f2b93e7a00b07733f8ff7d971bfe8ac2ff66d41186b
hicp_inflation,cost_of_living,RO,M,2023-12-01,2023-12-31,7.0,percent change on same month of previous year,,,,"",eurostat,prc_hicp_minr,RO,2023-12,2026-09-17T11:00:00+0200,2026-09-28T01:56:20+00:00,ec86931f9a9d059a70c98f2b93e7a00b07733f8ff7d971bfe8ac2ff66d41186b
hicp_inflation,cost_of_living,RO,M,2024-01-01,2024-01-31,7.3,percent change on same month of previous year,,,,"",eurostat,prc_hicp_minr,RO,2024-01,2026-09-17T11:00:00+0200,2026-09-28T01:56:20+00:00,ec86931f9a9d059a70c98f2b93e7a00b07733f8ff7d971bfe8ac2ff66d41186b
hicp_inflation,cost_of_living,RO,M,2024-02-01,2024-02-29,7.1,percent change on same month of previous year,,,,"",eurostat,prc_hicp_minr,RO,2024-02,2026-09-17T11:00:00+0200,2026-09-28T01:56:20+00:00,ec86931f9a9d059a70c98f2b93e7a00b07733f8ff7d971bfe8ac2ff66d41186b
hicp_inflation,cost_of_living,RO,M,2024-03-01,2024-03-31,6.7,percent change on same month of previous year,,,,"",eurostat,prc_hicp_minr,RO,2024-03,2026-09-17T11:00:00+0200,2026-09-28T01:56:20+00:00,ec86931f9a9d059a70c98f2b93e7a00b07733f8ff7d971bfe8ac2ff66d41186b
hicp_inflation,cost_of_living,RO,M,2024-04-01,2024-04-30,6.2,percent change on same month of previous year,,,,"",eurostat,prc_hicp_minr,RO,2024-04,2026-09-17T11:00:00+0200,2026-09-28T01:56:20+00:00,ec86931f9a9d059a70c98f2b93e7a00b07733f8ff7d971bfe8ac2ff66d41186b
hicp_inflation,cost_of_living,RO,M,2024-05-01,2024-05-31,5.8,percent change on same month of previous year,,,,"",eurostat,prc_hicp_minr,RO,2024-05,2026-09-17T11:00:00+0200,2026-09-28T01:56:20+00:00,ec86931f9a9d059a70c98f2b93e7a00b07733f8ff7d971bfe8ac2ff66d41186b
hicp_inflation,cost_of_living,RO,M,2024-06-01,2024-06-30,5.3,percent change on same month of previous year,,,,"",eurostat,prc_hicp_minr,RO,2024-06,2026-09-17T11:00:00+0200,2026-09-28T01:56:20+00:00,ec86931f9a9d059a70c98f2b93e7a00b07733f8ff7d971bfe8ac2ff66d41186b
hicp_inflation,cost_of_living,RO,M,2024-07-01,2024-07-31,5.8,percent change on same month of previous year,,,,"",eurostat,prc_hicp_minr,RO,2024-07,2026-09-17T11:00:00+0200,2026-09-28T01:56:20+00:00,ec86931f9a9d059a70c98f2b93e7a00b07733f8ff7d971bfe8ac2ff66d41186b
hicp_inflation,cost_of_living,RO,M,2024-08-01,2024-08-31,5.3,percent change on same month of previous year,,,,"",eurostat,prc_hicp_minr,RO,2024-08,2026-09-17T11:00:00+0200,2026-09-28T01:56:20+00:00,ec86931f9a9d059a70c98f2b93e7a00b07733f8ff7d971bfe8ac2ff66d41186b
hicp_inflation,cost_of_living,RO,M,2024-09-01,2024-09-30,4.8,percent change on same month of previous year,,,,"",eurostat,prc_hicp_minr,RO,2024-09,2026-09-17T11:00:00+0200,2026-09-28T01:56:20+00:00,ec86931f9a9d059a70c98f2b93e7a00b07733f8ff7d971bfe8ac2ff66d41186b
hicp_inflation,cost_of_living,RO,M,2024-10-01,2024-10-31,5.0,percent change on same month of previous year,,,,"",eurostat,prc_hicp_minr,RO,2024-10,2026-09-17T11:00:00+0200,2026-09-28T01:56:20+00:00,ec86931f9a9d059a70c98f2b93e7a00b07733f8ff7d971bfe8ac2ff66d41186b
hicp_inflation,cost_of_living,RO,M,2024-11-01,2024-11-30,5.4,percent change on same month of previous year,,,,"",eurostat,prc_hicp_minr,RO,2024-11,2026-09-17T11:00:00+0200,2026-09-28T01:56:20+00:00,ec86931f9a9d059a70c98f2b93e7a00b07733f8ff7d971bfe8ac2ff66d41186b
hicp_inflation,cost_of_living,RO,M,2024-12-01,2024-12-31,5.5,percent change on same month of previous year,,,,"",eurostat,prc_hicp_minr,RO,2024-12,2026-09-17T11:00:00+0200,2026-09-28T01:56:20+00:00,ec86931f9a9d059a70c98f2b93e7a00b07733f8ff7d971bfe8ac2ff66d41186b
hicp_inflation,cost_of_living,RO,M,2025-01-01,2025-01-31,5.3,percent change on same month of previous year,,,,"",eurostat,prc_hicp_minr,RO,2025-01,2026-09-17T11:00:00+0200,2026-09-28T01:56:20+00:00,ec86931f9a9d059a70c98f2b93e7a00b07733f8ff7d971bfe8ac2ff66d41186b
hicp_inflation,cost_of_living,RO,M,2025-02-01,2025-02-28,5.2,percent change on same month of previous year,,,,"",eurostat,prc_hicp_minr,RO,2025-02,2026-09-17T11:00:00+0200,2026-09-28T01:56:20+00:00,ec86931f9a9d059a70c98f2b93e7a00b07733f8ff7d971bfe8ac2ff66d41186b
hicp_inflation,cost_of_living,RO,M,2025-03-01,2025-03-31,5.1,percent change on same month of previous year,,,,"",eurostat,prc_hicp_minr,RO,2025-03,2026-09-17T11:00:00+0200,2026-09-28T01:56:20+00:00,ec86931f9a9d059a70c98f2b93e7a00b07733f8ff7d971bfe8ac2ff66d41186b
hicp_inflation,cost_of_living,RO,M,2025-04-01,2025-04-30,4.9,percent change on same month of previous year,,,,"",eurostat,prc_hicp_minr,RO,2025-04,2026-09-17T11:00:00+0200,2026-09-28T01:56:20+00:00,ec86931f9a9d059a70c98f2b93e7a00b07733f8ff7d971bfe8ac2ff66d41186b
hicp_inflation,cost_of_living,RO,M,2025-05-01,2025-05-31,5.4,percent change on same month of previous year,,,,"",eurostat,prc_hicp_minr,RO,2025-05,2026-09-17T11:00:00+0200,2026-09-28T01:56:20+00:00,ec86931f9a9d059a70c98f2b93e7a00b07733f8ff7d971bfe8ac2ff66d41186b
hicp_inflation,cost_of_living,RO,M,2025-06-01,2025-06-30,5.8,percent change on same month of previous year,,,,"",eurostat,prc_hicp_minr,RO,2025-06,2026-09-17T11:00:00+0200,2026-09-28T01:56:20+00:00,ec86931f9a9d059a70c98f2b93e7a00b07733f8ff7d971bfe8ac2ff66d41186b
hicp_inflation,cost_of_living,RO,M,2025-07-01,2025-07-31,6.6,percent change on same month of previous year,,,,"",eurostat,prc_hicp_minr,RO,2025-07,2026-09-17T11:00:00+0200,2026-09-28T01:56:20+00:00,ec86931f9a9d059a70c98f2b93e7a00b07733f8ff7d971bfe8ac2ff66d41186b
hicp_inflation,cost_of_living,RO,M,2025-08-01,2025-08-31,8.5,percent change on same month of previous year,,,,"",eurostat,prc_hicp_minr,RO,2025-08,2026-09-17T11:00:00+0200,2026-09-28T01:56:20+00:00,ec86931f9a9d059a70c98f2b93e7a00b07733f8ff7d971bfe8ac2ff66d41186b
hicp_inflation,cost_of_living,RO,M,2025-09-01,2025-09-30,8.6,percent change on same month of previous year,,,,"",eurostat,prc_hicp_minr,RO,2025-09,2026-09-17T11:00:00+0200,2026-09-28T01:56:20+00:00,ec86931f9a9d059a70c98f2b93e7a00b07733f8ff7d971bfe8ac2ff66d41186b
hicp_inflation,cost_of_living,RO,M,2025-10-01,2025-10-31,8.4,percent change on same month of previous year,,,,"",eurostat,prc_hicp_minr,RO,2025-10,2026-09-17T11:00:00+0200,2026-09-28T01:56:20+00:00,ec86931f9a9d059a70c98f2b93e7a00b07733f8ff7d971bfe8ac2ff66d41186b
hicp_inflation,cost_of_living,RO,M,2025-11-01,2025-11-30,8.6,percent change on same month of previous year,,,,"",eurostat,prc_hicp_minr,RO,2025-11,2026-09-17T11:00:00+0200,2026-09-28T01:56:20+00:00,ec86931f9a9d059a70c98f2b93e7a00b07733f8ff7d971bfe8ac2ff66d41186b
hicp_inflation,cost_of_living,RO,M,2025-12-01,2025-12-31,8.6,percent change on same month of previous year,,,,"",eurostat,prc_hicp_minr,RO,2025-12,2026-09-17T11:00:00+0200,2026-09-28T01:56:20+00:00,ec86931f9a9d059a70c98f2b93e7a00b07733f8ff7d971bfe8ac2ff66d41186b
hicp_inflation,cost_of_living,RO,M,2026-01-01,2026-01-31,8.5,percent change on same month of previous year,,,,"",eurostat,prc_hicp_minr,RO,2026-01,2026-09-17T11:00:00+0200,2026-09-28T01:56:20+00:00,ec86931f9a9d059a70c98f2b93e7a00b07733f8ff7d971bfe8ac2ff66d41186b
hicp_inflation,cost_of_living,RO,M,2026-02-01,2026-02-28,8.3,percent change on same month of previous year,,,,"",eurostat,prc_hicp_minr,RO,2026-02,2026-09-17T11:00:00+0200,2026-09-28T01:56:20+00:00,ec86931f9a9d059a70c98f2b93e7a00b07733f8ff7d971bfe8ac2ff66d41186b
hicp_inflation,cost_of_living,RO,M,2026-03-01,2026-03-31,9.0,percent change on same month of previous year,,,,"",eurostat,prc_hicp_minr,RO,2026-03,2026-09-17T11:00:00+0200,2026-09-28T01:56:20+00:00,ec86931f9a9d059a70c98f2b93e7a00b07733f8ff7d971bfe8ac2ff66d41186b
hicp_inflation,cost_of_living,RO,M,2026-04-01,2026-04-30,9.5,percent change on same month of previous year,,,,"",eurostat,prc_hicp_minr,RO,2026-04,2026-09-17T11:00:00+0200,2026-09-28T01:56:20+00:00,ec86931f9a9d059a70c98f2b93e7a00b07733f8ff7d971bfe8ac2ff66d41186b
hicp_inflation,cost_of_living,RO,M,2026-05-01,2026-05-31,9.7,percent change on same month of previous year,,,,"",eurostat,prc_hicp_minr,RO,2026-05,2026-09-17T11:00:00+0200,2026-09-28T01:56:20+00:00,ec86931f9a9d059a70c98f2b93e7a00b07733f8ff7d971bfe8ac2ff66d41186b
hicp_inflation,cost_of_living,RO,M,2026-06-01,2026-06-30,9.2,percent change on same month of previous year,,,,"",eurostat,prc_hicp_minr,RO,2026-06,2026-09-17T11:00:00+0200,2026-09-28T01:56:20+00:00,ec86931f9a9d059a70c98f2b93e7a00b07733f8ff7d971bfe8ac2ff66d41186b
hicp_inflation,cost_of_living,RO,M,2026-07-01,2026-07-31,8.2,percent change on same month of previous year,,,,"",eurostat,prc_hicp_minr,RO,2026-07,2026-09-17T11:00:00+0200,2026-09-28T01:56:20+00:00,ec86931f9a9d059a70c98f2b93e7a00b07733f8ff7d971bfe8ac2ff66d41186b
hicp_inflation,cost_of_living,RO,M,2026-08-01,2026-08-31,6.3,percent change on same month of previous year,,,,"",eurostat,prc_hicp_minr,RO,2026-08,2026-09-17T11:00:00+0200,2026-09-28T01:56:20+00:00,ec86931f9a9d059a70c98f2b93e7a00b07733f8ff7d971bfe8ac2ff66d41186b
hicp_inflation_first_release,cost_of_living,BG,M,2019-01-01,2019-01-31,2.3,percent change on same month of previous year,,,FIN,"",eurostat,prc_hicp_fpd,BG,2019-01,2026-09-17T11:00:00+0200,2026-09-28T01:56:21+00:00,efedfe4956a2e0cf7910deaeaaa53bc36544798722f6679874577ac63fe46c29
hicp_inflation_first_release,cost_of_living,BG,M,2019-02-01,2019-02-28,2.4,percent change on same month of previous year,,,FIN,"",eurostat,prc_hicp_fpd,BG,2019-02,2026-09-17T11:00:00+0200,2026-09-28T01:56:21+00:00,efedfe4956a2e0cf7910deaeaaa53bc36544798722f6679874577ac63fe46c29
hicp_inflation_first_release,cost_of_living,BG,M,2019-03-01,2019-03-31,2.8,percent change on same month of previous year,,,FIN,"",eurostat,prc_hicp_fpd,BG,2019-03,2026-09-17T11:00:00+0200,2026-09-28T01:56:21+00:00,efedfe4956a2e0cf7910deaeaaa53bc36544798722f6679874577ac63fe46c29
hicp_inflation_first_release,cost_of_living,BG,M,2019-04-01,2019-04-30,3.1,percent change on same month of previous year,,,FIN,"",eurostat,prc_hicp_fpd,BG,2019-04,2026-09-17T11:00:00+0200,2026-09-28T01:56:21+00:00,efedfe4956a2e0cf7910deaeaaa53bc36544798722f6679874577ac63fe46c29
hicp_inflation_first_release,cost_of_living,BG,M,2019-05-01,2019-05-31,2.9,percent change on same month of previous year,,,FIN,"",eurostat,prc_hicp_fpd,BG,2019-05,2026-09-17T11:00:00+0200,2026-09-28T01:56:21+00:00,efedfe4956a2e0cf7910deaeaaa53bc36544798722f6679874577ac63fe46c29
hicp_inflation_first_release,cost_of_living,BG,M,2019-06-01,2019-06-30,2.3,percent change on same month of previous year,,,FIN,"",eurostat,prc_hicp_fpd,BG,2019-06,2026-09-17T11:00:00+0200,2026-09-28T01:56:21+00:00,efedfe4956a2e0cf7910deaeaaa53bc36544798722f6679874577ac63fe46c29
hicp_inflation_first_release,cost_of_living,BG,M,2019-07-01,2019-07-31,2.6,percent change on same month of previous year,,,FIN,"",eurostat,prc_hicp_fpd,BG,2019-07,2026-09-17T11:00:00+0200,2026-09-28T01:56:21+00:00,efedfe4956a2e0cf7910deaeaaa53bc36544798722f6679874577ac63fe46c29
hicp_inflation_first_release,cost_of_living,BG,M,2019-08-01,2019-08-31,2.5,percent change on same month of previous year,,,FIN,"",eurostat,prc_hicp_fpd,BG,2019-08,2026-09-17T11:00:00+0200,2026-09-28T01:56:21+00:00,efedfe4956a2e0cf7910deaeaaa53bc36544798722f6679874577ac63fe46c29
hicp_inflation_first_release,cost_of_living,BG,M,2019-09-01,2019-09-30,1.6,percent change on same month of previous year,,,FIN,"",eurostat,prc_hicp_fpd,BG,2019-09,2026-09-17T11:00:00+0200,2026-09-28T01:56:21+00:00,efedfe4956a2e0cf7910deaeaaa53bc36544798722f6679874577ac63fe46c29
hicp_inflation_first_release,cost_of_living,BG,M,2019-10-01,2019-10-31,1.6,percent change on same month of previous year,,,FIN,"",eurostat,prc_hicp_fpd,BG,2019-10,2026-09-17T11:00:00+0200,2026-09-28T01:56:21+00:00,efedfe4956a2e0cf7910deaeaaa53bc36544798722f6679874577ac63fe46c29
hicp_inflation_first_release,cost_of_living,BG,M,2019-11-01,2019-11-30,2.2,percent change on same month of previous year,,,FIN,"",eurostat,prc_hicp_fpd,BG,2019-11,2026-09-17T11:00:00+0200,2026-09-28T01:56:21+00:00,efedfe4956a2e0cf7910deaeaaa53bc36544798722f6679874577ac63fe46c29
hicp_inflation_first_release,cost_of_living,BG,M,2019-12-01,2019-12-31,3.1,percent change on same month of previous year,,,FIN,"",eurostat,prc_hicp_fpd,BG,2019-12,2026-09-17T11:00:00+0200,2026-09-28T01:56:21+00:00,efedfe4956a2e0cf7910deaeaaa53bc36544798722f6679874577ac63fe46c29
hicp_inflation_first_release,cost_of_living,BG,M,2020-01-01,2020-01-31,3.4,percent change on same month of previous year,,,FIN,"",eurostat,prc_hicp_fpd,BG,2020-01,2026-09-17T11:00:00+0200,2026-09-28T01:56:21+00:00,efedfe4956a2e0cf7910deaeaaa53bc36544798722f6679874577ac63fe46c29
hicp_inflation_first_release,cost_of_living,BG,M,2020-02-01,2020-02-29,3.1,percent change on same month of previous year,,,FIN,"",eurostat,prc_hicp_fpd,BG,2020-02,2026-09-17T11:00:00+0200,2026-09-28T01:56:21+00:00,efedfe4956a2e0cf7910deaeaaa53bc36544798722f6679874577ac63fe46c29
hicp_inflation_first_release,cost_of_living,BG,M,2020-03-01,2020-03-31,2.4,percent change on same month of previous year,,,FIN,"",eurostat,prc_hicp_fpd,BG,2020-03,2026-09-17T11:00:00+0200,2026-09-28T01:56:21+00:00,efedfe4956a2e0cf7910deaeaaa53bc36544798722f6679874577ac63fe46c29
hicp_inflation_first_release,cost_of_living,BG,M,2020-04-01,2020-04-30,1.3,percent change on same month of previous year,,,FIN,"",eurostat,prc_hicp_fpd,BG,2020-04,2026-09-17T11:00:00+0200,2026-09-28T01:56:21+00:00,efedfe4956a2e0cf7910deaeaaa53bc36544798722f6679874577ac63fe46c29
hicp_inflation_first_release,cost_of_living,BG,M,2020-05-01,2020-05-31,1.0,percent change on same month of previous year,,,FIN,"",eurostat,prc_hicp_fpd,BG,2020-05,2026-09-17T11:00:00+0200,2026-09-28T01:56:21+00:00,efedfe4956a2e0cf7910deaeaaa53bc36544798722f6679874577ac63fe46c29
hicp_inflation_first_release,cost_of_living,BG,M,2020-06-01,2020-06-30,0.9,percent change on same month of previous year,,,FIN,"",eurostat,prc_hicp_fpd,BG,2020-06,2026-09-17T11:00:00+0200,2026-09-28T01:56:21+00:00,efedfe4956a2e0cf7910deaeaaa53bc36544798722f6679874577ac63fe46c29
hicp_inflation_first_release,cost_of_living,BG,M,2020-07-01,2020-07-31,0.4,percent change on same month of previous year,,,FIN,"",eurostat,prc_hicp_fpd,BG,2020-07,2026-09-17T11:00:00+0200,2026-09-28T01:56:21+00:00,efedfe4956a2e0cf7910deaeaaa53bc36544798722f6679874577ac63fe46c29
hicp_inflation_first_release,cost_of_living,BG,M,2020-08-01,2020-08-31,0.7,percent change on same month of previous year,,,FIN,"",eurostat,prc_hicp_fpd,BG,2020-08,2026-09-17T11:00:00+0200,2026-09-28T01:56:21+00:00,efedfe4956a2e0cf7910deaeaaa53bc36544798722f6679874577ac63fe46c29
hicp_inflation_first_release,cost_of_living,BG,M,2020-09-01,2020-09-30,0.6,percent change on same month of previous year,,,FIN,"",eurostat,prc_hicp_fpd,BG,2020-09,2026-09-17T11:00:00+0200,2026-09-28T01:56:21+00:00,efedfe4956a2e0cf7910deaeaaa53bc36544798722f6679874577ac63fe46c29
hicp_inflation_first_release,cost_of_living,BG,M,2020-10-01,2020-10-31,0.6,percent change on same month of previous year,,,FIN,"",eurostat,prc_hicp_fpd,BG,2020-10,2026-09-17T11:00:00+0200,2026-09-28T01:56:21+00:00,efedfe4956a2e0cf7910deaeaaa53bc36544798722f6679874577ac63fe46c29
hicp_inflation_first_release,cost_of_living,BG,M,2020-11-01,2020-11-30,0.3,percent change on same month of previous year,,,FIN,"",eurostat,prc_hicp_fpd,BG,2020-11,2026-09-17T11:00:00+0200,2026-09-28T01:56:21+00:00,efedfe4956a2e0cf7910deaeaaa53bc36544798722f6679874577ac63fe46c29
hicp_inflation_first_release,cost_of_living,BG,M,2020-12-01,2020-12-31,0.0,percent change on same month of previous year,,,FIN,"",eurostat,prc_hicp_fpd,BG,2020-12,2026-09-17T11:00:00+0200,2026-09-28T01:56:21+00:00,efedfe4956a2e0cf7910deaeaaa53bc36544798722f6679874577ac63fe46c29
hicp_inflation_first_release,cost_of_living,BG,M,2021-01-01,2021-01-31,-0.3,percent change on same month of previous year,,,FIN,"",eurostat,prc_hicp_fpd,BG,2021-01,2026-09-17T11:00:00+0200,2026-09-28T01:56:21+00:00,efedfe4956a2e0cf7910deaeaaa53bc36544798722f6679874577ac63fe46c29
hicp_inflation_first_release,cost_of_living,BG,M,2021-02-01,2021-02-28,0.2,percent change on same month of previous year,,,FIN,"",eurostat,prc_hicp_fpd,BG,2021-02,2026-09-17T11:00:00+0200,2026-09-28T01:56:21+00:00,efedfe4956a2e0cf7910deaeaaa53bc36544798722f6679874577ac63fe46c29
hicp_inflation_first_release,cost_of_living,BG,M,2021-03-01,2021-03-31,0.8,percent change on same month of previous year,,,FIN,"",eurostat,prc_hicp_fpd,BG,2021-03,2026-09-17T11:00:00+0200,2026-09-28T01:56:21+00:00,efedfe4956a2e0cf7910deaeaaa53bc36544798722f6679874577ac63fe46c29
hicp_inflation_first_release,cost_of_living,BG,M,2021-04-01,2021-04-30,1.9,percent change on same month of previous year,,,FIN,"",eurostat,prc_hicp_fpd,BG,2021-04,2026-09-17T11:00:00+0200,2026-09-28T01:56:21+00:00,efedfe4956a2e0cf7910deaeaaa53bc36544798722f6679874577ac63fe46c29
hicp_inflation_first_release,cost_of_living,BG,M,2021-05-01,2021-05-31,2.3,percent change on same month of previous year,,,FIN,"",eurostat,prc_hicp_fpd,BG,2021-05,2026-09-17T11:00:00+0200,2026-09-28T01:56:21+00:00,efedfe4956a2e0cf7910deaeaaa53bc36544798722f6679874577ac63fe46c29
hicp_inflation_first_release,cost_of_living,BG,M,2021-06-01,2021-06-30,2.4,percent change on same month of previous year,,,FIN,"",eurostat,prc_hicp_fpd,BG,2021-06,2026-09-17T11:00:00+0200,2026-09-28T01:56:21+00:00,efedfe4956a2e0cf7910deaeaaa53bc36544798722f6679874577ac63fe46c29
hicp_inflation_first_release,cost_of_living,BG,M,2021-07-01,2021-07-31,2.2,percent change on same month of previous year,,,FIN,"",eurostat,prc_hicp_fpd,BG,2021-07,2026-09-17T11:00:00+0200,2026-09-28T01:56:21+00:00,efedfe4956a2e0cf7910deaeaaa53bc36544798722f6679874577ac63fe46c29
hicp_inflation_first_release,cost_of_living,BG,M,2021-08-01,2021-08-31,2.5,percent change on same month of previous year,,,FIN,"",eurostat,prc_hicp_fpd,BG,2021-08,2026-09-17T11:00:00+0200,2026-09-28T01:56:21+00:00,efedfe4956a2e0cf7910deaeaaa53bc36544798722f6679874577ac63fe46c29
hicp_inflation_first_release,cost_of_living,BG,M,2021-09-01,2021-09-30,4.0,percent change on same month of previous year,,,FIN,"",eurostat,prc_hicp_fpd,BG,2021-09,2026-09-17T11:00:00+0200,2026-09-28T01:56:21+00:00,efedfe4956a2e0cf7910deaeaaa53bc36544798722f6679874577ac63fe46c29
hicp_inflation_first_release,cost_of_living,BG,M,2021-10-01,2021-10-31,5.2,percent change on same month of previous year,,,FIN,"",eurostat,prc_hicp_fpd,BG,2021-10,2026-09-17T11:00:00+0200,2026-09-28T01:56:21+00:00,efedfe4956a2e0cf7910deaeaaa53bc36544798722f6679874577ac63fe46c29
hicp_inflation_first_release,cost_of_living,BG,M,2021-11-01,2021-11-30,6.3,percent change on same month of previous year,,,FIN,"",eurostat,prc_hicp_fpd,BG,2021-11,2026-09-17T11:00:00+0200,2026-09-28T01:56:21+00:00,efedfe4956a2e0cf7910deaeaaa53bc36544798722f6679874577ac63fe46c29
hicp_inflation_first_release,cost_of_living,BG,M,2021-12-01,2021-12-31,6.6,percent change on same month of previous year,,,FIN,"",eurostat,prc_hicp_fpd,BG,2021-12,2026-09-17T11:00:00+0200,2026-09-28T01:56:21+00:00,efedfe4956a2e0cf7910deaeaaa53bc36544798722f6679874577ac63fe46c29
hicp_inflation_first_release,cost_of_living,BG,M,2022-01-01,2022-01-31,7.7,percent change on same month of previous year,,,FIN,"",eurostat,prc_hicp_fpd,BG,2022-01,2026-09-17T11:00:00+0200,2026-09-28T01:56:21+00:00,efedfe4956a2e0cf7910deaeaaa53bc36544798722f6679874577ac63fe46c29
hicp_inflation_first_release,cost_of_living,BG,M,2022-02-01,2022-02-28,8.4,percent change on same month of previous year,,,FIN,"",eurostat,prc_hicp_fpd,BG,2022-02,2026-09-17T11:00:00+0200,2026-09-28T01:56:21+00:00,efedfe4956a2e0cf7910deaeaaa53bc36544798722f6679874577ac63fe46c29
hicp_inflation_first_release,cost_of_living,BG,M,2022-03-01,2022-03-31,10.5,percent change on same month of previous year,,,FIN,"",eurostat,prc_hicp_fpd,BG,2022-03,2026-09-17T11:00:00+0200,2026-09-28T01:56:21+00:00,efedfe4956a2e0cf7910deaeaaa53bc36544798722f6679874577ac63fe46c29
hicp_inflation_first_release,cost_of_living,BG,M,2022-04-01,2022-04-30,12.1,percent change on same month of previous year,,,FIN,"",eurostat,prc_hicp_fpd,BG,2022-04,2026-09-17T11:00:00+0200,2026-09-28T01:56:21+00:00,efedfe4956a2e0cf7910deaeaaa53bc36544798722f6679874577ac63fe46c29
hicp_inflation_first_release,cost_of_living,BG,M,2022-05-01,2022-05-31,13.4,percent change on same month of previous year,,,FIN,"",eurostat,prc_hicp_fpd,BG,2022-05,2026-09-17T11:00:00+0200,2026-09-28T01:56:21+00:00,efedfe4956a2e0cf7910deaeaaa53bc36544798722f6679874577ac63fe46c29
hicp_inflation_first_release,cost_of_living,BG,M,2022-06-01,2022-06-30,14.8,percent change on same month of previous year,,,FIN,"",eurostat,prc_hicp_fpd,BG,2022-06,2026-09-17T11:00:00+0200,2026-09-28T01:56:21+00:00,efedfe4956a2e0cf7910deaeaaa53bc36544798722f6679874577ac63fe46c29
hicp_inflation_first_release,cost_of_living,BG,M,2022-07-01,2022-07-31,14.9,percent change on same month of previous year,,,FIN,"",eurostat,prc_hicp_fpd,BG,2022-07,2026-09-17T11:00:00+0200,2026-09-28T01:56:21+00:00,efedfe4956a2e0cf7910deaeaaa53bc36544798722f6679874577ac63fe46c29
hicp_inflation_first_release,cost_of_living,BG,M,2022-08-01,2022-08-31,15.0,percent change on same month of previous year,,,FIN,"",eurostat,prc_hicp_fpd,BG,2022-08,2026-09-17T11:00:00+0200,2026-09-28T01:56:21+00:00,efedfe4956a2e0cf7910deaeaaa53bc36544798722f6679874577ac63fe46c29
hicp_inflation_first_release,cost_of_living,BG,M,2022-09-01,2022-09-30,15.6,percent change on same month of previous year,,,FIN,"",eurostat,prc_hicp_fpd,BG,2022-09,2026-09-17T11:00:00+0200,2026-09-28T01:56:21+00:00,efedfe4956a2e0cf7910deaeaaa53bc36544798722f6679874577ac63fe46c29
hicp_inflation_first_release,cost_of_living,BG,M,2022-10-01,2022-10-31,14.8,percent change on same month of previous year,,,FIN,"",eurostat,prc_hicp_fpd,BG,2022-10,2026-09-17T11:00:00+0200,2026-09-28T01:56:21+00:00,efedfe4956a2e0cf7910deaeaaa53bc36544798722f6679874577ac63fe46c29
hicp_inflation_first_release,cost_of_living,BG,M,2022-11-01,2022-11-30,14.3,percent change on same month of previous year,,,FIN,"",eurostat,prc_hicp_fpd,BG,2022-11,2026-09-17T11:00:00+0200,2026-09-28T01:56:21+00:00,efedfe4956a2e0cf7910deaeaaa53bc36544798722f6679874577ac63fe46c29
hicp_inflation_first_release,cost_of_living,BG,M,2022-12-01,2022-12-31,14.3,percent change on same month of previous year,,,FIN,"",eurostat,prc_hicp_fpd,BG,2022-12,2026-09-17T11:00:00+0200,2026-09-28T01:56:21+00:00,efedfe4956a2e0cf7910deaeaaa53bc36544798722f6679874577ac63fe46c29
hicp_inflation_first_release,cost_of_living,BG,M,2023-01-01,2023-01-31,14.3,percent change on same month of previous year,,,FIN,"",eurostat,prc_hicp_fpd,BG,2023-01,2026-09-17T11:00:00+0200,2026-09-28T01:56:21+00:00,efedfe4956a2e0cf7910deaeaaa53bc36544798722f6679874577ac63fe46c29
hicp_inflation_first_release,cost_of_living,BG,M,2023-02-01,2023-02-28,13.7,percent change on same month of previous year,,,FIN,"",eurostat,prc_hicp_fpd,BG,2023-02,2026-09-17T11:00:00+0200,2026-09-28T01:56:21+00:00,efedfe4956a2e0cf7910deaeaaa53bc36544798722f6679874577ac63fe46c29
hicp_inflation_first_release,cost_of_living,BG,M,2023-03-01,2023-03-31,12.1,percent change on same month of previous year,,,FIN,"",eurostat,prc_hicp_fpd,BG,2023-03,2026-09-17T11:00:00+0200,2026-09-28T01:56:21+00:00,efedfe4956a2e0cf7910deaeaaa53bc36544798722f6679874577ac63fe46c29
hicp_inflation_first_release,cost_of_living,BG,M,2023-04-01,2023-04-30,10.3,percent change on same month of previous year,,,FIN,"",eurostat,prc_hicp_fpd,BG,2023-04,2026-09-17T11:00:00+0200,2026-09-28T01:56:21+00:00,efedfe4956a2e0cf7910deaeaaa53bc36544798722f6679874577ac63fe46c29
hicp_inflation_first_release,cost_of_living,BG,M,2023-05-01,2023-05-31,8.6,percent change on same month of previous year,,,FIN,"",eurostat,prc_hicp_fpd,BG,2023-05,2026-09-17T11:00:00+0200,2026-09-28T01:56:21+00:00,efedfe4956a2e0cf7910deaeaaa53bc36544798722f6679874577ac63fe46c29
hicp_inflation_first_release,cost_of_living,BG,M,2023-06-01,2023-06-30,7.5,percent change on same month of previous year,,,FIN,"",eurostat,prc_hicp_fpd,BG,2023-06,2026-09-17T11:00:00+0200,2026-09-28T01:56:21+00:00,efedfe4956a2e0cf7910deaeaaa53bc36544798722f6679874577ac63fe46c29
hicp_inflation_first_release,cost_of_living,BG,M,2023-07-01,2023-07-31,7.8,percent change on same month of previous year,,,FIN,"",eurostat,prc_hicp_fpd,BG,2023-07,2026-09-17T11:00:00+0200,2026-09-28T01:56:21+00:00,efedfe4956a2e0cf7910deaeaaa53bc36544798722f6679874577ac63fe46c29
hicp_inflation_first_release,cost_of_living,BG,M,2023-08-01,2023-08-31,7.5,percent change on same month of previous year,,,FIN,"",eurostat,prc_hicp_fpd,BG,2023-08,2026-09-17T11:00:00+0200,2026-09-28T01:56:21+00:00,efedfe4956a2e0cf7910deaeaaa53bc36544798722f6679874577ac63fe46c29
hicp_inflation_first_release,cost_of_living,BG,M,2023-09-01,2023-09-30,6.4,percent change on same month of previous year,,,FIN,"",eurostat,prc_hicp_fpd,BG,2023-09,2026-09-17T11:00:00+0200,2026-09-28T01:56:21+00:00,efedfe4956a2e0cf7910deaeaaa53bc36544798722f6679874577ac63fe46c29
hicp_inflation_first_release,cost_of_living,BG,M,2023-10-01,2023-10-31,5.9,percent change on same month of previous year,,,FIN,"",eurostat,prc_hicp_fpd,BG,2023-10,2026-09-17T11:00:00+0200,2026-09-28T01:56:21+00:00,efedfe4956a2e0cf7910deaeaaa53bc36544798722f6679874577ac63fe46c29
hicp_inflation_first_release,cost_of_living,BG,M,2023-11-01,2023-11-30,5.5,percent change on same month of previous year,,,FIN,"",eurostat,prc_hicp_fpd,BG,2023-11,2026-09-17T11:00:00+0200,2026-09-28T01:56:21+00:00,efedfe4956a2e0cf7910deaeaaa53bc36544798722f6679874577ac63fe46c29
hicp_inflation_first_release,cost_of_living,BG,M,2023-12-01,2023-12-31,5.0,percent change on same month of previous year,,,FIN,"",eurostat,prc_hicp_fpd,BG,2023-12,2026-09-17T11:00:00+0200,2026-09-28T01:56:21+00:00,efedfe4956a2e0cf7910deaeaaa53bc36544798722f6679874577ac63fe46c29
hicp_inflation_first_release,cost_of_living,BG,M,2024-01-01,2024-01-31,3.9,percent change on same month of previous year,,,FIN,"",eurostat,prc_hicp_fpd,BG,2024-01,2026-09-17T11:00:00+0200,2026-09-28T01:56:21+00:00,efedfe4956a2e0cf7910deaeaaa53bc36544798722f6679874577ac63fe46c29
hicp_inflation_first_release,cost_of_living,BG,M,2024-02-01,2024-02-29,3.5,percent change on same month of previous year,,,FIN,"",eurostat,prc_hicp_fpd,BG,2024-02,2026-09-17T11:00:00+0200,2026-09-28T01:56:21+00:00,efedfe4956a2e0cf7910deaeaaa53bc36544798722f6679874577ac63fe46c29
hicp_inflation_first_release,cost_of_living,BG,M,2024-03-01,2024-03-31,3.1,percent change on same month of previous year,,,FIN,"",eurostat,prc_hicp_fpd,BG,2024-03,2026-09-17T11:00:00+0200,2026-09-28T01:56:21+00:00,efedfe4956a2e0cf7910deaeaaa53bc36544798722f6679874577ac63fe46c29
hicp_inflation_first_release,cost_of_living,BG,M,2024-04-01,2024-04-30,2.5,percent change on same month of previous year,,,FIN,"",eurostat,prc_hicp_fpd,BG,2024-04,2026-09-17T11:00:00+0200,2026-09-28T01:56:21+00:00,efedfe4956a2e0cf7910deaeaaa53bc36544798722f6679874577ac63fe46c29
hicp_inflation_first_release,cost_of_living,BG,M,2024-05-01,2024-05-31,2.7,percent change on same month of previous year,,,FIN,"",eurostat,prc_hicp_fpd,BG,2024-05,2026-09-17T11:00:00+0200,2026-09-28T01:56:21+00:00,efedfe4956a2e0cf7910deaeaaa53bc36544798722f6679874577ac63fe46c29
hicp_inflation_first_release,cost_of_living,BG,M,2024-06-01,2024-06-30,2.8,percent change on same month of previous year,,,FIN,"",eurostat,prc_hicp_fpd,BG,2024-06,2026-09-17T11:00:00+0200,2026-09-28T01:56:21+00:00,efedfe4956a2e0cf7910deaeaaa53bc36544798722f6679874577ac63fe46c29
hicp_inflation_first_release,cost_of_living,BG,M,2024-07-01,2024-07-31,2.8,percent change on same month of previous year,,,FIN,"",eurostat,prc_hicp_fpd,BG,2024-07,2026-09-17T11:00:00+0200,2026-09-28T01:56:21+00:00,efedfe4956a2e0cf7910deaeaaa53bc36544798722f6679874577ac63fe46c29
hicp_inflation_first_release,cost_of_living,BG,M,2024-08-01,2024-08-31,2.4,percent change on same month of previous year,,,FIN,"",eurostat,prc_hicp_fpd,BG,2024-08,2026-09-17T11:00:00+0200,2026-09-28T01:56:21+00:00,efedfe4956a2e0cf7910deaeaaa53bc36544798722f6679874577ac63fe46c29
hicp_inflation_first_release,cost_of_living,BG,M,2024-09-01,2024-09-30,1.5,percent change on same month of previous year,,,FIN,"",eurostat,prc_hicp_fpd,BG,2024-09,2026-09-17T11:00:00+0200,2026-09-28T01:56:21+00:00,efedfe4956a2e0cf7910deaeaaa53bc36544798722f6679874577ac63fe46c29
hicp_inflation_first_release,cost_of_living,BG,M,2024-10-01,2024-10-31,2.0,percent change on same month of previous year,,,FIN,"",eurostat,prc_hicp_fpd,BG,2024-10,2026-09-17T11:00:00+0200,2026-09-28T01:56:21+00:00,efedfe4956a2e0cf7910deaeaaa53bc36544798722f6679874577ac63fe46c29
hicp_inflation_first_release,cost_of_living,BG,M,2024-11-01,2024-11-30,2.0,percent change on same month of previous year,,,FIN,"",eurostat,prc_hicp_fpd,BG,2024-11,2026-09-17T11:00:00+0200,2026-09-28T01:56:21+00:00,efedfe4956a2e0cf7910deaeaaa53bc36544798722f6679874577ac63fe46c29
hicp_inflation_first_release,cost_of_living,BG,M,2024-12-01,2024-12-31,2.1,percent change on same month of previous year,,,FIN,"",eurostat,prc_hicp_fpd,BG,2024-12,2026-09-17T11:00:00+0200,2026-09-28T01:56:21+00:00,efedfe4956a2e0cf7910deaeaaa53bc36544798722f6679874577ac63fe46c29
hicp_inflation_first_release,cost_of_living,BG,M,2025-01-01,2025-01-31,3.8,percent change on same month of previous year,,,FIN,"",eurostat,prc_hicp_fpd,BG,2025-01,2026-09-17T11:00:00+0200,2026-09-28T01:56:21+00:00,efedfe4956a2e0cf7910deaeaaa53bc36544798722f6679874577ac63fe46c29
hicp_inflation_first_release,cost_of_living,BG,M,2025-02-01,2025-02-28,3.9,percent change on same month of previous year,,,FIN,"",eurostat,prc_hicp_fpd,BG,2025-02,2026-09-17T11:00:00+0200,2026-09-28T01:56:21+00:00,efedfe4956a2e0cf7910deaeaaa53bc36544798722f6679874577ac63fe46c29
hicp_inflation_first_release,cost_of_living,BG,M,2025-03-01,2025-03-31,4.0,percent change on same month of previous year,,,FIN,"",eurostat,prc_hicp_fpd,BG,2025-03,2026-09-17T11:00:00+0200,2026-09-28T01:56:21+00:00,efedfe4956a2e0cf7910deaeaaa53bc36544798722f6679874577ac63fe46c29
hicp_inflation_first_release,cost_of_living,BG,M,2025-04-01,2025-04-30,2.8,percent change on same month of previous year,,,FIN,"",eurostat,prc_hicp_fpd,BG,2025-04,2026-09-17T11:00:00+0200,2026-09-28T01:56:21+00:00,efedfe4956a2e0cf7910deaeaaa53bc36544798722f6679874577ac63fe46c29
hicp_inflation_first_release,cost_of_living,BG,M,2025-05-01,2025-05-31,2.9,percent change on same month of previous year,,,FIN,"",eurostat,prc_hicp_fpd,BG,2025-05,2026-09-17T11:00:00+0200,2026-09-28T01:56:21+00:00,efedfe4956a2e0cf7910deaeaaa53bc36544798722f6679874577ac63fe46c29
hicp_inflation_first_release,cost_of_living,BG,M,2025-06-01,2025-06-30,3.1,percent change on same month of previous year,,,FIN,"",eurostat,prc_hicp_fpd,BG,2025-06,2026-09-17T11:00:00+0200,2026-09-28T01:56:21+00:00,efedfe4956a2e0cf7910deaeaaa53bc36544798722f6679874577ac63fe46c29
hicp_inflation_first_release,cost_of_living,BG,M,2025-07-01,2025-07-31,3.4,percent change on same month of previous year,,,FIN,"",eurostat,prc_hicp_fpd,BG,2025-07,2026-09-17T11:00:00+0200,2026-09-28T01:56:21+00:00,efedfe4956a2e0cf7910deaeaaa53bc36544798722f6679874577ac63fe46c29
hicp_inflation_first_release,cost_of_living,BG,M,2025-08-01,2025-08-31,3.5,percent change on same month of previous year,,,FIN,"",eurostat,prc_hicp_fpd,BG,2025-08,2026-09-17T11:00:00+0200,2026-09-28T01:56:21+00:00,efedfe4956a2e0cf7910deaeaaa53bc36544798722f6679874577ac63fe46c29
hicp_inflation_first_release,cost_of_living,BG,M,2025-09-01,2025-09-30,4.0,percent change on same month of previous year,,,FIN,"",eurostat,prc_hicp_fpd,BG,2025-09,2026-09-17T11:00:00+0200,2026-09-28T01:56:21+00:00,efedfe4956a2e0cf7910deaeaaa53bc36544798722f6679874577ac63fe46c29
hicp_inflation_first_release,cost_of_living,BG,M,2025-10-01,2025-10-31,3.8,percent change on same month of previous year,,,FIN,"",eurostat,prc_hicp_fpd,BG,2025-10,2026-09-17T11:00:00+0200,2026-09-28T01:56:21+00:00,efedfe4956a2e0cf7910deaeaaa53bc36544798722f6679874577ac63fe46c29
hicp_inflation_first_release,cost_of_living,BG,M,2025-11-01,2025-11-30,3.7,percent change on same month of previous year,,,FIN,"",eurostat,prc_hicp_fpd,BG,2025-11,2026-09-17T11:00:00+0200,2026-09-28T01:56:21+00:00,efedfe4956a2e0cf7910deaeaaa53bc36544798722f6679874577ac63fe46c29
hicp_inflation_first_release,cost_of_living,BG,M,2025-12-01,2025-12-31,3.5,percent change on same month of previous year,,,FIN,"",eurostat,prc_hicp_fpd,BG,2025-12,2026-09-17T11:00:00+0200,2026-09-28T01:56:21+00:00,efedfe4956a2e0cf7910deaeaaa53bc36544798722f6679874577ac63fe46c29
hicp_inflation_first_release,cost_of_living,BG,M,2026-01-01,2026-01-31,2.3,percent change on same month of previous year,,,FIN,"",eurostat,prc_hicp_fpd,BG,2026-01,2026-09-17T11:00:00+0200,2026-09-28T01:56:21+00:00,efedfe4956a2e0cf7910deaeaaa53bc36544798722f6679874577ac63fe46c29
hicp_inflation_first_release,cost_of_living,BG,M,2026-02-01,2026-02-28,2.1,percent change on same month of previous year,,,FIN,"",eurostat,prc_hicp_fpd,BG,2026-02,2026-09-17T11:00:00+0200,2026-09-28T01:56:21+00:00,efedfe4956a2e0cf7910deaeaaa53bc36544798722f6679874577ac63fe46c29
hicp_inflation_first_release,cost_of_living,BG,M,2026-03-01,2026-03-31,2.8,percent change on same month of previous year,,,FIN,"",eurostat,prc_hicp_fpd,BG,2026-03,2026-09-17T11:00:00+0200,2026-09-28T01:56:21+00:00,efedfe4956a2e0cf7910deaeaaa53bc36544798722f6679874577ac63fe46c29
hicp_inflation_first_release,cost_of_living,BG,M,2026-04-01,2026-04-30,6.0,percent change on same month of previous year,,,FIN,"",eurostat,prc_hicp_fpd,BG,2026-04,2026-09-17T11:00:00+0200,2026-09-28T01:56:21+00:00,efedfe4956a2e0cf7910deaeaaa53bc36544798722f6679874577ac63fe46c29
hicp_inflation_first_release,cost_of_living,BG,M,2026-05-01,2026-05-31,6.3,percent change on same month of previous year,,,FIN,"",eurostat,prc_hicp_fpd,BG,2026-05,2026-09-17T11:00:00+0200,2026-09-28T01:56:21+00:00,efedfe4956a2e0cf7910deaeaaa53bc36544798722f6679874577ac63fe46c29
hicp_inflation_first_release,cost_of_living,BG,M,2026-06-01,2026-06-30,5.2,percent change on same month of previous year,,,FIN,"",eurostat,prc_hicp_fpd,BG,2026-06,2026-09-17T11:00:00+0200,2026-09-28T01:56:21+00:00,efedfe4956a2e0cf7910deaeaaa53bc36544798722f6679874577ac63fe46c29
hicp_inflation_first_release,cost_of_living,BG,M,2026-07-01,2026-07-31,4.4,percent change on same month of previous year,,,FIN,"",eurostat,prc_hicp_fpd,BG,2026-07,2026-09-17T11:00:00+0200,2026-09-28T01:56:21+00:00,efedfe4956a2e0cf7910deaeaaa53bc36544798722f6679874577ac63fe46c29
hicp_inflation_first_release,cost_of_living,BG,M,2026-08-01,2026-08-31,5.0,percent change on same month of previous year,,,FIN,"",eurostat,prc_hicp_fpd,BG,2026-08,2026-09-17T11:00:00+0200,2026-09-28T01:56:21+00:00,efedfe4956a2e0cf7910deaeaaa53bc36544798722f6679874577ac63fe46c29
hicp_inflation_first_release,cost_of_living,BG,M,2026-01-01,2026-01-31,2.3,percent change on same month of previous year,e,estimated,FLS,EX_STATUS_FLAGGED,eurostat,prc_hicp_fpd,BG,2026-01,2026-09-17T11:00:00+0200,2026-09-28T01:56:21+00:00,efedfe4956a2e0cf7910deaeaaa53bc36544798722f6679874577ac63fe46c29
hicp_inflation_first_release,cost_of_living,BG,M,2026-02-01,2026-02-28,2.0,percent change on same month of previous year,e,estimated,FLS,EX_STATUS_FLAGGED,eurostat,prc_hicp_fpd,BG,2026-02,2026-09-17T11:00:00+0200,2026-09-28T01:56:21+00:00,efedfe4956a2e0cf7910deaeaaa53bc36544798722f6679874577ac63fe46c29
hicp_inflation_first_release,cost_of_living,BG,M,2026-03-01,2026-03-31,2.6,percent change on same month of previous year,e,estimated,FLS,EX_STATUS_FLAGGED,eurostat,prc_hicp_fpd,BG,2026-03,2026-09-17T11:00:00+0200,2026-09-28T01:56:21+00:00,efedfe4956a2e0cf7910deaeaaa53bc36544798722f6679874577ac63fe46c29
hicp_inflation_first_release,cost_of_living,BG,M,2026-04-01,2026-04-30,6.2,percent change on same month of previous year,e,estimated,FLS,EX_STATUS_FLAGGED,eurostat,prc_hicp_fpd,BG,2026-04,2026-09-17T11:00:00+0200,2026-09-28T01:56:21+00:00,efedfe4956a2e0cf7910deaeaaa53bc36544798722f6679874577ac63fe46c29
hicp_inflation_first_release,cost_of_living,BG,M,2026-05-01,2026-05-31,6.3,percent change on same month of previous year,e,estimated,FLS,EX_STATUS_FLAGGED,eurostat,prc_hicp_fpd,BG,2026-05,2026-09-17T11:00:00+0200,2026-09-28T01:56:21+00:00,efedfe4956a2e0cf7910deaeaaa53bc36544798722f6679874577ac63fe46c29
hicp_inflation_first_release,cost_of_living,BG,M,2026-06-01,2026-06-30,5.3,percent change on same month of previous year,e,estimated,FLS,EX_STATUS_FLAGGED,eurostat,prc_hicp_fpd,BG,2026-06,2026-09-17T11:00:00+0200,2026-09-28T01:56:21+00:00,efedfe4956a2e0cf7910deaeaaa53bc36544798722f6679874577ac63fe46c29
hicp_inflation_first_release,cost_of_living,BG,M,2026-07-01,2026-07-31,4.1,percent change on same month of previous year,e,estimated,FLS,EX_STATUS_FLAGGED,eurostat,prc_hicp_fpd,BG,2026-07,2026-09-17T11:00:00+0200,2026-09-28T01:56:21+00:00,efedfe4956a2e0cf7910deaeaaa53bc36544798722f6679874577ac63fe46c29
hicp_inflation_first_release,cost_of_living,BG,M,2026-08-01,2026-08-31,5.1,percent change on same month of previous year,e,estimated,FLS,EX_STATUS_FLAGGED,eurostat,prc_hicp_fpd,BG,2026-08,2026-09-17T11:00:00+0200,2026-09-28T01:56:21+00:00,efedfe4956a2e0cf7910deaeaaa53bc36544798722f6679874577ac63fe46c29
hicp_inflation_first_release,cost_of_living,GR,M,2019-01-01,2019-01-31,0.5,percent change on same month of previous year,,,FIN,"",eurostat,prc_hicp_fpd,EL,2019-01,2026-09-17T11:00:00+0200,2026-09-28T01:56:21+00:00,efedfe4956a2e0cf7910deaeaaa53bc36544798722f6679874577ac63fe46c29
hicp_inflation_first_release,cost_of_living,GR,M,2019-02-01,2019-02-28,0.8,percent change on same month of previous year,,,FIN,"",eurostat,prc_hicp_fpd,EL,2019-02,2026-09-17T11:00:00+0200,2026-09-28T01:56:21+00:00,efedfe4956a2e0cf7910deaeaaa53bc36544798722f6679874577ac63fe46c29
hicp_inflation_first_release,cost_of_living,GR,M,2019-03-01,2019-03-31,1.1,percent change on same month of previous year,,,FIN,"",eurostat,prc_hicp_fpd,EL,2019-03,2026-09-17T11:00:00+0200,2026-09-28T01:56:21+00:00,efedfe4956a2e0cf7910deaeaaa53bc36544798722f6679874577ac63fe46c29
hicp_inflation_first_release,cost_of_living,GR,M,2019-04-01,2019-04-30,1.1,percent change on same month of previous year,,,FIN,"",eurostat,prc_hicp_fpd,EL,2019-04,2026-09-17T11:00:00+0200,2026-09-28T01:56:21+00:00,efedfe4956a2e0cf7910deaeaaa53bc36544798722f6679874577ac63fe46c29
hicp_inflation_first_release,cost_of_living,GR,M,2019-05-01,2019-05-31,0.6,percent change on same month of previous year,,,FIN,"",eurostat,prc_hicp_fpd,EL,2019-05,2026-09-17T11:00:00+0200,2026-09-28T01:56:21+00:00,efedfe4956a2e0cf7910deaeaaa53bc36544798722f6679874577ac63fe46c29
hicp_inflation_first_release,cost_of_living,GR,M,2019-06-01,2019-06-30,0.2,percent change on same month of previous year,,,FIN,"",eurostat,prc_hicp_fpd,EL,2019-06,2026-09-17T11:00:00+0200,2026-09-28T01:56:21+00:00,efedfe4956a2e0cf7910deaeaaa53bc36544798722f6679874577ac63fe46c29
hicp_inflation_first_release,cost_of_living,GR,M,2019-07-01,2019-07-31,0.4,percent change on same month of previous year,,,FIN,"",eurostat,prc_hicp_fpd,EL,2019-07,2026-09-17T11:00:00+0200,2026-09-28T01:56:21+00:00,efedfe4956a2e0cf7910deaeaaa53bc36544798722f6679874577ac63fe46c29
hicp_inflation_first_release,cost_of_living,GR,M,2019-08-01,2019-08-31,0.1,percent change on same month of previous year,,,FIN,"",eurostat,prc_hicp_fpd,EL,2019-08,2026-09-17T11:00:00+0200,2026-09-28T01:56:21+00:00,efedfe4956a2e0cf7910deaeaaa53bc36544798722f6679874577ac63fe46c29
hicp_inflation_first_release,cost_of_living,GR,M,2019-09-01,2019-09-30,0.2,percent change on same month of previous year,,,FIN,"",eurostat,prc_hicp_fpd,EL,2019-09,2026-09-17T11:00:00+0200,2026-09-28T01:56:21+00:00,efedfe4956a2e0cf7910deaeaaa53bc36544798722f6679874577ac63fe46c29
hicp_inflation_first_release,cost_of_living,GR,M,2019-10-01,2019-10-31,-0.3,percent change on same month of previous year,,,FIN,"",eurostat,prc_hicp_fpd,EL,2019-10,2026-09-17T11:00:00+0200,2026-09-28T01:56:21+00:00,efedfe4956a2e0cf7910deaeaaa53bc36544798722f6679874577ac63fe46c29
hicp_inflation_first_release,cost_of_living,GR,M,2019-11-01,2019-11-30,0.5,percent change on same month of previous year,,,FIN,"",eurostat,prc_hicp_fpd,EL,2019-11,2026-09-17T11:00:00+0200,2026-09-28T01:56:21+00:00,efedfe4956a2e0cf7910deaeaaa53bc36544798722f6679874577ac63fe46c29
hicp_inflation_first_release,cost_of_living,GR,M,2019-12-01,2019-12-31,1.1,percent change on same month of previous year,,,FIN,"",eurostat,prc_hicp_fpd,EL,2019-12,2026-09-17T11:00:00+0200,2026-09-28T01:56:21+00:00,efedfe4956a2e0cf7910deaeaaa53bc36544798722f6679874577ac63fe46c29
hicp_inflation_first_release,cost_of_living,GR,M,2020-01-01,2020-01-31,1.1,percent change on same month of previous year,,,FIN,"",eurostat,prc_hicp_fpd,EL,2020-01,2026-09-17T11:00:00+0200,2026-09-28T01:56:21+00:00,efedfe4956a2e0cf7910deaeaaa53bc36544798722f6679874577ac63fe46c29
hicp_inflation_first_release,cost_of_living,GR,M,2020-02-01,2020-02-29,0.4,percent change on same month of previous year,,,FIN,"",eurostat,prc_hicp_fpd,EL,2020-02,2026-09-17T11:00:00+0200,2026-09-28T01:56:21+00:00,efedfe4956a2e0cf7910deaeaaa53bc36544798722f6679874577ac63fe46c29
hicp_inflation_first_release,cost_of_living,GR,M,2020-03-01,2020-03-31,0.2,percent change on same month of previous year,,,FIN,"",eurostat,prc_hicp_fpd,EL,2020-03,2026-09-17T11:00:00+0200,2026-09-28T01:56:21+00:00,efedfe4956a2e0cf7910deaeaaa53bc36544798722f6679874577ac63fe46c29
hicp_inflation_first_release,cost_of_living,GR,M,2020-04-01,2020-04-30,-0.9,percent change on same month of previous year,,,FIN,"",eurostat,prc_hicp_fpd,EL,2020-04,2026-09-17T11:00:00+0200,2026-09-28T01:56:21+00:00,efedfe4956a2e0cf7910deaeaaa53bc36544798722f6679874577ac63fe46c29
hicp_inflation_first_release,cost_of_living,GR,M,2020-05-01,2020-05-31,-0.7,percent change on same month of previous year,,,FIN,"",eurostat,prc_hicp_fpd,EL,2020-05,2026-09-17T11:00:00+0200,2026-09-28T01:56:21+00:00,efedfe4956a2e0cf7910deaeaaa53bc36544798722f6679874577ac63fe46c29
hicp_inflation_first_release,cost_of_living,GR,M,2020-06-01,2020-06-30,-1.9,percent change on same month of previous year,,,FIN,"",eurostat,prc_hicp_fpd,EL,2020-06,2026-09-17T11:00:00+0200,2026-09-28T01:56:21+00:00,efedfe4956a2e0cf7910deaeaaa53bc36544798722f6679874577ac63fe46c29
hicp_inflation_first_release,cost_of_living,GR,M,2020-07-01,2020-07-31,-2.1,percent change on same month of previous year,,,FIN,"",eurostat,prc_hicp_fpd,EL,2020-07,2026-09-17T11:00:00+0200,2026-09-28T01:56:21+00:00,efedfe4956a2e0cf7910deaeaaa53bc36544798722f6679874577ac63fe46c29
hicp_inflation_first_release,cost_of_living,GR,M,2020-08-01,2020-08-31,-2.2,percent change on same month of previous year,,,FIN,"",eurostat,prc_hicp_fpd,EL,2020-08,2026-09-17T11:00:00+0200,2026-09-28T01:56:21+00:00,efedfe4956a2e0cf7910deaeaaa53bc36544798722f6679874577ac63fe46c29
hicp_inflation_first_release,cost_of_living,GR,M,2020-09-01,2020-09-30,-2.3,percent change on same month of previous year,,,FIN,"",eurostat,prc_hicp_fpd,EL,2020-09,2026-09-17T11:00:00+0200,2026-09-28T01:56:21+00:00,efedfe4956a2e0cf7910deaeaaa53bc36544798722f6679874577ac63fe46c29
hicp_inflation_first_release,cost_of_living,GR,M,2020-10-01,2020-10-31,-2.0,percent change on same month of previous year,,,FIN,"",eurostat,prc_hicp_fpd,EL,2020-10,2026-09-17T11:00:00+0200,2026-09-28T01:56:21+00:00,efedfe4956a2e0cf7910deaeaaa53bc36544798722f6679874577ac63fe46c29
hicp_inflation_first_release,cost_of_living,GR,M,2020-11-01,2020-11-30,-2.1,percent change on same month of previous year,,,FIN,"",eurostat,prc_hicp_fpd,EL,2020-11,2026-09-17T11:00:00+0200,2026-09-28T01:56:21+00:00,efedfe4956a2e0cf7910deaeaaa53bc36544798722f6679874577ac63fe46c29
hicp_inflation_first_release,cost_of_living,GR,M,2020-12-01,2020-12-31,-2.4,percent change on same month of previous year,,,FIN,"",eurostat,prc_hicp_fpd,EL,2020-12,2026-09-17T11:00:00+0200,2026-09-28T01:56:21+00:00,efedfe4956a2e0cf7910deaeaaa53bc36544798722f6679874577ac63fe46c29
hicp_inflation_first_release,cost_of_living,GR,M,2021-01-01,2021-01-31,-2.4,percent change on same month of previous year,,,FIN,"",eurostat,prc_hicp_fpd,EL,2021-01,2026-09-17T11:00:00+0200,2026-09-28T01:56:21+00:00,efedfe4956a2e0cf7910deaeaaa53bc36544798722f6679874577ac63fe46c29
hicp_inflation_first_release,cost_of_living,GR,M,2021-02-01,2021-02-28,-1.9,percent change on same month of previous year,,,FIN,"",eurostat,prc_hicp_fpd,EL,2021-02,2026-09-17T11:00:00+0200,2026-09-28T01:56:21+00:00,efedfe4956a2e0cf7910deaeaaa53bc36544798722f6679874577ac63fe46c29
hicp_inflation_first_release,cost_of_living,GR,M,2021-03-01,2021-03-31,-2.0,percent change on same month of previous year,,,FIN,"",eurostat,prc_hicp_fpd,EL,2021-03,2026-09-17T11:00:00+0200,2026-09-28T01:56:21+00:00,efedfe4956a2e0cf7910deaeaaa53bc36544798722f6679874577ac63fe46c29
hicp_inflation_first_release,cost_of_living,GR,M,2021-04-01,2021-04-30,-1.1,percent change on same month of previous year,,,FIN,"",eurostat,prc_hicp_fpd,EL,2021-04,2026-09-17T11:00:00+0200,2026-09-28T01:56:21+00:00,efedfe4956a2e0cf7910deaeaaa53bc36544798722f6679874577ac63fe46c29
hicp_inflation_first_release,cost_of_living,GR,M,2021-05-01,2021-05-31,-1.2,percent change on same month of previous year,,,FIN,"",eurostat,prc_hicp_fpd,EL,2021-05,2026-09-17T11:00:00+0200,2026-09-28T01:56:21+00:00,efedfe4956a2e0cf7910deaeaaa53bc36544798722f6679874577ac63fe46c29
hicp_inflation_first_release,cost_of_living,GR,M,2021-06-01,2021-06-30,0.6,percent change on same month of previous year,,,FIN,"",eurostat,prc_hicp_fpd,EL,2021-06,2026-09-17T11:00:00+0200,2026-09-28T01:56:21+00:00,efedfe4956a2e0cf7910deaeaaa53bc36544798722f6679874577ac63fe46c29
hicp_inflation_first_release,cost_of_living,GR,M,2021-07-01,2021-07-31,0.7,percent change on same month of previous year,,,FIN,"",eurostat,prc_hicp_fpd,EL,2021-07,2026-09-17T11:00:00+0200,2026-09-28T01:56:21+00:00,efedfe4956a2e0cf7910deaeaaa53bc36544798722f6679874577ac63fe46c29
hicp_inflation_first_release,cost_of_living,GR,M,2021-08-01,2021-08-31,1.2,percent change on same month of previous year,,,FIN,"",eurostat,prc_hicp_fpd,EL,2021-08,2026-09-17T11:00:00+0200,2026-09-28T01:56:21+00:00,efedfe4956a2e0cf7910deaeaaa53bc36544798722f6679874577ac63fe46c29
hicp_inflation_first_release,cost_of_living,GR,M,2021-09-01,2021-09-30,1.9,percent change on same month of previous year,,,FIN,"",eurostat,prc_hicp_fpd,EL,2021-09,2026-09-17T11:00:00+0200,2026-09-28T01:56:21+00:00,efedfe4956a2e0cf7910deaeaaa53bc36544798722f6679874577ac63fe46c29
hicp_inflation_first_release,cost_of_living,GR,M,2021-10-01,2021-10-31,2.8,percent change on same month of previous year,,,FIN,"",eurostat,prc_hicp_fpd,EL,2021-10,2026-09-17T11:00:00+0200,2026-09-28T01:56:21+00:00,efedfe4956a2e0cf7910deaeaaa53bc36544798722f6679874577ac63fe46c29
hicp_inflation_first_release,cost_of_living,GR,M,2021-11-01,2021-11-30,4.0,percent change on same month of previous year,,,FIN,"",eurostat,prc_hicp_fpd,EL,2021-11,2026-09-17T11:00:00+0200,2026-09-28T01:56:21+00:00,efedfe4956a2e0cf7910deaeaaa53bc36544798722f6679874577ac63fe46c29
hicp_inflation_first_release,cost_of_living,GR,M,2021-12-01,2021-12-31,4.4,percent change on same month of previous year,,,FIN,"",eurostat,prc_hicp_fpd,EL,2021-12,2026-09-17T11:00:00+0200,2026-09-28T01:56:21+00:00,efedfe4956a2e0cf7910deaeaaa53bc36544798722f6679874577ac63fe46c29
hicp_inflation_first_release,cost_of_living,GR,M,2022-01-01,2022-01-31,5.5,percent change on same month of previous year,,,FIN,"",eurostat,prc_hicp_fpd,EL,2022-01,2026-09-17T11:00:00+0200,2026-09-28T01:56:21+00:00,efedfe4956a2e0cf7910deaeaaa53bc36544798722f6679874577ac63fe46c29
hicp_inflation_first_release,cost_of_living,GR,M,2022-02-01,2022-02-28,6.3,percent change on same month of previous year,,,FIN,"",eurostat,prc_hicp_fpd,EL,2022-02,2026-09-17T11:00:00+0200,2026-09-28T01:56:21+00:00,efedfe4956a2e0cf7910deaeaaa53bc36544798722f6679874577ac63fe46c29
hicp_inflation_first_release,cost_of_living,GR,M,2022-03-01,2022-03-31,8.0,percent change on same month of previous year,,,FIN,"",eurostat,prc_hicp_fpd,EL,2022-03,2026-09-17T11:00:00+0200,2026-09-28T01:56:21+00:00,efedfe4956a2e0cf7910deaeaaa53bc36544798722f6679874577ac63fe46c29
hicp_inflation_first_release,cost_of_living,GR,M,2022-04-01,2022-04-30,9.1,percent change on same month of previous year,,,FIN,"",eurostat,prc_hicp_fpd,EL,2022-04,2026-09-17T11:00:00+0200,2026-09-28T01:56:21+00:00,efedfe4956a2e0cf7910deaeaaa53bc36544798722f6679874577ac63fe46c29
hicp_inflation_first_release,cost_of_living,GR,M,2022-05-01,2022-05-31,10.5,percent change on same month of previous year,,,FIN,"",eurostat,prc_hicp_fpd,EL,2022-05,2026-09-17T11:00:00+0200,2026-09-28T01:56:21+00:00,efedfe4956a2e0cf7910deaeaaa53bc36544798722f6679874577ac63fe46c29
hicp_inflation_first_release,cost_of_living,GR,M,2022-06-01,2022-06-30,11.6,percent change on same month of previous year,,,FIN,"",eurostat,prc_hicp_fpd,EL,2022-06,2026-09-17T11:00:00+0200,2026-09-28T01:56:21+00:00,efedfe4956a2e0cf7910deaeaaa53bc36544798722f6679874577ac63fe46c29
hicp_inflation_first_release,cost_of_living,GR,M,2022-07-01,2022-07-31,11.3,percent change on same month of previous year,,,FIN,"",eurostat,prc_hicp_fpd,EL,2022-07,2026-09-17T11:00:00+0200,2026-09-28T01:56:21+00:00,efedfe4956a2e0cf7910deaeaaa53bc36544798722f6679874577ac63fe46c29
hicp_inflation_first_release,cost_of_living,GR,M,2022-08-01,2022-08-31,11.2,percent change on same month of previous year,,,FIN,"",eurostat,prc_hicp_fpd,EL,2022-08,2026-09-17T11:00:00+0200,2026-09-28T01:56:21+00:00,efedfe4956a2e0cf7910deaeaaa53bc36544798722f6679874577ac63fe46c29
hicp_inflation_first_release,cost_of_living,GR,M,2022-09-01,2022-09-30,12.1,percent change on same month of previous year,,,FIN,"",eurostat,prc_hicp_fpd,EL,2022-09,2026-09-17T11:00:00+0200,2026-09-28T01:56:21+00:00,efedfe4956a2e0cf7910deaeaaa53bc36544798722f6679874577ac63fe46c29
hicp_inflation_first_release,cost_of_living,GR,M,2022-10-01,2022-10-31,9.5,percent change on same month of previous year,,,FIN,"",eurostat,prc_hicp_fpd,EL,2022-10,2026-09-17T11:00:00+0200,2026-09-28T01:56:21+00:00,efedfe4956a2e0cf7910deaeaaa53bc36544798722f6679874577ac63fe46c29
hicp_inflation_first_release,cost_of_living,GR,M,2022-11-01,2022-11-30,8.8,percent change on same month of previous year,,,FIN,"",eurostat,prc_hicp_fpd,EL,2022-11,2026-09-17T11:00:00+0200,2026-09-28T01:56:21+00:00,efedfe4956a2e0cf7910deaeaaa53bc36544798722f6679874577ac63fe46c29
hicp_inflation_first_release,cost_of_living,GR,M,2022-12-01,2022-12-31,7.6,percent change on same month of previous year,,,FIN,"",eurostat,prc_hicp_fpd,EL,2022-12,2026-09-17T11:00:00+0200,2026-09-28T01:56:21+00:00,efedfe4956a2e0cf7910deaeaaa53bc36544798722f6679874577ac63fe46c29
hicp_inflation_first_release,cost_of_living,GR,M,2023-01-01,2023-01-31,7.3,percent change on same month of previous year,,,FIN,"",eurostat,prc_hicp_fpd,EL,2023-01,2026-09-17T11:00:00+0200,2026-09-28T01:56:21+00:00,efedfe4956a2e0cf7910deaeaaa53bc36544798722f6679874577ac63fe46c29
hicp_inflation_first_release,cost_of_living,GR,M,2023-02-01,2023-02-28,6.5,percent change on same month of previous year,,,FIN,"",eurostat,prc_hicp_fpd,EL,2023-02,2026-09-17T11:00:00+0200,2026-09-28T01:56:21+00:00,efedfe4956a2e0cf7910deaeaaa53bc36544798722f6679874577ac63fe46c29
hicp_inflation_first_release,cost_of_living,GR,M,2023-03-01,2023-03-31,5.4,percent change on same month of previous year,,,FIN,"",eurostat,prc_hicp_fpd,EL,2023-03,2026-09-17T11:00:00+0200,2026-09-28T01:56:21+00:00,efedfe4956a2e0cf7910deaeaaa53bc36544798722f6679874577ac63fe46c29
hicp_inflation_first_release,cost_of_living,GR,M,2023-04-01,2023-04-30,4.5,percent change on same month of previous year,,,FIN,"",eurostat,prc_hicp_fpd,EL,2023-04,2026-09-17T11:00:00+0200,2026-09-28T01:56:21+00:00,efedfe4956a2e0cf7910deaeaaa53bc36544798722f6679874577ac63fe46c29
hicp_inflation_first_release,cost_of_living,GR,M,2023-05-01,2023-05-31,4.1,percent change on same month of previous year,,,FIN,"",eurostat,prc_hicp_fpd,EL,2023-05,2026-09-17T11:00:00+0200,2026-09-28T01:56:21+00:00,efedfe4956a2e0cf7910deaeaaa53bc36544798722f6679874577ac63fe46c29
hicp_inflation_first_release,cost_of_living,GR,M,2023-06-01,2023-06-30,2.8,percent change on same month of previous year,,,FIN,"",eurostat,prc_hicp_fpd,EL,2023-06,2026-09-17T11:00:00+0200,2026-09-28T01:56:21+00:00,efedfe4956a2e0cf7910deaeaaa53bc36544798722f6679874577ac63fe46c29
hicp_inflation_first_release,cost_of_living,GR,M,2023-07-01,2023-07-31,3.5,percent change on same month of previous year,,,FIN,"",eurostat,prc_hicp_fpd,EL,2023-07,2026-09-17T11:00:00+0200,2026-09-28T01:56:21+00:00,efedfe4956a2e0cf7910deaeaaa53bc36544798722f6679874577ac63fe46c29
hicp_inflation_first_release,cost_of_living,GR,M,2023-08-01,2023-08-31,3.5,percent change on same month of previous year,,,FIN,"",eurostat,prc_hicp_fpd,EL,2023-08,2026-09-17T11:00:00+0200,2026-09-28T01:56:21+00:00,efedfe4956a2e0cf7910deaeaaa53bc36544798722f6679874577ac63fe46c29
hicp_inflation_first_release,cost_of_living,GR,M,2023-09-01,2023-09-30,2.4,percent change on same month of previous year,,,FIN,"",eurostat,prc_hicp_fpd,EL,2023-09,2026-09-17T11:00:00+0200,2026-09-28T01:56:21+00:00,efedfe4956a2e0cf7910deaeaaa53bc36544798722f6679874577ac63fe46c29
hicp_inflation_first_release,cost_of_living,GR,M,2023-10-01,2023-10-31,3.8,percent change on same month of previous year,,,FIN,"",eurostat,prc_hicp_fpd,EL,2023-10,2026-09-17T11:00:00+0200,2026-09-28T01:56:21+00:00,efedfe4956a2e0cf7910deaeaaa53bc36544798722f6679874577ac63fe46c29
hicp_inflation_first_release,cost_of_living,GR,M,2023-11-01,2023-11-30,2.9,percent change on same month of previous year,,,FIN,"",eurostat,prc_hicp_fpd,EL,2023-11,2026-09-17T11:00:00+0200,2026-09-28T01:56:21+00:00,efedfe4956a2e0cf7910deaeaaa53bc36544798722f6679874577ac63fe46c29
hicp_inflation_first_release,cost_of_living,GR,M,2023-12-01,2023-12-31,3.7,percent change on same month of previous year,,,FIN,"",eurostat,prc_hicp_fpd,EL,2023-12,2026-09-17T11:00:00+0200,2026-09-28T01:56:21+00:00,efedfe4956a2e0cf7910deaeaaa53bc36544798722f6679874577ac63fe46c29
hicp_inflation_first_release,cost_of_living,GR,M,2024-01-01,2024-01-31,3.2,percent change on same month of previous year,,,FIN,"",eurostat,prc_hicp_fpd,EL,2024-01,2026-09-17T11:00:00+0200,2026-09-28T01:56:21+00:00,efedfe4956a2e0cf7910deaeaaa53bc36544798722f6679874577ac63fe46c29
hicp_inflation_first_release,cost_of_living,GR,M,2024-02-01,2024-02-29,3.1,percent change on same month of previous year,,,FIN,"",eurostat,prc_hicp_fpd,EL,2024-02,2026-09-17T11:00:00+0200,2026-09-28T01:56:21+00:00,efedfe4956a2e0cf7910deaeaaa53bc36544798722f6679874577ac63fe46c29
hicp_inflation_first_release,cost_of_living,GR,M,2024-03-01,2024-03-31,3.4,percent change on same month of previous year,,,FIN,"",eurostat,prc_hicp_fpd,EL,2024-03,2026-09-17T11:00:00+0200,2026-09-28T01:56:21+00:00,efedfe4956a2e0cf7910deaeaaa53bc36544798722f6679874577ac63fe46c29
hicp_inflation_first_release,cost_of_living,GR,M,2024-04-01,2024-04-30,3.2,percent change on same month of previous year,,,FIN,"",eurostat,prc_hicp_fpd,EL,2024-04,2026-09-17T11:00:00+0200,2026-09-28T01:56:21+00:00,efedfe4956a2e0cf7910deaeaaa53bc36544798722f6679874577ac63fe46c29
hicp_inflation_first_release,cost_of_living,GR,M,2024-05-01,2024-05-31,2.4,percent change on same month of previous year,,,FIN,"",eurostat,prc_hicp_fpd,EL,2024-05,2026-09-17T11:00:00+0200,2026-09-28T01:56:21+00:00,efedfe4956a2e0cf7910deaeaaa53bc36544798722f6679874577ac63fe46c29
hicp_inflation_first_release,cost_of_living,GR,M,2024-06-01,2024-06-30,2.5,percent change on same month of previous year,,,FIN,"",eurostat,prc_hicp_fpd,EL,2024-06,2026-09-17T11:00:00+0200,2026-09-28T01:56:21+00:00,efedfe4956a2e0cf7910deaeaaa53bc36544798722f6679874577ac63fe46c29
hicp_inflation_first_release,cost_of_living,GR,M,2024-07-01,2024-07-31,3.0,percent change on same month of previous year,,,FIN,"",eurostat,prc_hicp_fpd,EL,2024-07,2026-09-17T11:00:00+0200,2026-09-28T01:56:21+00:00,efedfe4956a2e0cf7910deaeaaa53bc36544798722f6679874577ac63fe46c29
hicp_inflation_first_release,cost_of_living,GR,M,2024-08-01,2024-08-31,3.2,percent change on same month of previous year,,,FIN,"",eurostat,prc_hicp_fpd,EL,2024-08,2026-09-17T11:00:00+0200,2026-09-28T01:56:21+00:00,efedfe4956a2e0cf7910deaeaaa53bc36544798722f6679874577ac63fe46c29
hicp_inflation_first_release,cost_of_living,GR,M,2024-09-01,2024-09-30,3.1,percent change on same month of previous year,,,FIN,"",eurostat,prc_hicp_fpd,EL,2024-09,2026-09-17T11:00:00+0200,2026-09-28T01:56:21+00:00,efedfe4956a2e0cf7910deaeaaa53bc36544798722f6679874577ac63fe46c29
hicp_inflation_first_release,cost_of_living,GR,M,2024-10-01,2024-10-31,3.1,percent change on same month of previous year,,,FIN,"",eurostat,prc_hicp_fpd,EL,2024-10,2026-09-17T11:00:00+0200,2026-09-28T01:56:21+00:00,efedfe4956a2e0cf7910deaeaaa53bc36544798722f6679874577ac63fe46c29
hicp_inflation_first_release,cost_of_living,GR,M,2024-11-01,2024-11-30,3.0,percent change on same month of previous year,,,FIN,"",eurostat,prc_hicp_fpd,EL,2024-11,2026-09-17T11:00:00+0200,2026-09-28T01:56:21+00:00,efedfe4956a2e0cf7910deaeaaa53bc36544798722f6679874577ac63fe46c29
hicp_inflation_first_release,cost_of_living,GR,M,2024-12-01,2024-12-31,2.9,percent change on same month of previous year,,,FIN,"",eurostat,prc_hicp_fpd,EL,2024-12,2026-09-17T11:00:00+0200,2026-09-28T01:56:21+00:00,efedfe4956a2e0cf7910deaeaaa53bc36544798722f6679874577ac63fe46c29
hicp_inflation_first_release,cost_of_living,GR,M,2025-01-01,2025-01-31,3.1,percent change on same month of previous year,,,FIN,"",eurostat,prc_hicp_fpd,EL,2025-01,2026-09-17T11:00:00+0200,2026-09-28T01:56:21+00:00,efedfe4956a2e0cf7910deaeaaa53bc36544798722f6679874577ac63fe46c29
hicp_inflation_first_release,cost_of_living,GR,M,2025-02-01,2025-02-28,3.0,percent change on same month of previous year,,,FIN,"",eurostat,prc_hicp_fpd,EL,2025-02,2026-09-17T11:00:00+0200,2026-09-28T01:56:21+00:00,efedfe4956a2e0cf7910deaeaaa53bc36544798722f6679874577ac63fe46c29
hicp_inflation_first_release,cost_of_living,GR,M,2025-03-01,2025-03-31,3.1,percent change on same month of previous year,,,FIN,"",eurostat,prc_hicp_fpd,EL,2025-03,2026-09-17T11:00:00+0200,2026-09-28T01:56:21+00:00,efedfe4956a2e0cf7910deaeaaa53bc36544798722f6679874577ac63fe46c29
hicp_inflation_first_release,cost_of_living,GR,M,2025-04-01,2025-04-30,2.6,percent change on same month of previous year,,,FIN,"",eurostat,prc_hicp_fpd,EL,2025-04,2026-09-17T11:00:00+0200,2026-09-28T01:56:21+00:00,efedfe4956a2e0cf7910deaeaaa53bc36544798722f6679874577ac63fe46c29
hicp_inflation_first_release,cost_of_living,GR,M,2025-05-01,2025-05-31,3.3,percent change on same month of previous year,,,FIN,"",eurostat,prc_hicp_fpd,EL,2025-05,2026-09-17T11:00:00+0200,2026-09-28T01:56:21+00:00,efedfe4956a2e0cf7910deaeaaa53bc36544798722f6679874577ac63fe46c29
hicp_inflation_first_release,cost_of_living,GR,M,2025-06-01,2025-06-30,3.6,percent change on same month of previous year,,,FIN,"",eurostat,prc_hicp_fpd,EL,2025-06,2026-09-17T11:00:00+0200,2026-09-28T01:56:21+00:00,efedfe4956a2e0cf7910deaeaaa53bc36544798722f6679874577ac63fe46c29
hicp_inflation_first_release,cost_of_living,GR,M,2025-07-01,2025-07-31,3.7,percent change on same month of previous year,,,FIN,"",eurostat,prc_hicp_fpd,EL,2025-07,2026-09-17T11:00:00+0200,2026-09-28T01:56:21+00:00,efedfe4956a2e0cf7910deaeaaa53bc36544798722f6679874577ac63fe46c29
hicp_inflation_first_release,cost_of_living,GR,M,2025-08-01,2025-08-31,3.1,percent change on same month of previous year,,,FIN,"",eurostat,prc_hicp_fpd,EL,2025-08,2026-09-17T11:00:00+0200,2026-09-28T01:56:21+00:00,efedfe4956a2e0cf7910deaeaaa53bc36544798722f6679874577ac63fe46c29
hicp_inflation_first_release,cost_of_living,GR,M,2025-09-01,2025-09-30,1.8,percent change on same month of previous year,,,FIN,"",eurostat,prc_hicp_fpd,EL,2025-09,2026-09-17T11:00:00+0200,2026-09-28T01:56:21+00:00,efedfe4956a2e0cf7910deaeaaa53bc36544798722f6679874577ac63fe46c29
hicp_inflation_first_release,cost_of_living,GR,M,2025-10-01,2025-10-31,1.6,percent change on same month of previous year,,,FIN,"",eurostat,prc_hicp_fpd,EL,2025-10,2026-09-17T11:00:00+0200,2026-09-28T01:56:21+00:00,efedfe4956a2e0cf7910deaeaaa53bc36544798722f6679874577ac63fe46c29
hicp_inflation_first_release,cost_of_living,GR,M,2025-11-01,2025-11-30,2.8,percent change on same month of previous year,,,FIN,"",eurostat,prc_hicp_fpd,EL,2025-11,2026-09-17T11:00:00+0200,2026-09-28T01:56:21+00:00,efedfe4956a2e0cf7910deaeaaa53bc36544798722f6679874577ac63fe46c29
hicp_inflation_first_release,cost_of_living,GR,M,2025-12-01,2025-12-31,2.9,percent change on same month of previous year,,,FIN,"",eurostat,prc_hicp_fpd,EL,2025-12,2026-09-17T11:00:00+0200,2026-09-28T01:56:21+00:00,efedfe4956a2e0cf7910deaeaaa53bc36544798722f6679874577ac63fe46c29
hicp_inflation_first_release,cost_of_living,GR,M,2026-01-01,2026-01-31,2.9,percent change on same month of previous year,,,FIN,"",eurostat,prc_hicp_fpd,EL,2026-01,2026-09-17T11:00:00+0200,2026-09-28T01:56:21+00:00,efedfe4956a2e0cf7910deaeaaa53bc36544798722f6679874577ac63fe46c29
hicp_inflation_first_release,cost_of_living,GR,M,2026-02-01,2026-02-28,3.1,percent change on same month of previous year,,,FIN,"",eurostat,prc_hicp_fpd,EL,2026-02,2026-09-17T11:00:00+0200,2026-09-28T01:56:21+00:00,efedfe4956a2e0cf7910deaeaaa53bc36544798722f6679874577ac63fe46c29
hicp_inflation_first_release,cost_of_living,GR,M,2026-03-01,2026-03-31,3.4,percent change on same month of previous year,,,FIN,"",eurostat,prc_hicp_fpd,EL,2026-03,2026-09-17T11:00:00+0200,2026-09-28T01:56:21+00:00,efedfe4956a2e0cf7910deaeaaa53bc36544798722f6679874577ac63fe46c29
hicp_inflation_first_release,cost_of_living,GR,M,2026-04-01,2026-04-30,4.6,percent change on same month of previous year,,,FIN,"",eurostat,prc_hicp_fpd,EL,2026-04,2026-09-17T11:00:00+0200,2026-09-28T01:56:21+00:00,efedfe4956a2e0cf7910deaeaaa53bc36544798722f6679874577ac63fe46c29
hicp_inflation_first_release,cost_of_living,GR,M,2026-05-01,2026-05-31,4.9,percent change on same month of previous year,,,FIN,"",eurostat,prc_hicp_fpd,EL,2026-05,2026-09-17T11:00:00+0200,2026-09-28T01:56:21+00:00,efedfe4956a2e0cf7910deaeaaa53bc36544798722f6679874577ac63fe46c29
hicp_inflation_first_release,cost_of_living,GR,M,2026-06-01,2026-06-30,3.9,percent change on same month of previous year,,,FIN,"",eurostat,prc_hicp_fpd,EL,2026-06,2026-09-17T11:00:00+0200,2026-09-28T01:56:21+00:00,efedfe4956a2e0cf7910deaeaaa53bc36544798722f6679874577ac63fe46c29
hicp_inflation_first_release,cost_of_living,GR,M,2026-07-01,2026-07-31,2.7,percent change on same month of previous year,,,FIN,"",eurostat,prc_hicp_fpd,EL,2026-07,2026-09-17T11:00:00+0200,2026-09-28T01:56:21+00:00,efedfe4956a2e0cf7910deaeaaa53bc36544798722f6679874577ac63fe46c29
hicp_inflation_first_release,cost_of_living,GR,M,2026-08-01,2026-08-31,3.7,percent change on same month of previous year,,,FIN,"",eurostat,prc_hicp_fpd,EL,2026-08,2026-09-17T11:00:00+0200,2026-09-28T01:56:21+00:00,efedfe4956a2e0cf7910deaeaaa53bc36544798722f6679874577ac63fe46c29
hicp_inflation_first_release,cost_of_living,GR,M,2026-01-01,2026-01-31,2.8,percent change on same month of previous year,,,FLS,"",eurostat,prc_hicp_fpd,EL,2026-01,2026-09-17T11:00:00+0200,2026-09-28T01:56:21+00:00,efedfe4956a2e0cf7910deaeaaa53bc36544798722f6679874577ac63fe46c29
hicp_inflation_first_release,cost_of_living,GR,M,2026-02-01,2026-02-28,3.0,percent change on same month of previous year,,,FLS,"",eurostat,prc_hicp_fpd,EL,2026-02,2026-09-17T11:00:00+0200,2026-09-28T01:56:21+00:00,efedfe4956a2e0cf7910deaeaaa53bc36544798722f6679874577ac63fe46c29
hicp_inflation_first_release,cost_of_living,GR,M,2026-03-01,2026-03-31,3.3,percent change on same month of previous year,e,estimated,FLS,EX_STATUS_FLAGGED,eurostat,prc_hicp_fpd,EL,2026-03,2026-09-17T11:00:00+0200,2026-09-28T01:56:21+00:00,efedfe4956a2e0cf7910deaeaaa53bc36544798722f6679874577ac63fe46c29
hicp_inflation_first_release,cost_of_living,GR,M,2026-04-01,2026-04-30,4.6,percent change on same month of previous year,e,estimated,FLS,EX_STATUS_FLAGGED,eurostat,prc_hicp_fpd,EL,2026-04,2026-09-17T11:00:00+0200,2026-09-28T01:56:21+00:00,efedfe4956a2e0cf7910deaeaaa53bc36544798722f6679874577ac63fe46c29
hicp_inflation_first_release,cost_of_living,GR,M,2026-05-01,2026-05-31,5.0,percent change on same month of previous year,e,estimated,FLS,EX_STATUS_FLAGGED,eurostat,prc_hicp_fpd,EL,2026-05,2026-09-17T11:00:00+0200,2026-09-28T01:56:21+00:00,efedfe4956a2e0cf7910deaeaaa53bc36544798722f6679874577ac63fe46c29
hicp_inflation_first_release,cost_of_living,GR,M,2026-06-01,2026-06-30,3.9,percent change on same month of previous year,e,estimated,FLS,EX_STATUS_FLAGGED,eurostat,prc_hicp_fpd,EL,2026-06,2026-09-17T11:00:00+0200,2026-09-28T01:56:21+00:00,efedfe4956a2e0cf7910deaeaaa53bc36544798722f6679874577ac63fe46c29
hicp_inflation_first_release,cost_of_living,GR,M,2026-07-01,2026-07-31,2.7,percent change on same month of previous year,e,estimated,FLS,EX_STATUS_FLAGGED,eurostat,prc_hicp_fpd,EL,2026-07,2026-09-17T11:00:00+0200,2026-09-28T01:56:21+00:00,efedfe4956a2e0cf7910deaeaaa53bc36544798722f6679874577ac63fe46c29
hicp_inflation_first_release,cost_of_living,GR,M,2026-08-01,2026-08-31,3.7,percent change on same month of previous year,e,estimated,FLS,EX_STATUS_FLAGGED,eurostat,prc_hicp_fpd,EL,2026-08,2026-09-17T11:00:00+0200,2026-09-28T01:56:21+00:00,efedfe4956a2e0cf7910deaeaaa53bc36544798722f6679874577ac63fe46c29
hicp_inflation_first_release,cost_of_living,IE,M,2019-01-01,2019-01-31,0.8,percent change on same month of previous year,,,FIN,"",eurostat,prc_hicp_fpd,IE,2019-01,2026-09-17T11:00:00+0200,2026-09-28T01:56:21+00:00,efedfe4956a2e0cf7910deaeaaa53bc36544798722f6679874577ac63fe46c29
hicp_inflation_first_release,cost_of_living,IE,M,2019-02-01,2019-02-28,0.8,percent change on same month of previous year,,,FIN,"",eurostat,prc_hicp_fpd,IE,2019-02,2026-09-17T11:00:00+0200,2026-09-28T01:56:21+00:00,efedfe4956a2e0cf7910deaeaaa53bc36544798722f6679874577ac63fe46c29
hicp_inflation_first_release,cost_of_living,IE,M,2019-03-01,2019-03-31,1.1,percent change on same month of previous year,,,FIN,"",eurostat,prc_hicp_fpd,IE,2019-03,2026-09-17T11:00:00+0200,2026-09-28T01:56:21+00:00,efedfe4956a2e0cf7910deaeaaa53bc36544798722f6679874577ac63fe46c29
hicp_inflation_first_release,cost_of_living,IE,M,2019-04-01,2019-04-30,1.7,percent change on same month of previous year,,,FIN,"",eurostat,prc_hicp_fpd,IE,2019-04,2026-09-17T11:00:00+0200,2026-09-28T01:56:21+00:00,efedfe4956a2e0cf7910deaeaaa53bc36544798722f6679874577ac63fe46c29
hicp_inflation_first_release,cost_of_living,IE,M,2019-05-01,2019-05-31,1.0,percent change on same month of previous year,,,FIN,"",eurostat,prc_hicp_fpd,IE,2019-05,2026-09-17T11:00:00+0200,2026-09-28T01:56:21+00:00,efedfe4956a2e0cf7910deaeaaa53bc36544798722f6679874577ac63fe46c29
hicp_inflation_first_release,cost_of_living,IE,M,2019-06-01,2019-06-30,1.1,percent change on same month of previous year,,,FIN,"",eurostat,prc_hicp_fpd,IE,2019-06,2026-09-17T11:00:00+0200,2026-09-28T01:56:21+00:00,efedfe4956a2e0cf7910deaeaaa53bc36544798722f6679874577ac63fe46c29
hicp_inflation_first_release,cost_of_living,IE,M,2019-07-01,2019-07-31,0.4,percent change on same month of previous year,,,FIN,"",eurostat,prc_hicp_fpd,IE,2019-07,2026-09-17T11:00:00+0200,2026-09-28T01:56:21+00:00,efedfe4956a2e0cf7910deaeaaa53bc36544798722f6679874577ac63fe46c29
hicp_inflation_first_release,cost_of_living,IE,M,2019-08-01,2019-08-31,0.5,percent change on same month of previous year,,,FIN,"",eurostat,prc_hicp_fpd,IE,2019-08,2026-09-17T11:00:00+0200,2026-09-28T01:56:21+00:00,efedfe4956a2e0cf7910deaeaaa53bc36544798722f6679874577ac63fe46c29
hicp_inflation_first_release,cost_of_living,IE,M,2019-09-01,2019-09-30,0.6,percent change on same month of previous year,,,FIN,"",eurostat,prc_hicp_fpd,IE,2019-09,2026-09-17T11:00:00+0200,2026-09-28T01:56:21+00:00,efedfe4956a2e0cf7910deaeaaa53bc36544798722f6679874577ac63fe46c29
hicp_inflation_first_release,cost_of_living,IE,M,2019-10-01,2019-10-31,0.6,percent change on same month of previous year,,,FIN,"",eurostat,prc_hicp_fpd,IE,2019-10,2026-09-17T11:00:00+0200,2026-09-28T01:56:21+00:00,efedfe4956a2e0cf7910deaeaaa53bc36544798722f6679874577ac63fe46c29
hicp_inflation_first_release,cost_of_living,IE,M,2019-11-01,2019-11-30,0.8,percent change on same month of previous year,,,FIN,"",eurostat,prc_hicp_fpd,IE,2019-11,2026-09-17T11:00:00+0200,2026-09-28T01:56:21+00:00,efedfe4956a2e0cf7910deaeaaa53bc36544798722f6679874577ac63fe46c29
hicp_inflation_first_release,cost_of_living,IE,M,2019-12-01,2019-12-31,1.1,percent change on same month of previous year,,,FIN,"",eurostat,prc_hicp_fpd,IE,2019-12,2026-09-17T11:00:00+0200,2026-09-28T01:56:21+00:00,efedfe4956a2e0cf7910deaeaaa53bc36544798722f6679874577ac63fe46c29
hicp_inflation_first_release,cost_of_living,IE,M,2020-01-01,2020-01-31,1.1,percent change on same month of previous year,,,FIN,"",eurostat,prc_hicp_fpd,IE,2020-01,2026-09-17T11:00:00+0200,2026-09-28T01:56:21+00:00,efedfe4956a2e0cf7910deaeaaa53bc36544798722f6679874577ac63fe46c29
hicp_inflation_first_release,cost_of_living,IE,M,2020-02-01,2020-02-29,0.9,percent change on same month of previous year,,,FIN,"",eurostat,prc_hicp_fpd,IE,2020-02,2026-09-17T11:00:00+0200,2026-09-28T01:56:21+00:00,efedfe4956a2e0cf7910deaeaaa53bc36544798722f6679874577ac63fe46c29
hicp_inflation_first_release,cost_of_living,IE,M,2020-03-01,2020-03-31,0.5,percent change on same month of previous year,,,FIN,"",eurostat,prc_hicp_fpd,IE,2020-03,2026-09-17T11:00:00+0200,2026-09-28T01:56:21+00:00,efedfe4956a2e0cf7910deaeaaa53bc36544798722f6679874577ac63fe46c29
hicp_inflation_first_release,cost_of_living,IE,M,2020-04-01,2020-04-30,-0.3,percent change on same month of previous year,,,FIN,"",eurostat,prc_hicp_fpd,IE,2020-04,2026-09-17T11:00:00+0200,2026-09-28T01:56:21+00:00,efedfe4956a2e0cf7910deaeaaa53bc36544798722f6679874577ac63fe46c29
hicp_inflation_first_release,cost_of_living,IE,M,2020-05-01,2020-05-31,-0.8,percent change on same month of previous year,,,FIN,"",eurostat,prc_hicp_fpd,IE,2020-05,2026-09-17T11:00:00+0200,2026-09-28T01:56:21+00:00,efedfe4956a2e0cf7910deaeaaa53bc36544798722f6679874577ac63fe46c29
hicp_inflation_first_release,cost_of_living,IE,M,2020-06-01,2020-06-30,-0.7,percent change on same month of previous year,,,FIN,"",eurostat,prc_hicp_fpd,IE,2020-06,2026-09-17T11:00:00+0200,2026-09-28T01:56:21+00:00,efedfe4956a2e0cf7910deaeaaa53bc36544798722f6679874577ac63fe46c29
hicp_inflation_first_release,cost_of_living,IE,M,2020-07-01,2020-07-31,-0.5,percent change on same month of previous year,,,FIN,"",eurostat,prc_hicp_fpd,IE,2020-07,2026-09-17T11:00:00+0200,2026-09-28T01:56:21+00:00,efedfe4956a2e0cf7910deaeaaa53bc36544798722f6679874577ac63fe46c29
hicp_inflation_first_release,cost_of_living,IE,M,2020-08-01,2020-08-31,-1.1,percent change on same month of previous year,,,FIN,"",eurostat,prc_hicp_fpd,IE,2020-08,2026-09-17T11:00:00+0200,2026-09-28T01:56:21+00:00,efedfe4956a2e0cf7910deaeaaa53bc36544798722f6679874577ac63fe46c29
hicp_inflation_first_release,cost_of_living,IE,M,2020-09-01,2020-09-30,-1.2,percent change on same month of previous year,,,FIN,"",eurostat,prc_hicp_fpd,IE,2020-09,2026-09-17T11:00:00+0200,2026-09-28T01:56:21+00:00,efedfe4956a2e0cf7910deaeaaa53bc36544798722f6679874577ac63fe46c29
hicp_inflation_first_release,cost_of_living,IE,M,2020-10-01,2020-10-31,-1.5,percent change on same month of previous year,,,FIN,"",eurostat,prc_hicp_fpd,IE,2020-10,2026-09-17T11:00:00+0200,2026-09-28T01:56:21+00:00,efedfe4956a2e0cf7910deaeaaa53bc36544798722f6679874577ac63fe46c29
hicp_inflation_first_release,cost_of_living,IE,M,2020-11-01,2020-11-30,-1.0,percent change on same month of previous year,,,FIN,"",eurostat,prc_hicp_fpd,IE,2020-11,2026-09-17T11:00:00+0200,2026-09-28T01:56:21+00:00,efedfe4956a2e0cf7910deaeaaa53bc36544798722f6679874577ac63fe46c29
hicp_inflation_first_release,cost_of_living,IE,M,2020-12-01,2020-12-31,-1.0,percent change on same month of previous year,,,FIN,"",eurostat,prc_hicp_fpd,IE,2020-12,2026-09-17T11:00:00+0200,2026-09-28T01:56:21+00:00,efedfe4956a2e0cf7910deaeaaa53bc36544798722f6679874577ac63fe46c29
hicp_inflation_first_release,cost_of_living,IE,M,2021-01-01,2021-01-31,-0.1,percent change on same month of previous year,,,FIN,"",eurostat,prc_hicp_fpd,IE,2021-01,2026-09-17T11:00:00+0200,2026-09-28T01:56:21+00:00,efedfe4956a2e0cf7910deaeaaa53bc36544798722f6679874577ac63fe46c29
hicp_inflation_first_release,cost_of_living,IE,M,2021-02-01,2021-02-28,-0.4,percent change on same month of previous year,,,FIN,"",eurostat,prc_hicp_fpd,IE,2021-02,2026-09-17T11:00:00+0200,2026-09-28T01:56:21+00:00,efedfe4956a2e0cf7910deaeaaa53bc36544798722f6679874577ac63fe46c29
hicp_inflation_first_release,cost_of_living,IE,M,2021-03-01,2021-03-31,0.1,percent change on same month of previous year,,,FIN,"",eurostat,prc_hicp_fpd,IE,2021-03,2026-09-17T11:00:00+0200,2026-09-28T01:56:21+00:00,efedfe4956a2e0cf7910deaeaaa53bc36544798722f6679874577ac63fe46c29
hicp_inflation_first_release,cost_of_living,IE,M,2021-04-01,2021-04-30,1.1,percent change on same month of previous year,,,FIN,"",eurostat,prc_hicp_fpd,IE,2021-04,2026-09-17T11:00:00+0200,2026-09-28T01:56:21+00:00,efedfe4956a2e0cf7910deaeaaa53bc36544798722f6679874577ac63fe46c29
hicp_inflation_first_release,cost_of_living,IE,M,2021-05-01,2021-05-31,1.9,percent change on same month of previous year,,,FIN,"",eurostat,prc_hicp_fpd,IE,2021-05,2026-09-17T11:00:00+0200,2026-09-28T01:56:21+00:00,efedfe4956a2e0cf7910deaeaaa53bc36544798722f6679874577ac63fe46c29
hicp_inflation_first_release,cost_of_living,IE,M,2021-06-01,2021-06-30,1.6,percent change on same month of previous year,,,FIN,"",eurostat,prc_hicp_fpd,IE,2021-06,2026-09-17T11:00:00+0200,2026-09-28T01:56:21+00:00,efedfe4956a2e0cf7910deaeaaa53bc36544798722f6679874577ac63fe46c29
hicp_inflation_first_release,cost_of_living,IE,M,2021-07-01,2021-07-31,2.1,percent change on same month of previous year,,,FIN,"",eurostat,prc_hicp_fpd,IE,2021-07,2026-09-17T11:00:00+0200,2026-09-28T01:56:21+00:00,efedfe4956a2e0cf7910deaeaaa53bc36544798722f6679874577ac63fe46c29
hicp_inflation_first_release,cost_of_living,IE,M,2021-08-01,2021-08-31,3.0,percent change on same month of previous year,,,FIN,"",eurostat,prc_hicp_fpd,IE,2021-08,2026-09-17T11:00:00+0200,2026-09-28T01:56:21+00:00,efedfe4956a2e0cf7910deaeaaa53bc36544798722f6679874577ac63fe46c29
hicp_inflation_first_release,cost_of_living,IE,M,2021-09-01,2021-09-30,3.8,percent change on same month of previous year,,,FIN,"",eurostat,prc_hicp_fpd,IE,2021-09,2026-09-17T11:00:00+0200,2026-09-28T01:56:21+00:00,efedfe4956a2e0cf7910deaeaaa53bc36544798722f6679874577ac63fe46c29
hicp_inflation_first_release,cost_of_living,IE,M,2021-10-01,2021-10-31,5.1,percent change on same month of previous year,,,FIN,"",eurostat,prc_hicp_fpd,IE,2021-10,2026-09-17T11:00:00+0200,2026-09-28T01:56:21+00:00,efedfe4956a2e0cf7910deaeaaa53bc36544798722f6679874577ac63fe46c29
hicp_inflation_first_release,cost_of_living,IE,M,2021-11-01,2021-11-30,5.4,percent change on same month of previous year,,,FIN,"",eurostat,prc_hicp_fpd,IE,2021-11,2026-09-17T11:00:00+0200,2026-09-28T01:56:21+00:00,efedfe4956a2e0cf7910deaeaaa53bc36544798722f6679874577ac63fe46c29
hicp_inflation_first_release,cost_of_living,IE,M,2021-12-01,2021-12-31,5.7,percent change on same month of previous year,,,FIN,"",eurostat,prc_hicp_fpd,IE,2021-12,2026-09-17T11:00:00+0200,2026-09-28T01:56:21+00:00,efedfe4956a2e0cf7910deaeaaa53bc36544798722f6679874577ac63fe46c29
hicp_inflation_first_release,cost_of_living,IE,M,2022-01-01,2022-01-31,5.1,percent change on same month of previous year,,,FIN,"",eurostat,prc_hicp_fpd,IE,2022-01,2026-09-17T11:00:00+0200,2026-09-28T01:56:21+00:00,efedfe4956a2e0cf7910deaeaaa53bc36544798722f6679874577ac63fe46c29
hicp_inflation_first_release,cost_of_living,IE,M,2022-02-01,2022-02-28,5.7,percent change on same month of previous year,,,FIN,"",eurostat,prc_hicp_fpd,IE,2022-02,2026-09-17T11:00:00+0200,2026-09-28T01:56:21+00:00,efedfe4956a2e0cf7910deaeaaa53bc36544798722f6679874577ac63fe46c29
hicp_inflation_first_release,cost_of_living,IE,M,2022-03-01,2022-03-31,7.0,percent change on same month of previous year,,,FIN,"",eurostat,prc_hicp_fpd,IE,2022-03,2026-09-17T11:00:00+0200,2026-09-28T01:56:21+00:00,efedfe4956a2e0cf7910deaeaaa53bc36544798722f6679874577ac63fe46c29
hicp_inflation_first_release,cost_of_living,IE,M,2022-04-01,2022-04-30,7.3,percent change on same month of previous year,,,FIN,"",eurostat,prc_hicp_fpd,IE,2022-04,2026-09-17T11:00:00+0200,2026-09-28T01:56:21+00:00,efedfe4956a2e0cf7910deaeaaa53bc36544798722f6679874577ac63fe46c29
hicp_inflation_first_release,cost_of_living,IE,M,2022-05-01,2022-05-31,8.2,percent change on same month of previous year,,,FIN,"",eurostat,prc_hicp_fpd,IE,2022-05,2026-09-17T11:00:00+0200,2026-09-28T01:56:21+00:00,efedfe4956a2e0cf7910deaeaaa53bc36544798722f6679874577ac63fe46c29
hicp_inflation_first_release,cost_of_living,IE,M,2022-06-01,2022-06-30,9.5,percent change on same month of previous year,,,FIN,"",eurostat,prc_hicp_fpd,IE,2022-06,2026-09-17T11:00:00+0200,2026-09-28T01:56:21+00:00,efedfe4956a2e0cf7910deaeaaa53bc36544798722f6679874577ac63fe46c29
hicp_inflation_first_release,cost_of_living,IE,M,2022-07-01,2022-07-31,9.7,percent change on same month of previous year,,,FIN,"",eurostat,prc_hicp_fpd,IE,2022-07,2026-09-17T11:00:00+0200,2026-09-28T01:56:21+00:00,efedfe4956a2e0cf7910deaeaaa53bc36544798722f6679874577ac63fe46c29
hicp_inflation_first_release,cost_of_living,IE,M,2022-08-01,2022-08-31,9.1,percent change on same month of previous year,,,FIN,"",eurostat,prc_hicp_fpd,IE,2022-08,2026-09-17T11:00:00+0200,2026-09-28T01:56:21+00:00,efedfe4956a2e0cf7910deaeaaa53bc36544798722f6679874577ac63fe46c29
hicp_inflation_first_release,cost_of_living,IE,M,2022-09-01,2022-09-30,8.6,percent change on same month of previous year,,,FIN,"",eurostat,prc_hicp_fpd,IE,2022-09,2026-09-17T11:00:00+0200,2026-09-28T01:56:21+00:00,efedfe4956a2e0cf7910deaeaaa53bc36544798722f6679874577ac63fe46c29
hicp_inflation_first_release,cost_of_living,IE,M,2022-10-01,2022-10-31,9.4,percent change on same month of previous year,,,FIN,"",eurostat,prc_hicp_fpd,IE,2022-10,2026-09-17T11:00:00+0200,2026-09-28T01:56:21+00:00,efedfe4956a2e0cf7910deaeaaa53bc36544798722f6679874577ac63fe46c29
hicp_inflation_first_release,cost_of_living,IE,M,2022-11-01,2022-11-30,9.0,percent change on same month of previous year,,,FIN,"",eurostat,prc_hicp_fpd,IE,2022-11,2026-09-17T11:00:00+0200,2026-09-28T01:56:21+00:00,efedfe4956a2e0cf7910deaeaaa53bc36544798722f6679874577ac63fe46c29
hicp_inflation_first_release,cost_of_living,IE,M,2022-12-01,2022-12-31,8.2,percent change on same month of previous year,,,FIN,"",eurostat,prc_hicp_fpd,IE,2022-12,2026-09-17T11:00:00+0200,2026-09-28T01:56:21+00:00,efedfe4956a2e0cf7910deaeaaa53bc36544798722f6679874577ac63fe46c29
hicp_inflation_first_release,cost_of_living,IE,M,2023-01-01,2023-01-31,7.5,percent change on same month of previous year,,,FIN,"",eurostat,prc_hicp_fpd,IE,2023-01,2026-09-17T11:00:00+0200,2026-09-28T01:56:21+00:00,efedfe4956a2e0cf7910deaeaaa53bc36544798722f6679874577ac63fe46c29
hicp_inflation_first_release,cost_of_living,IE,M,2023-02-01,2023-02-28,8.1,percent change on same month of previous year,,,FIN,"",eurostat,prc_hicp_fpd,IE,2023-02,2026-09-17T11:00:00+0200,2026-09-28T01:56:21+00:00,efedfe4956a2e0cf7910deaeaaa53bc36544798722f6679874577ac63fe46c29
hicp_inflation_first_release,cost_of_living,IE,M,2023-03-01,2023-03-31,7.0,percent change on same month of previous year,,,FIN,"",eurostat,prc_hicp_fpd,IE,2023-03,2026-09-17T11:00:00+0200,2026-09-28T01:56:21+00:00,efedfe4956a2e0cf7910deaeaaa53bc36544798722f6679874577ac63fe46c29
hicp_inflation_first_release,cost_of_living,IE,M,2023-04-01,2023-04-30,6.2,percent change on same month of previous year,,,FIN,"",eurostat,prc_hicp_fpd,IE,2023-04,2026-09-17T11:00:00+0200,2026-09-28T01:56:21+00:00,efedfe4956a2e0cf7910deaeaaa53bc36544798722f6679874577ac63fe46c29
hicp_inflation_first_release,cost_of_living,IE,M,2023-05-01,2023-05-31,5.4,percent change on same month of previous year,,,FIN,"",eurostat,prc_hicp_fpd,IE,2023-05,2026-09-17T11:00:00+0200,2026-09-28T01:56:21+00:00,efedfe4956a2e0cf7910deaeaaa53bc36544798722f6679874577ac63fe46c29
hicp_inflation_first_release,cost_of_living,IE,M,2023-06-01,2023-06-30,4.9,percent change on same month of previous year,,,FIN,"",eurostat,prc_hicp_fpd,IE,2023-06,2026-09-17T11:00:00+0200,2026-09-28T01:56:21+00:00,efedfe4956a2e0cf7910deaeaaa53bc36544798722f6679874577ac63fe46c29
hicp_inflation_first_release,cost_of_living,IE,M,2023-07-01,2023-07-31,4.5,percent change on same month of previous year,,,FIN,"",eurostat,prc_hicp_fpd,IE,2023-07,2026-09-17T11:00:00+0200,2026-09-28T01:56:21+00:00,efedfe4956a2e0cf7910deaeaaa53bc36544798722f6679874577ac63fe46c29
hicp_inflation_first_release,cost_of_living,IE,M,2023-08-01,2023-08-31,4.9,percent change on same month of previous year,,,FIN,"",eurostat,prc_hicp_fpd,IE,2023-08,2026-09-17T11:00:00+0200,2026-09-28T01:56:21+00:00,efedfe4956a2e0cf7910deaeaaa53bc36544798722f6679874577ac63fe46c29
hicp_inflation_first_release,cost_of_living,IE,M,2023-09-01,2023-09-30,5.0,percent change on same month of previous year,,,FIN,"",eurostat,prc_hicp_fpd,IE,2023-09,2026-09-17T11:00:00+0200,2026-09-28T01:56:21+00:00,efedfe4956a2e0cf7910deaeaaa53bc36544798722f6679874577ac63fe46c29
hicp_inflation_first_release,cost_of_living,IE,M,2023-10-01,2023-10-31,3.6,percent change on same month of previous year,,,FIN,"",eurostat,prc_hicp_fpd,IE,2023-10,2026-09-17T11:00:00+0200,2026-09-28T01:56:21+00:00,efedfe4956a2e0cf7910deaeaaa53bc36544798722f6679874577ac63fe46c29
hicp_inflation_first_release,cost_of_living,IE,M,2023-11-01,2023-11-30,2.4,percent change on same month of previous year,,,FIN,"",eurostat,prc_hicp_fpd,IE,2023-11,2026-09-17T11:00:00+0200,2026-09-28T01:56:21+00:00,efedfe4956a2e0cf7910deaeaaa53bc36544798722f6679874577ac63fe46c29
hicp_inflation_first_release,cost_of_living,IE,M,2023-12-01,2023-12-31,3.2,percent change on same month of previous year,,,FIN,"",eurostat,prc_hicp_fpd,IE,2023-12,2026-09-17T11:00:00+0200,2026-09-28T01:56:21+00:00,efedfe4956a2e0cf7910deaeaaa53bc36544798722f6679874577ac63fe46c29
hicp_inflation_first_release,cost_of_living,IE,M,2024-01-01,2024-01-31,2.8,percent change on same month of previous year,,,FIN,"",eurostat,prc_hicp_fpd,IE,2024-01,2026-09-17T11:00:00+0200,2026-09-28T01:56:21+00:00,efedfe4956a2e0cf7910deaeaaa53bc36544798722f6679874577ac63fe46c29
hicp_inflation_first_release,cost_of_living,IE,M,2024-02-01,2024-02-29,2.3,percent change on same month of previous year,,,FIN,"",eurostat,prc_hicp_fpd,IE,2024-02,2026-09-17T11:00:00+0200,2026-09-28T01:56:21+00:00,efedfe4956a2e0cf7910deaeaaa53bc36544798722f6679874577ac63fe46c29
hicp_inflation_first_release,cost_of_living,IE,M,2024-03-01,2024-03-31,1.7,percent change on same month of previous year,,,FIN,"",eurostat,prc_hicp_fpd,IE,2024-03,2026-09-17T11:00:00+0200,2026-09-28T01:56:21+00:00,efedfe4956a2e0cf7910deaeaaa53bc36544798722f6679874577ac63fe46c29
hicp_inflation_first_release,cost_of_living,IE,M,2024-04-01,2024-04-30,1.6,percent change on same month of previous year,,,FIN,"",eurostat,prc_hicp_fpd,IE,2024-04,2026-09-17T11:00:00+0200,2026-09-28T01:56:21+00:00,efedfe4956a2e0cf7910deaeaaa53bc36544798722f6679874577ac63fe46c29
hicp_inflation_first_release,cost_of_living,IE,M,2024-05-01,2024-05-31,1.9,percent change on same month of previous year,,,FIN,"",eurostat,prc_hicp_fpd,IE,2024-05,2026-09-17T11:00:00+0200,2026-09-28T01:56:21+00:00,efedfe4956a2e0cf7910deaeaaa53bc36544798722f6679874577ac63fe46c29
hicp_inflation_first_release,cost_of_living,IE,M,2024-06-01,2024-06-30,1.5,percent change on same month of previous year,,,FIN,"",eurostat,prc_hicp_fpd,IE,2024-06,2026-09-17T11:00:00+0200,2026-09-28T01:56:21+00:00,efedfe4956a2e0cf7910deaeaaa53bc36544798722f6679874577ac63fe46c29
hicp_inflation_first_release,cost_of_living,IE,M,2024-07-01,2024-07-31,1.5,percent change on same month of previous year,,,FIN,"",eurostat,prc_hicp_fpd,IE,2024-07,2026-09-17T11:00:00+0200,2026-09-28T01:56:21+00:00,efedfe4956a2e0cf7910deaeaaa53bc36544798722f6679874577ac63fe46c29
hicp_inflation_first_release,cost_of_living,IE,M,2024-08-01,2024-08-31,1.1,percent change on same month of previous year,,,FIN,"",eurostat,prc_hicp_fpd,IE,2024-08,2026-09-17T11:00:00+0200,2026-09-28T01:56:21+00:00,efedfe4956a2e0cf7910deaeaaa53bc36544798722f6679874577ac63fe46c29
hicp_inflation_first_release,cost_of_living,IE,M,2024-09-01,2024-09-30,0.0,percent change on same month of previous year,,,FIN,"",eurostat,prc_hicp_fpd,IE,2024-09,2026-09-17T11:00:00+0200,2026-09-28T01:56:21+00:00,efedfe4956a2e0cf7910deaeaaa53bc36544798722f6679874577ac63fe46c29
hicp_inflation_first_release,cost_of_living,IE,M,2024-10-01,2024-10-31,0.2,percent change on same month of previous year,,,FIN,"",eurostat,prc_hicp_fpd,IE,2024-10,2026-09-17T11:00:00+0200,2026-09-28T01:56:21+00:00,efedfe4956a2e0cf7910deaeaaa53bc36544798722f6679874577ac63fe46c29
hicp_inflation_first_release,cost_of_living,IE,M,2024-11-01,2024-11-30,0.5,percent change on same month of previous year,,,FIN,"",eurostat,prc_hicp_fpd,IE,2024-11,2026-09-17T11:00:00+0200,2026-09-28T01:56:21+00:00,efedfe4956a2e0cf7910deaeaaa53bc36544798722f6679874577ac63fe46c29
hicp_inflation_first_release,cost_of_living,IE,M,2024-12-01,2024-12-31,1.0,percent change on same month of previous year,,,FIN,"",eurostat,prc_hicp_fpd,IE,2024-12,2026-09-17T11:00:00+0200,2026-09-28T01:56:21+00:00,efedfe4956a2e0cf7910deaeaaa53bc36544798722f6679874577ac63fe46c29
hicp_inflation_first_release,cost_of_living,IE,M,2025-01-01,2025-01-31,1.7,percent change on same month of previous year,,,FIN,"",eurostat,prc_hicp_fpd,IE,2025-01,2026-09-17T11:00:00+0200,2026-09-28T01:56:21+00:00,efedfe4956a2e0cf7910deaeaaa53bc36544798722f6679874577ac63fe46c29
hicp_inflation_first_release,cost_of_living,IE,M,2025-02-01,2025-02-28,1.5,percent change on same month of previous year,,,FIN,"",eurostat,prc_hicp_fpd,IE,2025-02,2026-09-17T11:00:00+0200,2026-09-28T01:56:21+00:00,efedfe4956a2e0cf7910deaeaaa53bc36544798722f6679874577ac63fe46c29
hicp_inflation_first_release,cost_of_living,IE,M,2025-03-01,2025-03-31,1.8,percent change on same month of previous year,,,FIN,"",eurostat,prc_hicp_fpd,IE,2025-03,2026-09-17T11:00:00+0200,2026-09-28T01:56:21+00:00,efedfe4956a2e0cf7910deaeaaa53bc36544798722f6679874577ac63fe46c29
hicp_inflation_first_release,cost_of_living,IE,M,2025-04-01,2025-04-30,2.1,percent change on same month of previous year,,,FIN,"",eurostat,prc_hicp_fpd,IE,2025-04,2026-09-17T11:00:00+0200,2026-09-28T01:56:21+00:00,efedfe4956a2e0cf7910deaeaaa53bc36544798722f6679874577ac63fe46c29
hicp_inflation_first_release,cost_of_living,IE,M,2025-05-01,2025-05-31,1.4,percent change on same month of previous year,,,FIN,"",eurostat,prc_hicp_fpd,IE,2025-05,2026-09-17T11:00:00+0200,2026-09-28T01:56:21+00:00,efedfe4956a2e0cf7910deaeaaa53bc36544798722f6679874577ac63fe46c29
hicp_inflation_first_release,cost_of_living,IE,M,2025-06-01,2025-06-30,1.6,percent change on same month of previous year,,,FIN,"",eurostat,prc_hicp_fpd,IE,2025-06,2026-09-17T11:00:00+0200,2026-09-28T01:56:21+00:00,efedfe4956a2e0cf7910deaeaaa53bc36544798722f6679874577ac63fe46c29
hicp_inflation_first_release,cost_of_living,IE,M,2025-07-01,2025-07-31,1.6,percent change on same month of previous year,,,FIN,"",eurostat,prc_hicp_fpd,IE,2025-07,2026-09-17T11:00:00+0200,2026-09-28T01:56:21+00:00,efedfe4956a2e0cf7910deaeaaa53bc36544798722f6679874577ac63fe46c29
hicp_inflation_first_release,cost_of_living,IE,M,2025-08-01,2025-08-31,1.9,percent change on same month of previous year,,,FIN,"",eurostat,prc_hicp_fpd,IE,2025-08,2026-09-17T11:00:00+0200,2026-09-28T01:56:21+00:00,efedfe4956a2e0cf7910deaeaaa53bc36544798722f6679874577ac63fe46c29
hicp_inflation_first_release,cost_of_living,IE,M,2025-09-01,2025-09-30,2.7,percent change on same month of previous year,,,FIN,"",eurostat,prc_hicp_fpd,IE,2025-09,2026-09-17T11:00:00+0200,2026-09-28T01:56:21+00:00,efedfe4956a2e0cf7910deaeaaa53bc36544798722f6679874577ac63fe46c29
hicp_inflation_first_release,cost_of_living,IE,M,2025-10-01,2025-10-31,2.8,percent change on same month of previous year,,,FIN,"",eurostat,prc_hicp_fpd,IE,2025-10,2026-09-17T11:00:00+0200,2026-09-28T01:56:21+00:00,efedfe4956a2e0cf7910deaeaaa53bc36544798722f6679874577ac63fe46c29
hicp_inflation_first_release,cost_of_living,IE,M,2025-11-01,2025-11-30,3.1,percent change on same month of previous year,,,FIN,"",eurostat,prc_hicp_fpd,IE,2025-11,2026-09-17T11:00:00+0200,2026-09-28T01:56:21+00:00,efedfe4956a2e0cf7910deaeaaa53bc36544798722f6679874577ac63fe46c29
hicp_inflation_first_release,cost_of_living,IE,M,2025-12-01,2025-12-31,2.7,percent change on same month of previous year,,,FIN,"",eurostat,prc_hicp_fpd,IE,2025-12,2026-09-17T11:00:00+0200,2026-09-28T01:56:21+00:00,efedfe4956a2e0cf7910deaeaaa53bc36544798722f6679874577ac63fe46c29
hicp_inflation_first_release,cost_of_living,IE,M,2026-01-01,2026-01-31,2.5,percent change on same month of previous year,,,FIN,"",eurostat,prc_hicp_fpd,IE,2026-01,2026-09-17T11:00:00+0200,2026-09-28T01:56:21+00:00,efedfe4956a2e0cf7910deaeaaa53bc36544798722f6679874577ac63fe46c29
hicp_inflation_first_release,cost_of_living,IE,M,2026-02-01,2026-02-28,2.5,percent change on same month of previous year,,,FIN,"",eurostat,prc_hicp_fpd,IE,2026-02,2026-09-17T11:00:00+0200,2026-09-28T01:56:21+00:00,efedfe4956a2e0cf7910deaeaaa53bc36544798722f6679874577ac63fe46c29
hicp_inflation_first_release,cost_of_living,IE,M,2026-03-01,2026-03-31,3.6,percent change on same month of previous year,,,FIN,"",eurostat,prc_hicp_fpd,IE,2026-03,2026-09-17T11:00:00+0200,2026-09-28T01:56:21+00:00,efedfe4956a2e0cf7910deaeaaa53bc36544798722f6679874577ac63fe46c29
hicp_inflation_first_release,cost_of_living,IE,M,2026-04-01,2026-04-30,3.6,percent change on same month of previous year,,,FIN,"",eurostat,prc_hicp_fpd,IE,2026-04,2026-09-17T11:00:00+0200,2026-09-28T01:56:21+00:00,efedfe4956a2e0cf7910deaeaaa53bc36544798722f6679874577ac63fe46c29
hicp_inflation_first_release,cost_of_living,IE,M,2026-05-01,2026-05-31,3.5,percent change on same month of previous year,,,FIN,"",eurostat,prc_hicp_fpd,IE,2026-05,2026-09-17T11:00:00+0200,2026-09-28T01:56:21+00:00,efedfe4956a2e0cf7910deaeaaa53bc36544798722f6679874577ac63fe46c29
hicp_inflation_first_release,cost_of_living,IE,M,2026-06-01,2026-06-30,3.2,percent change on same month of previous year,,,FIN,"",eurostat,prc_hicp_fpd,IE,2026-06,2026-09-17T11:00:00+0200,2026-09-28T01:56:21+00:00,efedfe4956a2e0cf7910deaeaaa53bc36544798722f6679874577ac63fe46c29
hicp_inflation_first_release,cost_of_living,IE,M,2026-07-01,2026-07-31,3.1,percent change on same month of previous year,,,FIN,"",eurostat,prc_hicp_fpd,IE,2026-07,2026-09-17T11:00:00+0200,2026-09-28T01:56:21+00:00,efedfe4956a2e0cf7910deaeaaa53bc36544798722f6679874577ac63fe46c29
hicp_inflation_first_release,cost_of_living,IE,M,2026-08-01,2026-08-31,3.4,percent change on same month of previous year,,,FIN,"",eurostat,prc_hicp_fpd,IE,2026-08,2026-09-17T11:00:00+0200,2026-09-28T01:56:21+00:00,efedfe4956a2e0cf7910deaeaaa53bc36544798722f6679874577ac63fe46c29
hicp_inflation_first_release,cost_of_living,IE,M,2026-01-01,2026-01-31,2.6,percent change on same month of previous year,e,estimated,FLS,EX_STATUS_FLAGGED,eurostat,prc_hicp_fpd,IE,2026-01,2026-09-17T11:00:00+0200,2026-09-28T01:56:21+00:00,efedfe4956a2e0cf7910deaeaaa53bc36544798722f6679874577ac63fe46c29
hicp_inflation_first_release,cost_of_living,IE,M,2026-02-01,2026-02-28,2.4,percent change on same month of previous year,e,estimated,FLS,EX_STATUS_FLAGGED,eurostat,prc_hicp_fpd,IE,2026-02,2026-09-17T11:00:00+0200,2026-09-28T01:56:21+00:00,efedfe4956a2e0cf7910deaeaaa53bc36544798722f6679874577ac63fe46c29
hicp_inflation_first_release,cost_of_living,IE,M,2026-03-01,2026-03-31,3.6,percent change on same month of previous year,e,estimated,FLS,EX_STATUS_FLAGGED,eurostat,prc_hicp_fpd,IE,2026-03,2026-09-17T11:00:00+0200,2026-09-28T01:56:21+00:00,efedfe4956a2e0cf7910deaeaaa53bc36544798722f6679874577ac63fe46c29
hicp_inflation_first_release,cost_of_living,IE,M,2026-04-01,2026-04-30,3.6,percent change on same month of previous year,e,estimated,FLS,EX_STATUS_FLAGGED,eurostat,prc_hicp_fpd,IE,2026-04,2026-09-17T11:00:00+0200,2026-09-28T01:56:21+00:00,efedfe4956a2e0cf7910deaeaaa53bc36544798722f6679874577ac63fe46c29
hicp_inflation_first_release,cost_of_living,IE,M,2026-05-01,2026-05-31,3.5,percent change on same month of previous year,e,estimated,FLS,EX_STATUS_FLAGGED,eurostat,prc_hicp_fpd,IE,2026-05,2026-09-17T11:00:00+0200,2026-09-28T01:56:21+00:00,efedfe4956a2e0cf7910deaeaaa53bc36544798722f6679874577ac63fe46c29
hicp_inflation_first_release,cost_of_living,IE,M,2026-06-01,2026-06-30,3.2,percent change on same month of previous year,e,estimated,FLS,EX_STATUS_FLAGGED,eurostat,prc_hicp_fpd,IE,2026-06,2026-09-17T11:00:00+0200,2026-09-28T01:56:21+00:00,efedfe4956a2e0cf7910deaeaaa53bc36544798722f6679874577ac63fe46c29
hicp_inflation_first_release,cost_of_living,IE,M,2026-07-01,2026-07-31,3.1,percent change on same month of previous year,e,estimated,FLS,EX_STATUS_FLAGGED,eurostat,prc_hicp_fpd,IE,2026-07,2026-09-17T11:00:00+0200,2026-09-28T01:56:21+00:00,efedfe4956a2e0cf7910deaeaaa53bc36544798722f6679874577ac63fe46c29
hicp_inflation_first_release,cost_of_living,IE,M,2026-08-01,2026-08-31,3.4,percent change on same month of previous year,e,estimated,FLS,EX_STATUS_FLAGGED,eurostat,prc_hicp_fpd,IE,2026-08,2026-09-17T11:00:00+0200,2026-09-28T01:56:21+00:00,efedfe4956a2e0cf7910deaeaaa53bc36544798722f6679874577ac63fe46c29
hicp_inflation_first_release,cost_of_living,IT,M,2019-01-01,2019-01-31,1.0,percent change on same month of previous year,,,FIN,"",eurostat,prc_hicp_fpd,IT,2019-01,2026-09-17T11:00:00+0200,2026-09-28T01:56:21+00:00,efedfe4956a2e0cf7910deaeaaa53bc36544798722f6679874577ac63fe46c29
hicp_inflation_first_release,cost_of_living,IT,M,2019-02-01,2019-02-28,1.1,percent change on same month of previous year,,,FIN,"",eurostat,prc_hicp_fpd,IT,2019-02,2026-09-17T11:00:00+0200,2026-09-28T01:56:21+00:00,efedfe4956a2e0cf7910deaeaaa53bc36544798722f6679874577ac63fe46c29
hicp_inflation_first_release,cost_of_living,IT,M,2019-03-01,2019-03-31,1.1,percent change on same month of previous year,,,FIN,"",eurostat,prc_hicp_fpd,IT,2019-03,2026-09-17T11:00:00+0200,2026-09-28T01:56:21+00:00,efedfe4956a2e0cf7910deaeaaa53bc36544798722f6679874577ac63fe46c29
hicp_inflation_first_release,cost_of_living,IT,M,2019-04-01,2019-04-30,1.1,percent change on same month of previous year,,,FIN,"",eurostat,prc_hicp_fpd,IT,2019-04,2026-09-17T11:00:00+0200,2026-09-28T01:56:21+00:00,efedfe4956a2e0cf7910deaeaaa53bc36544798722f6679874577ac63fe46c29
hicp_inflation_first_release,cost_of_living,IT,M,2019-05-01,2019-05-31,1.0,percent change on same month of previous year,,,FIN,"",eurostat,prc_hicp_fpd,IT,2019-05,2026-09-17T11:00:00+0200,2026-09-28T01:56:21+00:00,efedfe4956a2e0cf7910deaeaaa53bc36544798722f6679874577ac63fe46c29
hicp_inflation_first_release,cost_of_living,IT,M,2019-06-01,2019-06-30,0.7,percent change on same month of previous year,,,FIN,"",eurostat,prc_hicp_fpd,IT,2019-06,2026-09-17T11:00:00+0200,2026-09-28T01:56:21+00:00,efedfe4956a2e0cf7910deaeaaa53bc36544798722f6679874577ac63fe46c29
hicp_inflation_first_release,cost_of_living,IT,M,2019-07-01,2019-07-31,0.2,percent change on same month of previous year,,,FIN,"",eurostat,prc_hicp_fpd,IT,2019-07,2026-09-17T11:00:00+0200,2026-09-28T01:56:21+00:00,efedfe4956a2e0cf7910deaeaaa53bc36544798722f6679874577ac63fe46c29
hicp_inflation_first_release,cost_of_living,IT,M,2019-08-01,2019-08-31,0.5,percent change on same month of previous year,,,FIN,"",eurostat,prc_hicp_fpd,IT,2019-08,2026-09-17T11:00:00+0200,2026-09-28T01:56:21+00:00,efedfe4956a2e0cf7910deaeaaa53bc36544798722f6679874577ac63fe46c29
hicp_inflation_first_release,cost_of_living,IT,M,2019-09-01,2019-09-30,0.2,percent change on same month of previous year,,,FIN,"",eurostat,prc_hicp_fpd,IT,2019-09,2026-09-17T11:00:00+0200,2026-09-28T01:56:21+00:00,efedfe4956a2e0cf7910deaeaaa53bc36544798722f6679874577ac63fe46c29
hicp_inflation_first_release,cost_of_living,IT,M,2019-10-01,2019-10-31,0.2,percent change on same month of previous year,,,FIN,"",eurostat,prc_hicp_fpd,IT,2019-10,2026-09-17T11:00:00+0200,2026-09-28T01:56:21+00:00,efedfe4956a2e0cf7910deaeaaa53bc36544798722f6679874577ac63fe46c29
hicp_inflation_first_release,cost_of_living,IT,M,2019-11-01,2019-11-30,0.2,percent change on same month of previous year,,,FIN,"",eurostat,prc_hicp_fpd,IT,2019-11,2026-09-17T11:00:00+0200,2026-09-28T01:56:21+00:00,efedfe4956a2e0cf7910deaeaaa53bc36544798722f6679874577ac63fe46c29
hicp_inflation_first_release,cost_of_living,IT,M,2019-12-01,2019-12-31,0.5,percent change on same month of previous year,,,FIN,"",eurostat,prc_hicp_fpd,IT,2019-12,2026-09-17T11:00:00+0200,2026-09-28T01:56:21+00:00,efedfe4956a2e0cf7910deaeaaa53bc36544798722f6679874577ac63fe46c29
hicp_inflation_first_release,cost_of_living,IT,M,2020-01-01,2020-01-31,0.4,percent change on same month of previous year,,,FIN,"",eurostat,prc_hicp_fpd,IT,2020-01,2026-09-17T11:00:00+0200,2026-09-28T01:56:21+00:00,efedfe4956a2e0cf7910deaeaaa53bc36544798722f6679874577ac63fe46c29
hicp_inflation_first_release,cost_of_living,IT,M,2020-02-01,2020-02-29,0.1,percent change on same month of previous year,,,FIN,"",eurostat,prc_hicp_fpd,IT,2020-02,2026-09-17T11:00:00+0200,2026-09-28T01:56:21+00:00,efedfe4956a2e0cf7910deaeaaa53bc36544798722f6679874577ac63fe46c29
hicp_inflation_first_release,cost_of_living,IT,M,2020-03-01,2020-03-31,0.1,percent change on same month of previous year,,,FIN,"",eurostat,prc_hicp_fpd,IT,2020-03,2026-09-17T11:00:00+0200,2026-09-28T01:56:21+00:00,efedfe4956a2e0cf7910deaeaaa53bc36544798722f6679874577ac63fe46c29
hicp_inflation_first_release,cost_of_living,IT,M,2020-04-01,2020-04-30,0.1,percent change on same month of previous year,,,FIN,"",eurostat,prc_hicp_fpd,IT,2020-04,2026-09-17T11:00:00+0200,2026-09-28T01:56:21+00:00,efedfe4956a2e0cf7910deaeaaa53bc36544798722f6679874577ac63fe46c29
hicp_inflation_first_release,cost_of_living,IT,M,2020-05-01,2020-05-31,-0.4,percent change on same month of previous year,,,FIN,"",eurostat,prc_hicp_fpd,IT,2020-05,2026-09-17T11:00:00+0200,2026-09-28T01:56:21+00:00,efedfe4956a2e0cf7910deaeaaa53bc36544798722f6679874577ac63fe46c29
hicp_inflation_first_release,cost_of_living,IT,M,2020-06-01,2020-06-30,-0.4,percent change on same month of previous year,,,FIN,"",eurostat,prc_hicp_fpd,IT,2020-06,2026-09-17T11:00:00+0200,2026-09-28T01:56:21+00:00,efedfe4956a2e0cf7910deaeaaa53bc36544798722f6679874577ac63fe46c29
hicp_inflation_first_release,cost_of_living,IT,M,2020-07-01,2020-07-31,0.7,percent change on same month of previous year,,,FIN,"",eurostat,prc_hicp_fpd,IT,2020-07,2026-09-17T11:00:00+0200,2026-09-28T01:56:21+00:00,efedfe4956a2e0cf7910deaeaaa53bc36544798722f6679874577ac63fe46c29
hicp_inflation_first_release,cost_of_living,IT,M,2020-08-01,2020-08-31,-0.5,percent change on same month of previous year,,,FIN,"",eurostat,prc_hicp_fpd,IT,2020-08,2026-09-17T11:00:00+0200,2026-09-28T01:56:21+00:00,efedfe4956a2e0cf7910deaeaaa53bc36544798722f6679874577ac63fe46c29
hicp_inflation_first_release,cost_of_living,IT,M,2020-09-01,2020-09-30,-1.1,percent change on same month of previous year,,,FIN,"",eurostat,prc_hicp_fpd,IT,2020-09,2026-09-17T11:00:00+0200,2026-09-28T01:56:21+00:00,efedfe4956a2e0cf7910deaeaaa53bc36544798722f6679874577ac63fe46c29
hicp_inflation_first_release,cost_of_living,IT,M,2020-10-01,2020-10-31,-0.6,percent change on same month of previous year,,,FIN,"",eurostat,prc_hicp_fpd,IT,2020-10,2026-09-17T11:00:00+0200,2026-09-28T01:56:21+00:00,efedfe4956a2e0cf7910deaeaaa53bc36544798722f6679874577ac63fe46c29
hicp_inflation_first_release,cost_of_living,IT,M,2020-11-01,2020-11-30,-0.4,percent change on same month of previous year,,,FIN,"",eurostat,prc_hicp_fpd,IT,2020-11,2026-09-17T11:00:00+0200,2026-09-28T01:56:21+00:00,efedfe4956a2e0cf7910deaeaaa53bc36544798722f6679874577ac63fe46c29
hicp_inflation_first_release,cost_of_living,IT,M,2020-12-01,2020-12-31,-0.2,percent change on same month of previous year,,,FIN,"",eurostat,prc_hicp_fpd,IT,2020-12,2026-09-17T11:00:00+0200,2026-09-28T01:56:21+00:00,efedfe4956a2e0cf7910deaeaaa53bc36544798722f6679874577ac63fe46c29
hicp_inflation_first_release,cost_of_living,IT,M,2021-01-01,2021-01-31,0.7,percent change on same month of previous year,,,FIN,"",eurostat,prc_hicp_fpd,IT,2021-01,2026-09-17T11:00:00+0200,2026-09-28T01:56:21+00:00,efedfe4956a2e0cf7910deaeaaa53bc36544798722f6679874577ac63fe46c29
hicp_inflation_first_release,cost_of_living,IT,M,2021-02-01,2021-02-28,1.0,percent change on same month of previous year,,,FIN,"",eurostat,prc_hicp_fpd,IT,2021-02,2026-09-17T11:00:00+0200,2026-09-28T01:56:21+00:00,efedfe4956a2e0cf7910deaeaaa53bc36544798722f6679874577ac63fe46c29
hicp_inflation_first_release,cost_of_living,IT,M,2021-03-01,2021-03-31,0.5,percent change on same month of previous year,,,FIN,"",eurostat,prc_hicp_fpd,IT,2021-03,2026-09-17T11:00:00+0200,2026-09-28T01:56:21+00:00,efedfe4956a2e0cf7910deaeaaa53bc36544798722f6679874577ac63fe46c29
hicp_inflation_first_release,cost_of_living,IT,M,2021-04-01,2021-04-30,0.8,percent change on same month of previous year,,,FIN,"",eurostat,prc_hicp_fpd,IT,2021-04,2026-09-17T11:00:00+0200,2026-09-28T01:56:21+00:00,efedfe4956a2e0cf7910deaeaaa53bc36544798722f6679874577ac63fe46c29
hicp_inflation_first_release,cost_of_living,IT,M,2021-05-01,2021-05-31,1.2,percent change on same month of previous year,,,FIN,"",eurostat,prc_hicp_fpd,IT,2021-05,2026-09-17T11:00:00+0200,2026-09-28T01:56:21+00:00,efedfe4956a2e0cf7910deaeaaa53bc36544798722f6679874577ac63fe46c29
hicp_inflation_first_release,cost_of_living,IT,M,2021-06-01,2021-06-30,1.3,percent change on same month of previous year,,,FIN,"",eurostat,prc_hicp_fpd,IT,2021-06,2026-09-17T11:00:00+0200,2026-09-28T01:56:21+00:00,efedfe4956a2e0cf7910deaeaaa53bc36544798722f6679874577ac63fe46c29
hicp_inflation_first_release,cost_of_living,IT,M,2021-07-01,2021-07-31,1.1,percent change on same month of previous year,,,FIN,"",eurostat,prc_hicp_fpd,IT,2021-07,2026-09-17T11:00:00+0200,2026-09-28T01:56:21+00:00,efedfe4956a2e0cf7910deaeaaa53bc36544798722f6679874577ac63fe46c29
hicp_inflation_first_release,cost_of_living,IT,M,2021-08-01,2021-08-31,2.4,percent change on same month of previous year,,,FIN,"",eurostat,prc_hicp_fpd,IT,2021-08,2026-09-17T11:00:00+0200,2026-09-28T01:56:21+00:00,efedfe4956a2e0cf7910deaeaaa53bc36544798722f6679874577ac63fe46c29
hicp_inflation_first_release,cost_of_living,IT,M,2021-09-01,2021-09-30,2.9,percent change on same month of previous year,,,FIN,"",eurostat,prc_hicp_fpd,IT,2021-09,2026-09-17T11:00:00+0200,2026-09-28T01:56:21+00:00,efedfe4956a2e0cf7910deaeaaa53bc36544798722f6679874577ac63fe46c29
hicp_inflation_first_release,cost_of_living,IT,M,2021-10-01,2021-10-31,3.2,percent change on same month of previous year,,,FIN,"",eurostat,prc_hicp_fpd,IT,2021-10,2026-09-17T11:00:00+0200,2026-09-28T01:56:21+00:00,efedfe4956a2e0cf7910deaeaaa53bc36544798722f6679874577ac63fe46c29
hicp_inflation_first_release,cost_of_living,IT,M,2021-11-01,2021-11-30,4.0,percent change on same month of previous year,,,FIN,"",eurostat,prc_hicp_fpd,IT,2021-11,2026-09-17T11:00:00+0200,2026-09-28T01:56:21+00:00,efedfe4956a2e0cf7910deaeaaa53bc36544798722f6679874577ac63fe46c29
hicp_inflation_first_release,cost_of_living,IT,M,2021-12-01,2021-12-31,4.2,percent change on same month of previous year,,,FIN,"",eurostat,prc_hicp_fpd,IT,2021-12,2026-09-17T11:00:00+0200,2026-09-28T01:56:21+00:00,efedfe4956a2e0cf7910deaeaaa53bc36544798722f6679874577ac63fe46c29
hicp_inflation_first_release,cost_of_living,IT,M,2022-01-01,2022-01-31,5.0,percent change on same month of previous year,,,FIN,"",eurostat,prc_hicp_fpd,IT,2022-01,2026-09-17T11:00:00+0200,2026-09-28T01:56:21+00:00,efedfe4956a2e0cf7910deaeaaa53bc36544798722f6679874577ac63fe46c29
hicp_inflation_first_release,cost_of_living,IT,M,2022-02-01,2022-02-28,6.2,percent change on same month of previous year,,,FIN,"",eurostat,prc_hicp_fpd,IT,2022-02,2026-09-17T11:00:00+0200,2026-09-28T01:56:21+00:00,efedfe4956a2e0cf7910deaeaaa53bc36544798722f6679874577ac63fe46c29
hicp_inflation_first_release,cost_of_living,IT,M,2022-03-01,2022-03-31,6.9,percent change on same month of previous year,,,FIN,"",eurostat,prc_hicp_fpd,IT,2022-03,2026-09-17T11:00:00+0200,2026-09-28T01:56:21+00:00,efedfe4956a2e0cf7910deaeaaa53bc36544798722f6679874577ac63fe46c29
hicp_inflation_first_release,cost_of_living,IT,M,2022-04-01,2022-04-30,6.4,percent change on same month of previous year,,,FIN,"",eurostat,prc_hicp_fpd,IT,2022-04,2026-09-17T11:00:00+0200,2026-09-28T01:56:21+00:00,efedfe4956a2e0cf7910deaeaaa53bc36544798722f6679874577ac63fe46c29
hicp_inflation_first_release,cost_of_living,IT,M,2022-05-01,2022-05-31,7.3,percent change on same month of previous year,,,FIN,"",eurostat,prc_hicp_fpd,IT,2022-05,2026-09-17T11:00:00+0200,2026-09-28T01:56:21+00:00,efedfe4956a2e0cf7910deaeaaa53bc36544798722f6679874577ac63fe46c29
hicp_inflation_first_release,cost_of_living,IT,M,2022-06-01,2022-06-30,8.5,percent change on same month of previous year,,,FIN,"",eurostat,prc_hicp_fpd,IT,2022-06,2026-09-17T11:00:00+0200,2026-09-28T01:56:21+00:00,efedfe4956a2e0cf7910deaeaaa53bc36544798722f6679874577ac63fe46c29
hicp_inflation_first_release,cost_of_living,IT,M,2022-07-01,2022-07-31,8.4,percent change on same month of previous year,,,FIN,"",eurostat,prc_hicp_fpd,IT,2022-07,2026-09-17T11:00:00+0200,2026-09-28T01:56:21+00:00,efedfe4956a2e0cf7910deaeaaa53bc36544798722f6679874577ac63fe46c29
hicp_inflation_first_release,cost_of_living,IT,M,2022-08-01,2022-08-31,9.1,percent change on same month of previous year,,,FIN,"",eurostat,prc_hicp_fpd,IT,2022-08,2026-09-17T11:00:00+0200,2026-09-28T01:56:21+00:00,efedfe4956a2e0cf7910deaeaaa53bc36544798722f6679874577ac63fe46c29
hicp_inflation_first_release,cost_of_living,IT,M,2022-09-01,2022-09-30,9.5,percent change on same month of previous year,,,FIN,"",eurostat,prc_hicp_fpd,IT,2022-09,2026-09-17T11:00:00+0200,2026-09-28T01:56:21+00:00,efedfe4956a2e0cf7910deaeaaa53bc36544798722f6679874577ac63fe46c29
hicp_inflation_first_release,cost_of_living,IT,M,2022-10-01,2022-10-31,12.6,percent change on same month of previous year,,,FIN,"",eurostat,prc_hicp_fpd,IT,2022-10,2026-09-17T11:00:00+0200,2026-09-28T01:56:21+00:00,efedfe4956a2e0cf7910deaeaaa53bc36544798722f6679874577ac63fe46c29
hicp_inflation_first_release,cost_of_living,IT,M,2022-11-01,2022-11-30,12.5,percent change on same month of previous year,,,FIN,"",eurostat,prc_hicp_fpd,IT,2022-11,2026-09-17T11:00:00+0200,2026-09-28T01:56:21+00:00,efedfe4956a2e0cf7910deaeaaa53bc36544798722f6679874577ac63fe46c29
hicp_inflation_first_release,cost_of_living,IT,M,2022-12-01,2022-12-31,12.2,percent change on same month of previous year,,,FIN,"",eurostat,prc_hicp_fpd,IT,2022-12,2026-09-17T11:00:00+0200,2026-09-28T01:56:21+00:00,efedfe4956a2e0cf7910deaeaaa53bc36544798722f6679874577ac63fe46c29
hicp_inflation_first_release,cost_of_living,IT,M,2023-01-01,2023-01-31,10.7,percent change on same month of previous year,,,FIN,"",eurostat,prc_hicp_fpd,IT,2023-01,2026-09-17T11:00:00+0200,2026-09-28T01:56:21+00:00,efedfe4956a2e0cf7910deaeaaa53bc36544798722f6679874577ac63fe46c29
hicp_inflation_first_release,cost_of_living,IT,M,2023-02-01,2023-02-28,9.8,percent change on same month of previous year,,,FIN,"",eurostat,prc_hicp_fpd,IT,2023-02,2026-09-17T11:00:00+0200,2026-09-28T01:56:21+00:00,efedfe4956a2e0cf7910deaeaaa53bc36544798722f6679874577ac63fe46c29
hicp_inflation_first_release,cost_of_living,IT,M,2023-03-01,2023-03-31,8.0,percent change on same month of previous year,,,FIN,"",eurostat,prc_hicp_fpd,IT,2023-03,2026-09-17T11:00:00+0200,2026-09-28T01:56:21+00:00,efedfe4956a2e0cf7910deaeaaa53bc36544798722f6679874577ac63fe46c29
hicp_inflation_first_release,cost_of_living,IT,M,2023-04-01,2023-04-30,8.6,percent change on same month of previous year,,,FIN,"",eurostat,prc_hicp_fpd,IT,2023-04,2026-09-17T11:00:00+0200,2026-09-28T01:56:21+00:00,efedfe4956a2e0cf7910deaeaaa53bc36544798722f6679874577ac63fe46c29
hicp_inflation_first_release,cost_of_living,IT,M,2023-05-01,2023-05-31,8.0,percent change on same month of previous year,,,FIN,"",eurostat,prc_hicp_fpd,IT,2023-05,2026-09-17T11:00:00+0200,2026-09-28T01:56:21+00:00,efedfe4956a2e0cf7910deaeaaa53bc36544798722f6679874577ac63fe46c29
hicp_inflation_first_release,cost_of_living,IT,M,2023-06-01,2023-06-30,6.8,percent change on same month of previous year,,,FIN,"",eurostat,prc_hicp_fpd,IT,2023-06,2026-09-17T11:00:00+0200,2026-09-28T01:56:21+00:00,efedfe4956a2e0cf7910deaeaaa53bc36544798722f6679874577ac63fe46c29
hicp_inflation_first_release,cost_of_living,IT,M,2023-07-01,2023-07-31,6.3,percent change on same month of previous year,,,FIN,"",eurostat,prc_hicp_fpd,IT,2023-07,2026-09-17T11:00:00+0200,2026-09-28T01:56:21+00:00,efedfe4956a2e0cf7910deaeaaa53bc36544798722f6679874577ac63fe46c29
hicp_inflation_first_release,cost_of_living,IT,M,2023-08-01,2023-08-31,5.6,percent change on same month of previous year,,,FIN,"",eurostat,prc_hicp_fpd,IT,2023-08,2026-09-17T11:00:00+0200,2026-09-28T01:56:21+00:00,efedfe4956a2e0cf7910deaeaaa53bc36544798722f6679874577ac63fe46c29
hicp_inflation_first_release,cost_of_living,IT,M,2023-09-01,2023-09-30,5.6,percent change on same month of previous year,,,FIN,"",eurostat,prc_hicp_fpd,IT,2023-09,2026-09-17T11:00:00+0200,2026-09-28T01:56:21+00:00,efedfe4956a2e0cf7910deaeaaa53bc36544798722f6679874577ac63fe46c29
hicp_inflation_first_release,cost_of_living,IT,M,2023-10-01,2023-10-31,1.8,percent change on same month of previous year,,,FIN,"",eurostat,prc_hicp_fpd,IT,2023-10,2026-09-17T11:00:00+0200,2026-09-28T01:56:21+00:00,efedfe4956a2e0cf7910deaeaaa53bc36544798722f6679874577ac63fe46c29
hicp_inflation_first_release,cost_of_living,IT,M,2023-11-01,2023-11-30,0.6,percent change on same month of previous year,,,FIN,"",eurostat,prc_hicp_fpd,IT,2023-11,2026-09-17T11:00:00+0200,2026-09-28T01:56:21+00:00,efedfe4956a2e0cf7910deaeaaa53bc36544798722f6679874577ac63fe46c29
hicp_inflation_first_release,cost_of_living,IT,M,2023-12-01,2023-12-31,0.6,percent change on same month of previous year,,,FIN,"",eurostat,prc_hicp_fpd,IT,2023-12,2026-09-17T11:00:00+0200,2026-09-28T01:56:21+00:00,efedfe4956a2e0cf7910deaeaaa53bc36544798722f6679874577ac63fe46c29
hicp_inflation_first_release,cost_of_living,IT,M,2024-01-01,2024-01-31,0.9,percent change on same month of previous year,,,FIN,"",eurostat,prc_hicp_fpd,IT,2024-01,2026-09-17T11:00:00+0200,2026-09-28T01:56:21+00:00,efedfe4956a2e0cf7910deaeaaa53bc36544798722f6679874577ac63fe46c29
hicp_inflation_first_release,cost_of_living,IT,M,2024-02-01,2024-02-29,0.8,percent change on same month of previous year,,,FIN,"",eurostat,prc_hicp_fpd,IT,2024-02,2026-09-17T11:00:00+0200,2026-09-28T01:56:21+00:00,efedfe4956a2e0cf7910deaeaaa53bc36544798722f6679874577ac63fe46c29
hicp_inflation_first_release,cost_of_living,IT,M,2024-03-01,2024-03-31,1.2,percent change on same month of previous year,,,FIN,"",eurostat,prc_hicp_fpd,IT,2024-03,2026-09-17T11:00:00+0200,2026-09-28T01:56:21+00:00,efedfe4956a2e0cf7910deaeaaa53bc36544798722f6679874577ac63fe46c29
hicp_inflation_first_release,cost_of_living,IT,M,2024-04-01,2024-04-30,0.9,percent change on same month of previous year,,,FIN,"",eurostat,prc_hicp_fpd,IT,2024-04,2026-09-17T11:00:00+0200,2026-09-28T01:56:21+00:00,efedfe4956a2e0cf7910deaeaaa53bc36544798722f6679874577ac63fe46c29
hicp_inflation_first_release,cost_of_living,IT,M,2024-05-01,2024-05-31,0.7,percent change on same month of previous year,,,FIN,"",eurostat,prc_hicp_fpd,IT,2024-05,2026-09-17T11:00:00+0200,2026-09-28T01:56:21+00:00,efedfe4956a2e0cf7910deaeaaa53bc36544798722f6679874577ac63fe46c29
hicp_inflation_first_release,cost_of_living,IT,M,2024-06-01,2024-06-30,0.9,percent change on same month of previous year,,,FIN,"",eurostat,prc_hicp_fpd,IT,2024-06,2026-09-17T11:00:00+0200,2026-09-28T01:56:21+00:00,efedfe4956a2e0cf7910deaeaaa53bc36544798722f6679874577ac63fe46c29
hicp_inflation_first_release,cost_of_living,IT,M,2024-07-01,2024-07-31,1.6,percent change on same month of previous year,,,FIN,"",eurostat,prc_hicp_fpd,IT,2024-07,2026-09-17T11:00:00+0200,2026-09-28T01:56:21+00:00,efedfe4956a2e0cf7910deaeaaa53bc36544798722f6679874577ac63fe46c29
hicp_inflation_first_release,cost_of_living,IT,M,2024-08-01,2024-08-31,1.3,percent change on same month of previous year,,,FIN,"",eurostat,prc_hicp_fpd,IT,2024-08,2026-09-17T11:00:00+0200,2026-09-28T01:56:21+00:00,efedfe4956a2e0cf7910deaeaaa53bc36544798722f6679874577ac63fe46c29
hicp_inflation_first_release,cost_of_living,IT,M,2024-09-01,2024-09-30,0.7,percent change on same month of previous year,,,FIN,"",eurostat,prc_hicp_fpd,IT,2024-09,2026-09-17T11:00:00+0200,2026-09-28T01:56:21+00:00,efedfe4956a2e0cf7910deaeaaa53bc36544798722f6679874577ac63fe46c29
hicp_inflation_first_release,cost_of_living,IT,M,2024-10-01,2024-10-31,1.0,percent change on same month of previous year,,,FIN,"",eurostat,prc_hicp_fpd,IT,2024-10,2026-09-17T11:00:00+0200,2026-09-28T01:56:21+00:00,efedfe4956a2e0cf7910deaeaaa53bc36544798722f6679874577ac63fe46c29
hicp_inflation_first_release,cost_of_living,IT,M,2024-11-01,2024-11-30,1.4,percent change on same month of previous year,,,FIN,"",eurostat,prc_hicp_fpd,IT,2024-11,2026-09-17T11:00:00+0200,2026-09-28T01:56:21+00:00,efedfe4956a2e0cf7910deaeaaa53bc36544798722f6679874577ac63fe46c29
hicp_inflation_first_release,cost_of_living,IT,M,2024-12-01,2024-12-31,1.3,percent change on same month of previous year,,,FIN,"",eurostat,prc_hicp_fpd,IT,2024-12,2026-09-17T11:00:00+0200,2026-09-28T01:56:21+00:00,efedfe4956a2e0cf7910deaeaaa53bc36544798722f6679874577ac63fe46c29
hicp_inflation_first_release,cost_of_living,IT,M,2025-01-01,2025-01-31,1.7,percent change on same month of previous year,,,FIN,"",eurostat,prc_hicp_fpd,IT,2025-01,2026-09-17T11:00:00+0200,2026-09-28T01:56:21+00:00,efedfe4956a2e0cf7910deaeaaa53bc36544798722f6679874577ac63fe46c29
hicp_inflation_first_release,cost_of_living,IT,M,2025-02-01,2025-02-28,1.7,percent change on same month of previous year,,,FIN,"",eurostat,prc_hicp_fpd,IT,2025-02,2026-09-17T11:00:00+0200,2026-09-28T01:56:21+00:00,efedfe4956a2e0cf7910deaeaaa53bc36544798722f6679874577ac63fe46c29
hicp_inflation_first_release,cost_of_living,IT,M,2025-03-01,2025-03-31,2.1,percent change on same month of previous year,,,FIN,"",eurostat,prc_hicp_fpd,IT,2025-03,2026-09-17T11:00:00+0200,2026-09-28T01:56:21+00:00,efedfe4956a2e0cf7910deaeaaa53bc36544798722f6679874577ac63fe46c29
hicp_inflation_first_release,cost_of_living,IT,M,2025-04-01,2025-04-30,2.0,percent change on same month of previous year,,,FIN,"",eurostat,prc_hicp_fpd,IT,2025-04,2026-09-17T11:00:00+0200,2026-09-28T01:56:21+00:00,efedfe4956a2e0cf7910deaeaaa53bc36544798722f6679874577ac63fe46c29
hicp_inflation_first_release,cost_of_living,IT,M,2025-05-01,2025-05-31,1.7,percent change on same month of previous year,,,FIN,"",eurostat,prc_hicp_fpd,IT,2025-05,2026-09-17T11:00:00+0200,2026-09-28T01:56:21+00:00,efedfe4956a2e0cf7910deaeaaa53bc36544798722f6679874577ac63fe46c29
hicp_inflation_first_release,cost_of_living,IT,M,2025-06-01,2025-06-30,1.7,percent change on same month of previous year,,,FIN,"",eurostat,prc_hicp_fpd,IT,2025-06,2026-09-17T11:00:00+0200,2026-09-28T01:56:21+00:00,efedfe4956a2e0cf7910deaeaaa53bc36544798722f6679874577ac63fe46c29
hicp_inflation_first_release,cost_of_living,IT,M,2025-07-01,2025-07-31,1.7,percent change on same month of previous year,,,FIN,"",eurostat,prc_hicp_fpd,IT,2025-07,2026-09-17T11:00:00+0200,2026-09-28T01:56:21+00:00,efedfe4956a2e0cf7910deaeaaa53bc36544798722f6679874577ac63fe46c29
hicp_inflation_first_release,cost_of_living,IT,M,2025-08-01,2025-08-31,1.6,percent change on same month of previous year,,,FIN,"",eurostat,prc_hicp_fpd,IT,2025-08,2026-09-17T11:00:00+0200,2026-09-28T01:56:21+00:00,efedfe4956a2e0cf7910deaeaaa53bc36544798722f6679874577ac63fe46c29
hicp_inflation_first_release,cost_of_living,IT,M,2025-09-01,2025-09-30,1.7,percent change on same month of previous year,,,FIN,"",eurostat,prc_hicp_fpd,IT,2025-09,2026-09-17T11:00:00+0200,2026-09-28T01:56:21+00:00,efedfe4956a2e0cf7910deaeaaa53bc36544798722f6679874577ac63fe46c29
hicp_inflation_first_release,cost_of_living,IT,M,2025-10-01,2025-10-31,1.3,percent change on same month of previous year,,,FIN,"",eurostat,prc_hicp_fpd,IT,2025-10,2026-09-17T11:00:00+0200,2026-09-28T01:56:21+00:00,efedfe4956a2e0cf7910deaeaaa53bc36544798722f6679874577ac63fe46c29
hicp_inflation_first_release,cost_of_living,IT,M,2025-11-01,2025-11-30,1.1,percent change on same month of previous year,,,FIN,"",eurostat,prc_hicp_fpd,IT,2025-11,2026-09-17T11:00:00+0200,2026-09-28T01:56:21+00:00,efedfe4956a2e0cf7910deaeaaa53bc36544798722f6679874577ac63fe46c29
hicp_inflation_first_release,cost_of_living,IT,M,2025-12-01,2025-12-31,1.2,percent change on same month of previous year,,,FIN,"",eurostat,prc_hicp_fpd,IT,2025-12,2026-09-17T11:00:00+0200,2026-09-28T01:56:21+00:00,efedfe4956a2e0cf7910deaeaaa53bc36544798722f6679874577ac63fe46c29
hicp_inflation_first_release,cost_of_living,IT,M,2026-01-01,2026-01-31,1.0,percent change on same month of previous year,,,FIN,"",eurostat,prc_hicp_fpd,IT,2026-01,2026-09-17T11:00:00+0200,2026-09-28T01:56:21+00:00,efedfe4956a2e0cf7910deaeaaa53bc36544798722f6679874577ac63fe46c29
hicp_inflation_first_release,cost_of_living,IT,M,2026-02-01,2026-02-28,1.5,percent change on same month of previous year,,,FIN,"",eurostat,prc_hicp_fpd,IT,2026-02,2026-09-17T11:00:00+0200,2026-09-28T01:56:21+00:00,efedfe4956a2e0cf7910deaeaaa53bc36544798722f6679874577ac63fe46c29
hicp_inflation_first_release,cost_of_living,IT,M,2026-03-01,2026-03-31,1.6,percent change on same month of previous year,,,FIN,"",eurostat,prc_hicp_fpd,IT,2026-03,2026-09-17T11:00:00+0200,2026-09-28T01:56:21+00:00,efedfe4956a2e0cf7910deaeaaa53bc36544798722f6679874577ac63fe46c29
hicp_inflation_first_release,cost_of_living,IT,M,2026-04-01,2026-04-30,2.8,percent change on same month of previous year,,,FIN,"",eurostat,prc_hicp_fpd,IT,2026-04,2026-09-17T11:00:00+0200,2026-09-28T01:56:21+00:00,efedfe4956a2e0cf7910deaeaaa53bc36544798722f6679874577ac63fe46c29
hicp_inflation_first_release,cost_of_living,IT,M,2026-05-01,2026-05-31,3.2,percent change on same month of previous year,,,FIN,"",eurostat,prc_hicp_fpd,IT,2026-05,2026-09-17T11:00:00+0200,2026-09-28T01:56:21+00:00,efedfe4956a2e0cf7910deaeaaa53bc36544798722f6679874577ac63fe46c29
hicp_inflation_first_release,cost_of_living,IT,M,2026-06-01,2026-06-30,3.0,percent change on same month of previous year,,,FIN,"",eurostat,prc_hicp_fpd,IT,2026-06,2026-09-17T11:00:00+0200,2026-09-28T01:56:21+00:00,efedfe4956a2e0cf7910deaeaaa53bc36544798722f6679874577ac63fe46c29
hicp_inflation_first_release,cost_of_living,IT,M,2026-07-01,2026-07-31,2.9,percent change on same month of previous year,,,FIN,"",eurostat,prc_hicp_fpd,IT,2026-07,2026-09-17T11:00:00+0200,2026-09-28T01:56:21+00:00,efedfe4956a2e0cf7910deaeaaa53bc36544798722f6679874577ac63fe46c29
hicp_inflation_first_release,cost_of_living,IT,M,2026-08-01,2026-08-31,3.2,percent change on same month of previous year,,,FIN,"",eurostat,prc_hicp_fpd,IT,2026-08,2026-09-17T11:00:00+0200,2026-09-28T01:56:21+00:00,efedfe4956a2e0cf7910deaeaaa53bc36544798722f6679874577ac63fe46c29
hicp_inflation_first_release,cost_of_living,IT,M,2026-01-01,2026-01-31,1.0,percent change on same month of previous year,e,estimated,FLS,EX_STATUS_FLAGGED,eurostat,prc_hicp_fpd,IT,2026-01,2026-09-17T11:00:00+0200,2026-09-28T01:56:21+00:00,efedfe4956a2e0cf7910deaeaaa53bc36544798722f6679874577ac63fe46c29
hicp_inflation_first_release,cost_of_living,IT,M,2026-02-01,2026-02-28,1.6,percent change on same month of previous year,e,estimated,FLS,EX_STATUS_FLAGGED,eurostat,prc_hicp_fpd,IT,2026-02,2026-09-17T11:00:00+0200,2026-09-28T01:56:21+00:00,efedfe4956a2e0cf7910deaeaaa53bc36544798722f6679874577ac63fe46c29
hicp_inflation_first_release,cost_of_living,IT,M,2026-03-01,2026-03-31,1.5,percent change on same month of previous year,e,estimated,FLS,EX_STATUS_FLAGGED,eurostat,prc_hicp_fpd,IT,2026-03,2026-09-17T11:00:00+0200,2026-09-28T01:56:21+00:00,efedfe4956a2e0cf7910deaeaaa53bc36544798722f6679874577ac63fe46c29
hicp_inflation_first_release,cost_of_living,IT,M,2026-04-01,2026-04-30,2.9,percent change on same month of previous year,e,estimated,FLS,EX_STATUS_FLAGGED,eurostat,prc_hicp_fpd,IT,2026-04,2026-09-17T11:00:00+0200,2026-09-28T01:56:21+00:00,efedfe4956a2e0cf7910deaeaaa53bc36544798722f6679874577ac63fe46c29
hicp_inflation_first_release,cost_of_living,IT,M,2026-05-01,2026-05-31,3.3,percent change on same month of previous year,e,estimated,FLS,EX_STATUS_FLAGGED,eurostat,prc_hicp_fpd,IT,2026-05,2026-09-17T11:00:00+0200,2026-09-28T01:56:21+00:00,efedfe4956a2e0cf7910deaeaaa53bc36544798722f6679874577ac63fe46c29
hicp_inflation_first_release,cost_of_living,IT,M,2026-06-01,2026-06-30,3.1,percent change on same month of previous year,e,estimated,FLS,EX_STATUS_FLAGGED,eurostat,prc_hicp_fpd,IT,2026-06,2026-09-17T11:00:00+0200,2026-09-28T01:56:21+00:00,efedfe4956a2e0cf7910deaeaaa53bc36544798722f6679874577ac63fe46c29
hicp_inflation_first_release,cost_of_living,IT,M,2026-07-01,2026-07-31,2.9,percent change on same month of previous year,e,estimated,FLS,EX_STATUS_FLAGGED,eurostat,prc_hicp_fpd,IT,2026-07,2026-09-17T11:00:00+0200,2026-09-28T01:56:21+00:00,efedfe4956a2e0cf7910deaeaaa53bc36544798722f6679874577ac63fe46c29
hicp_inflation_first_release,cost_of_living,IT,M,2026-08-01,2026-08-31,3.2,percent change on same month of previous year,e,estimated,FLS,EX_STATUS_FLAGGED,eurostat,prc_hicp_fpd,IT,2026-08,2026-09-17T11:00:00+0200,2026-09-28T01:56:21+00:00,efedfe4956a2e0cf7910deaeaaa53bc36544798722f6679874577ac63fe46c29
hicp_inflation_first_release,cost_of_living,PL,M,2019-01-01,2019-01-31,0.6,percent change on same month of previous year,,,FIN,"",eurostat,prc_hicp_fpd,PL,2019-01,2026-09-17T11:00:00+0200,2026-09-28T01:56:21+00:00,efedfe4956a2e0cf7910deaeaaa53bc36544798722f6679874577ac63fe46c29
hicp_inflation_first_release,cost_of_living,PL,M,2019-02-01,2019-02-28,1.3,percent change on same month of previous year,,,FIN,"",eurostat,prc_hicp_fpd,PL,2019-02,2026-09-17T11:00:00+0200,2026-09-28T01:56:21+00:00,efedfe4956a2e0cf7910deaeaaa53bc36544798722f6679874577ac63fe46c29
hicp_inflation_first_release,cost_of_living,PL,M,2019-03-01,2019-03-31,1.7,percent change on same month of previous year,,,FIN,"",eurostat,prc_hicp_fpd,PL,2019-03,2026-09-17T11:00:00+0200,2026-09-28T01:56:21+00:00,efedfe4956a2e0cf7910deaeaaa53bc36544798722f6679874577ac63fe46c29
hicp_inflation_first_release,cost_of_living,PL,M,2019-04-01,2019-04-30,2.1,percent change on same month of previous year,,,FIN,"",eurostat,prc_hicp_fpd,PL,2019-04,2026-09-17T11:00:00+0200,2026-09-28T01:56:21+00:00,efedfe4956a2e0cf7910deaeaaa53bc36544798722f6679874577ac63fe46c29
hicp_inflation_first_release,cost_of_living,PL,M,2019-05-01,2019-05-31,2.2,percent change on same month of previous year,,,FIN,"",eurostat,prc_hicp_fpd,PL,2019-05,2026-09-17T11:00:00+0200,2026-09-28T01:56:21+00:00,efedfe4956a2e0cf7910deaeaaa53bc36544798722f6679874577ac63fe46c29
hicp_inflation_first_release,cost_of_living,PL,M,2019-06-01,2019-06-30,2.4,percent change on same month of previous year,,,FIN,"",eurostat,prc_hicp_fpd,PL,2019-06,2026-09-17T11:00:00+0200,2026-09-28T01:56:21+00:00,efedfe4956a2e0cf7910deaeaaa53bc36544798722f6679874577ac63fe46c29
hicp_inflation_first_release,cost_of_living,PL,M,2019-07-01,2019-07-31,2.6,percent change on same month of previous year,,,FIN,"",eurostat,prc_hicp_fpd,PL,2019-07,2026-09-17T11:00:00+0200,2026-09-28T01:56:21+00:00,efedfe4956a2e0cf7910deaeaaa53bc36544798722f6679874577ac63fe46c29
hicp_inflation_first_release,cost_of_living,PL,M,2019-08-01,2019-08-31,2.6,percent change on same month of previous year,,,FIN,"",eurostat,prc_hicp_fpd,PL,2019-08,2026-09-17T11:00:00+0200,2026-09-28T01:56:21+00:00,efedfe4956a2e0cf7910deaeaaa53bc36544798722f6679874577ac63fe46c29
hicp_inflation_first_release,cost_of_living,PL,M,2019-09-01,2019-09-30,2.4,percent change on same month of previous year,,,FIN,"",eurostat,prc_hicp_fpd,PL,2019-09,2026-09-17T11:00:00+0200,2026-09-28T01:56:21+00:00,efedfe4956a2e0cf7910deaeaaa53bc36544798722f6679874577ac63fe46c29
hicp_inflation_first_release,cost_of_living,PL,M,2019-10-01,2019-10-31,2.4,percent change on same month of previous year,,,FIN,"",eurostat,prc_hicp_fpd,PL,2019-10,2026-09-17T11:00:00+0200,2026-09-28T01:56:21+00:00,efedfe4956a2e0cf7910deaeaaa53bc36544798722f6679874577ac63fe46c29
hicp_inflation_first_release,cost_of_living,PL,M,2019-11-01,2019-11-30,2.5,percent change on same month of previous year,,,FIN,"",eurostat,prc_hicp_fpd,PL,2019-11,2026-09-17T11:00:00+0200,2026-09-28T01:56:21+00:00,efedfe4956a2e0cf7910deaeaaa53bc36544798722f6679874577ac63fe46c29
hicp_inflation_first_release,cost_of_living,PL,M,2019-12-01,2019-12-31,3.0,percent change on same month of previous year,,,FIN,"",eurostat,prc_hicp_fpd,PL,2019-12,2026-09-17T11:00:00+0200,2026-09-28T01:56:21+00:00,efedfe4956a2e0cf7910deaeaaa53bc36544798722f6679874577ac63fe46c29
hicp_inflation_first_release,cost_of_living,PL,M,2020-01-01,2020-01-31,3.7,percent change on same month of previous year,,,FIN,"",eurostat,prc_hicp_fpd,PL,2020-01,2026-09-17T11:00:00+0200,2026-09-28T01:56:21+00:00,efedfe4956a2e0cf7910deaeaaa53bc36544798722f6679874577ac63fe46c29
hicp_inflation_first_release,cost_of_living,PL,M,2020-02-01,2020-02-29,4.0,percent change on same month of previous year,,,FIN,"",eurostat,prc_hicp_fpd,PL,2020-02,2026-09-17T11:00:00+0200,2026-09-28T01:56:21+00:00,efedfe4956a2e0cf7910deaeaaa53bc36544798722f6679874577ac63fe46c29
hicp_inflation_first_release,cost_of_living,PL,M,2020-03-01,2020-03-31,3.8,percent change on same month of previous year,,,FIN,"",eurostat,prc_hicp_fpd,PL,2020-03,2026-09-17T11:00:00+0200,2026-09-28T01:56:21+00:00,efedfe4956a2e0cf7910deaeaaa53bc36544798722f6679874577ac63fe46c29
hicp_inflation_first_release,cost_of_living,PL,M,2020-04-01,2020-04-30,2.9,percent change on same month of previous year,,,FIN,"",eurostat,prc_hicp_fpd,PL,2020-04,2026-09-17T11:00:00+0200,2026-09-28T01:56:21+00:00,efedfe4956a2e0cf7910deaeaaa53bc36544798722f6679874577ac63fe46c29
hicp_inflation_first_release,cost_of_living,PL,M,2020-05-01,2020-05-31,3.5,percent change on same month of previous year,,,FIN,"",eurostat,prc_hicp_fpd,PL,2020-05,2026-09-17T11:00:00+0200,2026-09-28T01:56:21+00:00,efedfe4956a2e0cf7910deaeaaa53bc36544798722f6679874577ac63fe46c29
hicp_inflation_first_release,cost_of_living,PL,M,2020-06-01,2020-06-30,3.8,percent change on same month of previous year,,,FIN,"",eurostat,prc_hicp_fpd,PL,2020-06,2026-09-17T11:00:00+0200,2026-09-28T01:56:21+00:00,efedfe4956a2e0cf7910deaeaaa53bc36544798722f6679874577ac63fe46c29
hicp_inflation_first_release,cost_of_living,PL,M,2020-07-01,2020-07-31,3.6,percent change on same month of previous year,,,FIN,"",eurostat,prc_hicp_fpd,PL,2020-07,2026-09-17T11:00:00+0200,2026-09-28T01:56:21+00:00,efedfe4956a2e0cf7910deaeaaa53bc36544798722f6679874577ac63fe46c29
hicp_inflation_first_release,cost_of_living,PL,M,2020-08-01,2020-08-31,3.7,percent change on same month of previous year,,,FIN,"",eurostat,prc_hicp_fpd,PL,2020-08,2026-09-17T11:00:00+0200,2026-09-28T01:56:21+00:00,efedfe4956a2e0cf7910deaeaaa53bc36544798722f6679874577ac63fe46c29
hicp_inflation_first_release,cost_of_living,PL,M,2020-09-01,2020-09-30,3.8,percent change on same month of previous year,,,FIN,"",eurostat,prc_hicp_fpd,PL,2020-09,2026-09-17T11:00:00+0200,2026-09-28T01:56:21+00:00,efedfe4956a2e0cf7910deaeaaa53bc36544798722f6679874577ac63fe46c29
hicp_inflation_first_release,cost_of_living,PL,M,2020-10-01,2020-10-31,3.8,percent change on same month of previous year,,,FIN,"",eurostat,prc_hicp_fpd,PL,2020-10,2026-09-17T11:00:00+0200,2026-09-28T01:56:21+00:00,efedfe4956a2e0cf7910deaeaaa53bc36544798722f6679874577ac63fe46c29
hicp_inflation_first_release,cost_of_living,PL,M,2020-11-01,2020-11-30,3.7,percent change on same month of previous year,,,FIN,"",eurostat,prc_hicp_fpd,PL,2020-11,2026-09-17T11:00:00+0200,2026-09-28T01:56:21+00:00,efedfe4956a2e0cf7910deaeaaa53bc36544798722f6679874577ac63fe46c29
hicp_inflation_first_release,cost_of_living,PL,M,2020-12-01,2020-12-31,3.4,percent change on same month of previous year,,,FIN,"",eurostat,prc_hicp_fpd,PL,2020-12,2026-09-17T11:00:00+0200,2026-09-28T01:56:21+00:00,efedfe4956a2e0cf7910deaeaaa53bc36544798722f6679874577ac63fe46c29
hicp_inflation_first_release,cost_of_living,PL,M,2021-01-01,2021-01-31,3.7,percent change on same month of previous year,,,FIN,"",eurostat,prc_hicp_fpd,PL,2021-01,2026-09-17T11:00:00+0200,2026-09-28T01:56:21+00:00,efedfe4956a2e0cf7910deaeaaa53bc36544798722f6679874577ac63fe46c29
hicp_inflation_first_release,cost_of_living,PL,M,2021-02-01,2021-02-28,3.7,percent change on same month of previous year,,,FIN,"",eurostat,prc_hicp_fpd,PL,2021-02,2026-09-17T11:00:00+0200,2026-09-28T01:56:21+00:00,efedfe4956a2e0cf7910deaeaaa53bc36544798722f6679874577ac63fe46c29
hicp_inflation_first_release,cost_of_living,PL,M,2021-03-01,2021-03-31,4.3,percent change on same month of previous year,,,FIN,"",eurostat,prc_hicp_fpd,PL,2021-03,2026-09-17T11:00:00+0200,2026-09-28T01:56:21+00:00,efedfe4956a2e0cf7910deaeaaa53bc36544798722f6679874577ac63fe46c29
hicp_inflation_first_release,cost_of_living,PL,M,2021-04-01,2021-04-30,5.1,percent change on same month of previous year,,,FIN,"",eurostat,prc_hicp_fpd,PL,2021-04,2026-09-17T11:00:00+0200,2026-09-28T01:56:21+00:00,efedfe4956a2e0cf7910deaeaaa53bc36544798722f6679874577ac63fe46c29
hicp_inflation_first_release,cost_of_living,PL,M,2021-05-01,2021-05-31,4.6,percent change on same month of previous year,,,FIN,"",eurostat,prc_hicp_fpd,PL,2021-05,2026-09-17T11:00:00+0200,2026-09-28T01:56:21+00:00,efedfe4956a2e0cf7910deaeaaa53bc36544798722f6679874577ac63fe46c29
hicp_inflation_first_release,cost_of_living,PL,M,2021-06-01,2021-06-30,4.2,percent change on same month of previous year,,,FIN,"",eurostat,prc_hicp_fpd,PL,2021-06,2026-09-17T11:00:00+0200,2026-09-28T01:56:21+00:00,efedfe4956a2e0cf7910deaeaaa53bc36544798722f6679874577ac63fe46c29
hicp_inflation_first_release,cost_of_living,PL,M,2021-07-01,2021-07-31,4.7,percent change on same month of previous year,,,FIN,"",eurostat,prc_hicp_fpd,PL,2021-07,2026-09-17T11:00:00+0200,2026-09-28T01:56:21+00:00,efedfe4956a2e0cf7910deaeaaa53bc36544798722f6679874577ac63fe46c29
hicp_inflation_first_release,cost_of_living,PL,M,2021-08-01,2021-08-31,5.1,percent change on same month of previous year,,,FIN,"",eurostat,prc_hicp_fpd,PL,2021-08,2026-09-17T11:00:00+0200,2026-09-28T01:56:21+00:00,efedfe4956a2e0cf7910deaeaaa53bc36544798722f6679874577ac63fe46c29
hicp_inflation_first_release,cost_of_living,PL,M,2021-09-01,2021-09-30,5.6,percent change on same month of previous year,,,FIN,"",eurostat,prc_hicp_fpd,PL,2021-09,2026-09-17T11:00:00+0200,2026-09-28T01:56:21+00:00,efedfe4956a2e0cf7910deaeaaa53bc36544798722f6679874577ac63fe46c29
hicp_inflation_first_release,cost_of_living,PL,M,2021-10-01,2021-10-31,6.4,percent change on same month of previous year,,,FIN,"",eurostat,prc_hicp_fpd,PL,2021-10,2026-09-17T11:00:00+0200,2026-09-28T01:56:21+00:00,efedfe4956a2e0cf7910deaeaaa53bc36544798722f6679874577ac63fe46c29
hicp_inflation_first_release,cost_of_living,PL,M,2021-11-01,2021-11-30,7.4,percent change on same month of previous year,,,FIN,"",eurostat,prc_hicp_fpd,PL,2021-11,2026-09-17T11:00:00+0200,2026-09-28T01:56:21+00:00,efedfe4956a2e0cf7910deaeaaa53bc36544798722f6679874577ac63fe46c29
hicp_inflation_first_release,cost_of_living,PL,M,2021-12-01,2021-12-31,8.0,percent change on same month of previous year,,,FIN,"",eurostat,prc_hicp_fpd,PL,2021-12,2026-09-17T11:00:00+0200,2026-09-28T01:56:21+00:00,efedfe4956a2e0cf7910deaeaaa53bc36544798722f6679874577ac63fe46c29
hicp_inflation_first_release,cost_of_living,PL,M,2022-01-01,2022-01-31,8.7,percent change on same month of previous year,,,FIN,"",eurostat,prc_hicp_fpd,PL,2022-01,2026-09-17T11:00:00+0200,2026-09-28T01:56:21+00:00,efedfe4956a2e0cf7910deaeaaa53bc36544798722f6679874577ac63fe46c29
hicp_inflation_first_release,cost_of_living,PL,M,2022-02-01,2022-02-28,8.0,percent change on same month of previous year,,,FIN,"",eurostat,prc_hicp_fpd,PL,2022-02,2026-09-17T11:00:00+0200,2026-09-28T01:56:21+00:00,efedfe4956a2e0cf7910deaeaaa53bc36544798722f6679874577ac63fe46c29
hicp_inflation_first_release,cost_of_living,PL,M,2022-03-01,2022-03-31,10.3,percent change on same month of previous year,,,FIN,"",eurostat,prc_hicp_fpd,PL,2022-03,2026-09-17T11:00:00+0200,2026-09-28T01:56:21+00:00,efedfe4956a2e0cf7910deaeaaa53bc36544798722f6679874577ac63fe46c29
hicp_inflation_first_release,cost_of_living,PL,M,2022-04-01,2022-04-30,11.4,percent change on same month of previous year,,,FIN,"",eurostat,prc_hicp_fpd,PL,2022-04,2026-09-17T11:00:00+0200,2026-09-28T01:56:21+00:00,efedfe4956a2e0cf7910deaeaaa53bc36544798722f6679874577ac63fe46c29
hicp_inflation_first_release,cost_of_living,PL,M,2022-05-01,2022-05-31,12.8,percent change on same month of previous year,,,FIN,"",eurostat,prc_hicp_fpd,PL,2022-05,2026-09-17T11:00:00+0200,2026-09-28T01:56:21+00:00,efedfe4956a2e0cf7910deaeaaa53bc36544798722f6679874577ac63fe46c29
hicp_inflation_first_release,cost_of_living,PL,M,2022-06-01,2022-06-30,14.2,percent change on same month of previous year,,,FIN,"",eurostat,prc_hicp_fpd,PL,2022-06,2026-09-17T11:00:00+0200,2026-09-28T01:56:21+00:00,efedfe4956a2e0cf7910deaeaaa53bc36544798722f6679874577ac63fe46c29
hicp_inflation_first_release,cost_of_living,PL,M,2022-07-01,2022-07-31,14.2,percent change on same month of previous year,,,FIN,"",eurostat,prc_hicp_fpd,PL,2022-07,2026-09-17T11:00:00+0200,2026-09-28T01:56:21+00:00,efedfe4956a2e0cf7910deaeaaa53bc36544798722f6679874577ac63fe46c29
hicp_inflation_first_release,cost_of_living,PL,M,2022-08-01,2022-08-31,14.7,percent change on same month of previous year,,,FIN,"",eurostat,prc_hicp_fpd,PL,2022-08,2026-09-17T11:00:00+0200,2026-09-28T01:56:21+00:00,efedfe4956a2e0cf7910deaeaaa53bc36544798722f6679874577ac63fe46c29
hicp_inflation_first_release,cost_of_living,PL,M,2022-09-01,2022-09-30,15.7,percent change on same month of previous year,,,FIN,"",eurostat,prc_hicp_fpd,PL,2022-09,2026-09-17T11:00:00+0200,2026-09-28T01:56:21+00:00,efedfe4956a2e0cf7910deaeaaa53bc36544798722f6679874577ac63fe46c29
hicp_inflation_first_release,cost_of_living,PL,M,2022-10-01,2022-10-31,16.4,percent change on same month of previous year,,,FIN,"",eurostat,prc_hicp_fpd,PL,2022-10,2026-09-17T11:00:00+0200,2026-09-28T01:56:21+00:00,efedfe4956a2e0cf7910deaeaaa53bc36544798722f6679874577ac63fe46c29
hicp_inflation_first_release,cost_of_living,PL,M,2022-11-01,2022-11-30,16.1,percent change on same month of previous year,,,FIN,"",eurostat,prc_hicp_fpd,PL,2022-11,2026-09-17T11:00:00+0200,2026-09-28T01:56:21+00:00,efedfe4956a2e0cf7910deaeaaa53bc36544798722f6679874577ac63fe46c29
hicp_inflation_first_release,cost_of_living,PL,M,2022-12-01,2022-12-31,15.4,percent change on same month of previous year,,,FIN,"",eurostat,prc_hicp_fpd,PL,2022-12,2026-09-17T11:00:00+0200,2026-09-28T01:56:21+00:00,efedfe4956a2e0cf7910deaeaaa53bc36544798722f6679874577ac63fe46c29
hicp_inflation_first_release,cost_of_living,PL,M,2023-01-01,2023-01-31,15.8,percent change on same month of previous year,,,FIN,"",eurostat,prc_hicp_fpd,PL,2023-01,2026-09-17T11:00:00+0200,2026-09-28T01:56:21+00:00,efedfe4956a2e0cf7910deaeaaa53bc36544798722f6679874577ac63fe46c29
hicp_inflation_first_release,cost_of_living,PL,M,2023-02-01,2023-02-28,17.2,percent change on same month of previous year,,,FIN,"",eurostat,prc_hicp_fpd,PL,2023-02,2026-09-17T11:00:00+0200,2026-09-28T01:56:21+00:00,efedfe4956a2e0cf7910deaeaaa53bc36544798722f6679874577ac63fe46c29
hicp_inflation_first_release,cost_of_living,PL,M,2023-03-01,2023-03-31,15.2,percent change on same month of previous year,,,FIN,"",eurostat,prc_hicp_fpd,PL,2023-03,2026-09-17T11:00:00+0200,2026-09-28T01:56:21+00:00,efedfe4956a2e0cf7910deaeaaa53bc36544798722f6679874577ac63fe46c29
hicp_inflation_first_release,cost_of_living,PL,M,2023-04-01,2023-04-30,14.0,percent change on same month of previous year,,,FIN,"",eurostat,prc_hicp_fpd,PL,2023-04,2026-09-17T11:00:00+0200,2026-09-28T01:56:21+00:00,efedfe4956a2e0cf7910deaeaaa53bc36544798722f6679874577ac63fe46c29
hicp_inflation_first_release,cost_of_living,PL,M,2023-05-01,2023-05-31,12.4,percent change on same month of previous year,,,FIN,"",eurostat,prc_hicp_fpd,PL,2023-05,2026-09-17T11:00:00+0200,2026-09-28T01:56:21+00:00,efedfe4956a2e0cf7910deaeaaa53bc36544798722f6679874577ac63fe46c29
hicp_inflation_first_release,cost_of_living,PL,M,2023-06-01,2023-06-30,11.0,percent change on same month of previous year,,,FIN,"",eurostat,prc_hicp_fpd,PL,2023-06,2026-09-17T11:00:00+0200,2026-09-28T01:56:21+00:00,efedfe4956a2e0cf7910deaeaaa53bc36544798722f6679874577ac63fe46c29
hicp_inflation_first_release,cost_of_living,PL,M,2023-07-01,2023-07-31,10.3,percent change on same month of previous year,,,FIN,"",eurostat,prc_hicp_fpd,PL,2023-07,2026-09-17T11:00:00+0200,2026-09-28T01:56:21+00:00,efedfe4956a2e0cf7910deaeaaa53bc36544798722f6679874577ac63fe46c29
hicp_inflation_first_release,cost_of_living,PL,M,2023-08-01,2023-08-31,9.5,percent change on same month of previous year,,,FIN,"",eurostat,prc_hicp_fpd,PL,2023-08,2026-09-17T11:00:00+0200,2026-09-28T01:56:21+00:00,efedfe4956a2e0cf7910deaeaaa53bc36544798722f6679874577ac63fe46c29
hicp_inflation_first_release,cost_of_living,PL,M,2023-09-01,2023-09-30,7.7,percent change on same month of previous year,,,FIN,"",eurostat,prc_hicp_fpd,PL,2023-09,2026-09-17T11:00:00+0200,2026-09-28T01:56:21+00:00,efedfe4956a2e0cf7910deaeaaa53bc36544798722f6679874577ac63fe46c29
hicp_inflation_first_release,cost_of_living,PL,M,2023-10-01,2023-10-31,6.3,percent change on same month of previous year,,,FIN,"",eurostat,prc_hicp_fpd,PL,2023-10,2026-09-17T11:00:00+0200,2026-09-28T01:56:21+00:00,efedfe4956a2e0cf7910deaeaaa53bc36544798722f6679874577ac63fe46c29
hicp_inflation_first_release,cost_of_living,PL,M,2023-11-01,2023-11-30,6.3,percent change on same month of previous year,,,FIN,"",eurostat,prc_hicp_fpd,PL,2023-11,2026-09-17T11:00:00+0200,2026-09-28T01:56:21+00:00,efedfe4956a2e0cf7910deaeaaa53bc36544798722f6679874577ac63fe46c29
hicp_inflation_first_release,cost_of_living,PL,M,2023-12-01,2023-12-31,6.2,percent change on same month of previous year,,,FIN,"",eurostat,prc_hicp_fpd,PL,2023-12,2026-09-17T11:00:00+0200,2026-09-28T01:56:21+00:00,efedfe4956a2e0cf7910deaeaaa53bc36544798722f6679874577ac63fe46c29
hicp_inflation_first_release,cost_of_living,PL,M,2024-01-01,2024-01-31,4.6,percent change on same month of previous year,,,FIN,"",eurostat,prc_hicp_fpd,PL,2024-01,2026-09-17T11:00:00+0200,2026-09-28T01:56:21+00:00,efedfe4956a2e0cf7910deaeaaa53bc36544798722f6679874577ac63fe46c29
hicp_inflation_first_release,cost_of_living,PL,M,2024-02-01,2024-02-29,3.6,percent change on same month of previous year,,,FIN,"",eurostat,prc_hicp_fpd,PL,2024-02,2026-09-17T11:00:00+0200,2026-09-28T01:56:21+00:00,efedfe4956a2e0cf7910deaeaaa53bc36544798722f6679874577ac63fe46c29
hicp_inflation_first_release,cost_of_living,PL,M,2024-03-01,2024-03-31,2.7,percent change on same month of previous year,,,FIN,"",eurostat,prc_hicp_fpd,PL,2024-03,2026-09-17T11:00:00+0200,2026-09-28T01:56:21+00:00,efedfe4956a2e0cf7910deaeaaa53bc36544798722f6679874577ac63fe46c29
hicp_inflation_first_release,cost_of_living,PL,M,2024-04-01,2024-04-30,3.0,percent change on same month of previous year,,,FIN,"",eurostat,prc_hicp_fpd,PL,2024-04,2026-09-17T11:00:00+0200,2026-09-28T01:56:21+00:00,efedfe4956a2e0cf7910deaeaaa53bc36544798722f6679874577ac63fe46c29
hicp_inflation_first_release,cost_of_living,PL,M,2024-05-01,2024-05-31,2.8,percent change on same month of previous year,,,FIN,"",eurostat,prc_hicp_fpd,PL,2024-05,2026-09-17T11:00:00+0200,2026-09-28T01:56:21+00:00,efedfe4956a2e0cf7910deaeaaa53bc36544798722f6679874577ac63fe46c29
hicp_inflation_first_release,cost_of_living,PL,M,2024-06-01,2024-06-30,2.9,percent change on same month of previous year,,,FIN,"",eurostat,prc_hicp_fpd,PL,2024-06,2026-09-17T11:00:00+0200,2026-09-28T01:56:21+00:00,efedfe4956a2e0cf7910deaeaaa53bc36544798722f6679874577ac63fe46c29
hicp_inflation_first_release,cost_of_living,PL,M,2024-07-01,2024-07-31,4.0,percent change on same month of previous year,,,FIN,"",eurostat,prc_hicp_fpd,PL,2024-07,2026-09-17T11:00:00+0200,2026-09-28T01:56:21+00:00,efedfe4956a2e0cf7910deaeaaa53bc36544798722f6679874577ac63fe46c29
hicp_inflation_first_release,cost_of_living,PL,M,2024-08-01,2024-08-31,4.0,percent change on same month of previous year,,,FIN,"",eurostat,prc_hicp_fpd,PL,2024-08,2026-09-17T11:00:00+0200,2026-09-28T01:56:21+00:00,efedfe4956a2e0cf7910deaeaaa53bc36544798722f6679874577ac63fe46c29
hicp_inflation_first_release,cost_of_living,PL,M,2024-09-01,2024-09-30,4.3,percent change on same month of previous year,,,FIN,"",eurostat,prc_hicp_fpd,PL,2024-09,2026-09-17T11:00:00+0200,2026-09-28T01:56:21+00:00,efedfe4956a2e0cf7910deaeaaa53bc36544798722f6679874577ac63fe46c29
hicp_inflation_first_release,cost_of_living,PL,M,2024-10-01,2024-10-31,4.3,percent change on same month of previous year,,,FIN,"",eurostat,prc_hicp_fpd,PL,2024-10,2026-09-17T11:00:00+0200,2026-09-28T01:56:21+00:00,efedfe4956a2e0cf7910deaeaaa53bc36544798722f6679874577ac63fe46c29
hicp_inflation_first_release,cost_of_living,PL,M,2024-11-01,2024-11-30,4.0,percent change on same month of previous year,,,FIN,"",eurostat,prc_hicp_fpd,PL,2024-11,2026-09-17T11:00:00+0200,2026-09-28T01:56:21+00:00,efedfe4956a2e0cf7910deaeaaa53bc36544798722f6679874577ac63fe46c29
hicp_inflation_first_release,cost_of_living,PL,M,2024-12-01,2024-12-31,3.8,percent change on same month of previous year,,,FIN,"",eurostat,prc_hicp_fpd,PL,2024-12,2026-09-17T11:00:00+0200,2026-09-28T01:56:21+00:00,efedfe4956a2e0cf7910deaeaaa53bc36544798722f6679874577ac63fe46c29
hicp_inflation_first_release,cost_of_living,PL,M,2025-01-01,2025-01-31,4.3,percent change on same month of previous year,,,FIN,"",eurostat,prc_hicp_fpd,PL,2025-01,2026-09-17T11:00:00+0200,2026-09-28T01:56:21+00:00,efedfe4956a2e0cf7910deaeaaa53bc36544798722f6679874577ac63fe46c29
hicp_inflation_first_release,cost_of_living,PL,M,2025-02-01,2025-02-28,4.4,percent change on same month of previous year,,,FIN,"",eurostat,prc_hicp_fpd,PL,2025-02,2026-09-17T11:00:00+0200,2026-09-28T01:56:21+00:00,efedfe4956a2e0cf7910deaeaaa53bc36544798722f6679874577ac63fe46c29
hicp_inflation_first_release,cost_of_living,PL,M,2025-03-01,2025-03-31,4.4,percent change on same month of previous year,,,FIN,"",eurostat,prc_hicp_fpd,PL,2025-03,2026-09-17T11:00:00+0200,2026-09-28T01:56:21+00:00,efedfe4956a2e0cf7910deaeaaa53bc36544798722f6679874577ac63fe46c29
hicp_inflation_first_release,cost_of_living,PL,M,2025-04-01,2025-04-30,3.7,percent change on same month of previous year,,,FIN,"",eurostat,prc_hicp_fpd,PL,2025-04,2026-09-17T11:00:00+0200,2026-09-28T01:56:21+00:00,efedfe4956a2e0cf7910deaeaaa53bc36544798722f6679874577ac63fe46c29
hicp_inflation_first_release,cost_of_living,PL,M,2025-05-01,2025-05-31,3.6,percent change on same month of previous year,,,FIN,"",eurostat,prc_hicp_fpd,PL,2025-05,2026-09-17T11:00:00+0200,2026-09-28T01:56:21+00:00,efedfe4956a2e0cf7910deaeaaa53bc36544798722f6679874577ac63fe46c29
hicp_inflation_first_release,cost_of_living,PL,M,2025-06-01,2025-06-30,3.4,percent change on same month of previous year,,,FIN,"",eurostat,prc_hicp_fpd,PL,2025-06,2026-09-17T11:00:00+0200,2026-09-28T01:56:21+00:00,efedfe4956a2e0cf7910deaeaaa53bc36544798722f6679874577ac63fe46c29
hicp_inflation_first_release,cost_of_living,PL,M,2025-07-01,2025-07-31,2.9,percent change on same month of previous year,,,FIN,"",eurostat,prc_hicp_fpd,PL,2025-07,2026-09-17T11:00:00+0200,2026-09-28T01:56:21+00:00,efedfe4956a2e0cf7910deaeaaa53bc36544798722f6679874577ac63fe46c29
hicp_inflation_first_release,cost_of_living,PL,M,2025-08-01,2025-08-31,2.8,percent change on same month of previous year,,,FIN,"",eurostat,prc_hicp_fpd,PL,2025-08,2026-09-17T11:00:00+0200,2026-09-28T01:56:21+00:00,efedfe4956a2e0cf7910deaeaaa53bc36544798722f6679874577ac63fe46c29
hicp_inflation_first_release,cost_of_living,PL,M,2025-09-01,2025-09-30,2.9,percent change on same month of previous year,,,FIN,"",eurostat,prc_hicp_fpd,PL,2025-09,2026-09-17T11:00:00+0200,2026-09-28T01:56:21+00:00,efedfe4956a2e0cf7910deaeaaa53bc36544798722f6679874577ac63fe46c29
hicp_inflation_first_release,cost_of_living,PL,M,2025-10-01,2025-10-31,2.8,percent change on same month of previous year,,,FIN,"",eurostat,prc_hicp_fpd,PL,2025-10,2026-09-17T11:00:00+0200,2026-09-28T01:56:21+00:00,efedfe4956a2e0cf7910deaeaaa53bc36544798722f6679874577ac63fe46c29
hicp_inflation_first_release,cost_of_living,PL,M,2025-11-01,2025-11-30,2.6,percent change on same month of previous year,,,FIN,"",eurostat,prc_hicp_fpd,PL,2025-11,2026-09-17T11:00:00+0200,2026-09-28T01:56:21+00:00,efedfe4956a2e0cf7910deaeaaa53bc36544798722f6679874577ac63fe46c29
hicp_inflation_first_release,cost_of_living,PL,M,2025-12-01,2025-12-31,2.6,percent change on same month of previous year,,,FIN,"",eurostat,prc_hicp_fpd,PL,2025-12,2026-09-17T11:00:00+0200,2026-09-28T01:56:21+00:00,efedfe4956a2e0cf7910deaeaaa53bc36544798722f6679874577ac63fe46c29
hicp_inflation_first_release,cost_of_living,PL,M,2026-01-01,2026-01-31,2.5,percent change on same month of previous year,,,FIN,"",eurostat,prc_hicp_fpd,PL,2026-01,2026-09-17T11:00:00+0200,2026-09-28T01:56:21+00:00,efedfe4956a2e0cf7910deaeaaa53bc36544798722f6679874577ac63fe46c29
hicp_inflation_first_release,cost_of_living,PL,M,2026-02-01,2026-02-28,2.5,percent change on same month of previous year,,,FIN,"",eurostat,prc_hicp_fpd,PL,2026-02,2026-09-17T11:00:00+0200,2026-09-28T01:56:21+00:00,efedfe4956a2e0cf7910deaeaaa53bc36544798722f6679874577ac63fe46c29
hicp_inflation_first_release,cost_of_living,PL,M,2026-03-01,2026-03-31,3.2,percent change on same month of previous year,,,FIN,"",eurostat,prc_hicp_fpd,PL,2026-03,2026-09-17T11:00:00+0200,2026-09-28T01:56:21+00:00,efedfe4956a2e0cf7910deaeaaa53bc36544798722f6679874577ac63fe46c29
hicp_inflation_first_release,cost_of_living,PL,M,2026-04-01,2026-04-30,3.4,percent change on same month of previous year,,,FIN,"",eurostat,prc_hicp_fpd,PL,2026-04,2026-09-17T11:00:00+0200,2026-09-28T01:56:21+00:00,efedfe4956a2e0cf7910deaeaaa53bc36544798722f6679874577ac63fe46c29
hicp_inflation_first_release,cost_of_living,PL,M,2026-05-01,2026-05-31,3.3,percent change on same month of previous year,,,FIN,"",eurostat,prc_hicp_fpd,PL,2026-05,2026-09-17T11:00:00+0200,2026-09-28T01:56:21+00:00,efedfe4956a2e0cf7910deaeaaa53bc36544798722f6679874577ac63fe46c29
hicp_inflation_first_release,cost_of_living,PL,M,2026-06-01,2026-06-30,3.0,percent change on same month of previous year,,,FIN,"",eurostat,prc_hicp_fpd,PL,2026-06,2026-09-17T11:00:00+0200,2026-09-28T01:56:21+00:00,efedfe4956a2e0cf7910deaeaaa53bc36544798722f6679874577ac63fe46c29
hicp_inflation_first_release,cost_of_living,PL,M,2026-07-01,2026-07-31,3.1,percent change on same month of previous year,,,FIN,"",eurostat,prc_hicp_fpd,PL,2026-07,2026-09-17T11:00:00+0200,2026-09-28T01:56:21+00:00,efedfe4956a2e0cf7910deaeaaa53bc36544798722f6679874577ac63fe46c29
hicp_inflation_first_release,cost_of_living,PL,M,2026-08-01,2026-08-31,3.5,percent change on same month of previous year,,,FIN,"",eurostat,prc_hicp_fpd,PL,2026-08,2026-09-17T11:00:00+0200,2026-09-28T01:56:21+00:00,efedfe4956a2e0cf7910deaeaaa53bc36544798722f6679874577ac63fe46c29
hicp_inflation_first_release,cost_of_living,RO,M,2019-01-01,2019-01-31,3.2,percent change on same month of previous year,,,FIN,"",eurostat,prc_hicp_fpd,RO,2019-01,2026-09-17T11:00:00+0200,2026-09-28T01:56:21+00:00,efedfe4956a2e0cf7910deaeaaa53bc36544798722f6679874577ac63fe46c29
hicp_inflation_first_release,cost_of_living,RO,M,2019-02-01,2019-02-28,4.0,percent change on same month of previous year,,,FIN,"",eurostat,prc_hicp_fpd,RO,2019-02,2026-09-17T11:00:00+0200,2026-09-28T01:56:21+00:00,efedfe4956a2e0cf7910deaeaaa53bc36544798722f6679874577ac63fe46c29
hicp_inflation_first_release,cost_of_living,RO,M,2019-03-01,2019-03-31,4.2,percent change on same month of previous year,,,FIN,"",eurostat,prc_hicp_fpd,RO,2019-03,2026-09-17T11:00:00+0200,2026-09-28T01:56:21+00:00,efedfe4956a2e0cf7910deaeaaa53bc36544798722f6679874577ac63fe46c29
hicp_inflation_first_release,cost_of_living,RO,M,2019-04-01,2019-04-30,4.4,percent change on same month of previous year,,,FIN,"",eurostat,prc_hicp_fpd,RO,2019-04,2026-09-17T11:00:00+0200,2026-09-28T01:56:21+00:00,efedfe4956a2e0cf7910deaeaaa53bc36544798722f6679874577ac63fe46c29
hicp_inflation_first_release,cost_of_living,RO,M,2019-05-01,2019-05-31,4.4,percent change on same month of previous year,,,FIN,"",eurostat,prc_hicp_fpd,RO,2019-05,2026-09-17T11:00:00+0200,2026-09-28T01:56:21+00:00,efedfe4956a2e0cf7910deaeaaa53bc36544798722f6679874577ac63fe46c29
hicp_inflation_first_release,cost_of_living,RO,M,2019-06-01,2019-06-30,3.9,percent change on same month of previous year,,,FIN,"",eurostat,prc_hicp_fpd,RO,2019-06,2026-09-17T11:00:00+0200,2026-09-28T01:56:21+00:00,efedfe4956a2e0cf7910deaeaaa53bc36544798722f6679874577ac63fe46c29
hicp_inflation_first_release,cost_of_living,RO,M,2019-07-01,2019-07-31,4.1,percent change on same month of previous year,,,FIN,"",eurostat,prc_hicp_fpd,RO,2019-07,2026-09-17T11:00:00+0200,2026-09-28T01:56:21+00:00,efedfe4956a2e0cf7910deaeaaa53bc36544798722f6679874577ac63fe46c29
hicp_inflation_first_release,cost_of_living,RO,M,2019-08-01,2019-08-31,4.0,percent change on same month of previous year,,,FIN,"",eurostat,prc_hicp_fpd,RO,2019-08,2026-09-17T11:00:00+0200,2026-09-28T01:56:21+00:00,efedfe4956a2e0cf7910deaeaaa53bc36544798722f6679874577ac63fe46c29
hicp_inflation_first_release,cost_of_living,RO,M,2019-09-01,2019-09-30,3.5,percent change on same month of previous year,,,FIN,"",eurostat,prc_hicp_fpd,RO,2019-09,2026-09-17T11:00:00+0200,2026-09-28T01:56:21+00:00,efedfe4956a2e0cf7910deaeaaa53bc36544798722f6679874577ac63fe46c29
hicp_inflation_first_release,cost_of_living,RO,M,2019-10-01,2019-10-31,3.3,percent change on same month of previous year,,,FIN,"",eurostat,prc_hicp_fpd,RO,2019-10,2026-09-17T11:00:00+0200,2026-09-28T01:56:21+00:00,efedfe4956a2e0cf7910deaeaaa53bc36544798722f6679874577ac63fe46c29
hicp_inflation_first_release,cost_of_living,RO,M,2019-11-01,2019-11-30,3.8,percent change on same month of previous year,,,FIN,"",eurostat,prc_hicp_fpd,RO,2019-11,2026-09-17T11:00:00+0200,2026-09-28T01:56:21+00:00,efedfe4956a2e0cf7910deaeaaa53bc36544798722f6679874577ac63fe46c29
hicp_inflation_first_release,cost_of_living,RO,M,2019-12-01,2019-12-31,4.1,percent change on same month of previous year,,,FIN,"",eurostat,prc_hicp_fpd,RO,2019-12,2026-09-17T11:00:00+0200,2026-09-28T01:56:21+00:00,efedfe4956a2e0cf7910deaeaaa53bc36544798722f6679874577ac63fe46c29
hicp_inflation_first_release,cost_of_living,RO,M,2020-01-01,2020-01-31,3.9,percent change on same month of previous year,,,FIN,"",eurostat,prc_hicp_fpd,RO,2020-01,2026-09-17T11:00:00+0200,2026-09-28T01:56:21+00:00,efedfe4956a2e0cf7910deaeaaa53bc36544798722f6679874577ac63fe46c29
hicp_inflation_first_release,cost_of_living,RO,M,2020-02-01,2020-02-29,2.9,percent change on same month of previous year,,,FIN,"",eurostat,prc_hicp_fpd,RO,2020-02,2026-09-17T11:00:00+0200,2026-09-28T01:56:21+00:00,efedfe4956a2e0cf7910deaeaaa53bc36544798722f6679874577ac63fe46c29
hicp_inflation_first_release,cost_of_living,RO,M,2020-03-01,2020-03-31,2.7,percent change on same month of previous year,,,FIN,"",eurostat,prc_hicp_fpd,RO,2020-03,2026-09-17T11:00:00+0200,2026-09-28T01:56:21+00:00,efedfe4956a2e0cf7910deaeaaa53bc36544798722f6679874577ac63fe46c29
hicp_inflation_first_release,cost_of_living,RO,M,2020-04-01,2020-04-30,2.3,percent change on same month of previous year,,,FIN,"",eurostat,prc_hicp_fpd,RO,2020-04,2026-09-17T11:00:00+0200,2026-09-28T01:56:21+00:00,efedfe4956a2e0cf7910deaeaaa53bc36544798722f6679874577ac63fe46c29
hicp_inflation_first_release,cost_of_living,RO,M,2020-05-01,2020-05-31,1.7,percent change on same month of previous year,,,FIN,"",eurostat,prc_hicp_fpd,RO,2020-05,2026-09-17T11:00:00+0200,2026-09-28T01:56:21+00:00,efedfe4956a2e0cf7910deaeaaa53bc36544798722f6679874577ac63fe46c29
hicp_inflation_first_release,cost_of_living,RO,M,2020-06-01,2020-06-30,2.2,percent change on same month of previous year,,,FIN,"",eurostat,prc_hicp_fpd,RO,2020-06,2026-09-17T11:00:00+0200,2026-09-28T01:56:21+00:00,efedfe4956a2e0cf7910deaeaaa53bc36544798722f6679874577ac63fe46c29
hicp_inflation_first_release,cost_of_living,RO,M,2020-07-01,2020-07-31,2.5,percent change on same month of previous year,,,FIN,"",eurostat,prc_hicp_fpd,RO,2020-07,2026-09-17T11:00:00+0200,2026-09-28T01:56:21+00:00,efedfe4956a2e0cf7910deaeaaa53bc36544798722f6679874577ac63fe46c29
hicp_inflation_first_release,cost_of_living,RO,M,2020-08-01,2020-08-31,2.5,percent change on same month of previous year,,,FIN,"",eurostat,prc_hicp_fpd,RO,2020-08,2026-09-17T11:00:00+0200,2026-09-28T01:56:21+00:00,efedfe4956a2e0cf7910deaeaaa53bc36544798722f6679874577ac63fe46c29
hicp_inflation_first_release,cost_of_living,RO,M,2020-09-01,2020-09-30,2.1,percent change on same month of previous year,,,FIN,"",eurostat,prc_hicp_fpd,RO,2020-09,2026-09-17T11:00:00+0200,2026-09-28T01:56:21+00:00,efedfe4956a2e0cf7910deaeaaa53bc36544798722f6679874577ac63fe46c29
hicp_inflation_first_release,cost_of_living,RO,M,2020-10-01,2020-10-31,1.8,percent change on same month of previous year,,,FIN,"",eurostat,prc_hicp_fpd,RO,2020-10,2026-09-17T11:00:00+0200,2026-09-28T01:56:21+00:00,efedfe4956a2e0cf7910deaeaaa53bc36544798722f6679874577ac63fe46c29
hicp_inflation_first_release,cost_of_living,RO,M,2020-11-01,2020-11-30,1.6,percent change on same month of previous year,,,FIN,"",eurostat,prc_hicp_fpd,RO,2020-11,2026-09-17T11:00:00+0200,2026-09-28T01:56:21+00:00,efedfe4956a2e0cf7910deaeaaa53bc36544798722f6679874577ac63fe46c29
hicp_inflation_first_release,cost_of_living,RO,M,2020-12-01,2020-12-31,1.8,percent change on same month of previous year,,,FIN,"",eurostat,prc_hicp_fpd,RO,2020-12,2026-09-17T11:00:00+0200,2026-09-28T01:56:21+00:00,efedfe4956a2e0cf7910deaeaaa53bc36544798722f6679874577ac63fe46c29
hicp_inflation_first_release,cost_of_living,RO,M,2021-01-01,2021-01-31,2.0,percent change on same month of previous year,,,FIN,"",eurostat,prc_hicp_fpd,RO,2021-01,2026-09-17T11:00:00+0200,2026-09-28T01:56:21+00:00,efedfe4956a2e0cf7910deaeaaa53bc36544798722f6679874577ac63fe46c29
hicp_inflation_first_release,cost_of_living,RO,M,2021-02-01,2021-02-28,2.5,percent change on same month of previous year,,,FIN,"",eurostat,prc_hicp_fpd,RO,2021-02,2026-09-17T11:00:00+0200,2026-09-28T01:56:21+00:00,efedfe4956a2e0cf7910deaeaaa53bc36544798722f6679874577ac63fe46c29
hicp_inflation_first_release,cost_of_living,RO,M,2021-03-01,2021-03-31,2.5,percent change on same month of previous year,,,FIN,"",eurostat,prc_hicp_fpd,RO,2021-03,2026-09-17T11:00:00+0200,2026-09-28T01:56:21+00:00,efedfe4956a2e0cf7910deaeaaa53bc36544798722f6679874577ac63fe46c29
hicp_inflation_first_release,cost_of_living,RO,M,2021-04-01,2021-04-30,2.7,percent change on same month of previous year,,,FIN,"",eurostat,prc_hicp_fpd,RO,2021-04,2026-09-17T11:00:00+0200,2026-09-28T01:56:21+00:00,efedfe4956a2e0cf7910deaeaaa53bc36544798722f6679874577ac63fe46c29
hicp_inflation_first_release,cost_of_living,RO,M,2021-05-01,2021-05-31,3.2,percent change on same month of previous year,,,FIN,"",eurostat,prc_hicp_fpd,RO,2021-05,2026-09-17T11:00:00+0200,2026-09-28T01:56:21+00:00,efedfe4956a2e0cf7910deaeaaa53bc36544798722f6679874577ac63fe46c29
hicp_inflation_first_release,cost_of_living,RO,M,2021-06-01,2021-06-30,3.5,percent change on same month of previous year,,,FIN,"",eurostat,prc_hicp_fpd,RO,2021-06,2026-09-17T11:00:00+0200,2026-09-28T01:56:21+00:00,efedfe4956a2e0cf7910deaeaaa53bc36544798722f6679874577ac63fe46c29
hicp_inflation_first_release,cost_of_living,RO,M,2021-07-01,2021-07-31,3.8,percent change on same month of previous year,,,FIN,"",eurostat,prc_hicp_fpd,RO,2021-07,2026-09-17T11:00:00+0200,2026-09-28T01:56:21+00:00,efedfe4956a2e0cf7910deaeaaa53bc36544798722f6679874577ac63fe46c29
hicp_inflation_first_release,cost_of_living,RO,M,2021-08-01,2021-08-31,4.0,percent change on same month of previous year,,,FIN,"",eurostat,prc_hicp_fpd,RO,2021-08,2026-09-17T11:00:00+0200,2026-09-28T01:56:21+00:00,efedfe4956a2e0cf7910deaeaaa53bc36544798722f6679874577ac63fe46c29
hicp_inflation_first_release,cost_of_living,RO,M,2021-09-01,2021-09-30,5.2,percent change on same month of previous year,,,FIN,"",eurostat,prc_hicp_fpd,RO,2021-09,2026-09-17T11:00:00+0200,2026-09-28T01:56:21+00:00,efedfe4956a2e0cf7910deaeaaa53bc36544798722f6679874577ac63fe46c29
hicp_inflation_first_release,cost_of_living,RO,M,2021-10-01,2021-10-31,6.5,percent change on same month of previous year,,,FIN,"",eurostat,prc_hicp_fpd,RO,2021-10,2026-09-17T11:00:00+0200,2026-09-28T01:56:21+00:00,efedfe4956a2e0cf7910deaeaaa53bc36544798722f6679874577ac63fe46c29
hicp_inflation_first_release,cost_of_living,RO,M,2021-11-01,2021-11-30,6.7,percent change on same month of previous year,,,FIN,"",eurostat,prc_hicp_fpd,RO,2021-11,2026-09-17T11:00:00+0200,2026-09-28T01:56:21+00:00,efedfe4956a2e0cf7910deaeaaa53bc36544798722f6679874577ac63fe46c29
hicp_inflation_first_release,cost_of_living,RO,M,2021-12-01,2021-12-31,6.7,percent change on same month of previous year,,,FIN,"",eurostat,prc_hicp_fpd,RO,2021-12,2026-09-17T11:00:00+0200,2026-09-28T01:56:21+00:00,efedfe4956a2e0cf7910deaeaaa53bc36544798722f6679874577ac63fe46c29
hicp_inflation_first_release,cost_of_living,RO,M,2022-01-01,2022-01-31,7.2,percent change on same month of previous year,,,FIN,"",eurostat,prc_hicp_fpd,RO,2022-01,2026-09-17T11:00:00+0200,2026-09-28T01:56:21+00:00,efedfe4956a2e0cf7910deaeaaa53bc36544798722f6679874577ac63fe46c29
hicp_inflation_first_release,cost_of_living,RO,M,2022-02-01,2022-02-28,7.9,percent change on same month of previous year,,,FIN,"",eurostat,prc_hicp_fpd,RO,2022-02,2026-09-17T11:00:00+0200,2026-09-28T01:56:21+00:00,efedfe4956a2e0cf7910deaeaaa53bc36544798722f6679874577ac63fe46c29
hicp_inflation_first_release,cost_of_living,RO,M,2022-03-01,2022-03-31,9.6,percent change on same month of previous year,,,FIN,"",eurostat,prc_hicp_fpd,RO,2022-03,2026-09-17T11:00:00+0200,2026-09-28T01:56:21+00:00,efedfe4956a2e0cf7910deaeaaa53bc36544798722f6679874577ac63fe46c29
hicp_inflation_first_release,cost_of_living,RO,M,2022-04-01,2022-04-30,11.7,percent change on same month of previous year,,,FIN,"",eurostat,prc_hicp_fpd,RO,2022-04,2026-09-17T11:00:00+0200,2026-09-28T01:56:21+00:00,efedfe4956a2e0cf7910deaeaaa53bc36544798722f6679874577ac63fe46c29
hicp_inflation_first_release,cost_of_living,RO,M,2022-05-01,2022-05-31,12.4,percent change on same month of previous year,,,FIN,"",eurostat,prc_hicp_fpd,RO,2022-05,2026-09-17T11:00:00+0200,2026-09-28T01:56:21+00:00,efedfe4956a2e0cf7910deaeaaa53bc36544798722f6679874577ac63fe46c29
hicp_inflation_first_release,cost_of_living,RO,M,2022-06-01,2022-06-30,13.0,percent change on same month of previous year,,,FIN,"",eurostat,prc_hicp_fpd,RO,2022-06,2026-09-17T11:00:00+0200,2026-09-28T01:56:21+00:00,efedfe4956a2e0cf7910deaeaaa53bc36544798722f6679874577ac63fe46c29
hicp_inflation_first_release,cost_of_living,RO,M,2022-07-01,2022-07-31,13.0,percent change on same month of previous year,,,FIN,"",eurostat,prc_hicp_fpd,RO,2022-07,2026-09-17T11:00:00+0200,2026-09-28T01:56:21+00:00,efedfe4956a2e0cf7910deaeaaa53bc36544798722f6679874577ac63fe46c29
hicp_inflation_first_release,cost_of_living,RO,M,2022-08-01,2022-08-31,13.3,percent change on same month of previous year,,,FIN,"",eurostat,prc_hicp_fpd,RO,2022-08,2026-09-17T11:00:00+0200,2026-09-28T01:56:21+00:00,efedfe4956a2e0cf7910deaeaaa53bc36544798722f6679874577ac63fe46c29
hicp_inflation_first_release,cost_of_living,RO,M,2022-09-01,2022-09-30,13.4,percent change on same month of previous year,,,FIN,"",eurostat,prc_hicp_fpd,RO,2022-09,2026-09-17T11:00:00+0200,2026-09-28T01:56:21+00:00,efedfe4956a2e0cf7910deaeaaa53bc36544798722f6679874577ac63fe46c29
hicp_inflation_first_release,cost_of_living,RO,M,2022-10-01,2022-10-31,13.5,percent change on same month of previous year,,,FIN,"",eurostat,prc_hicp_fpd,RO,2022-10,2026-09-17T11:00:00+0200,2026-09-28T01:56:21+00:00,efedfe4956a2e0cf7910deaeaaa53bc36544798722f6679874577ac63fe46c29
hicp_inflation_first_release,cost_of_living,RO,M,2022-11-01,2022-11-30,14.6,percent change on same month of previous year,,,FIN,"",eurostat,prc_hicp_fpd,RO,2022-11,2026-09-17T11:00:00+0200,2026-09-28T01:56:21+00:00,efedfe4956a2e0cf7910deaeaaa53bc36544798722f6679874577ac63fe46c29
hicp_inflation_first_release,cost_of_living,RO,M,2022-12-01,2022-12-31,14.1,percent change on same month of previous year,,,FIN,"",eurostat,prc_hicp_fpd,RO,2022-12,2026-09-17T11:00:00+0200,2026-09-28T01:56:21+00:00,efedfe4956a2e0cf7910deaeaaa53bc36544798722f6679874577ac63fe46c29
hicp_inflation_first_release,cost_of_living,RO,M,2023-01-01,2023-01-31,13.4,percent change on same month of previous year,,,FIN,"",eurostat,prc_hicp_fpd,RO,2023-01,2026-09-17T11:00:00+0200,2026-09-28T01:56:21+00:00,efedfe4956a2e0cf7910deaeaaa53bc36544798722f6679874577ac63fe46c29
hicp_inflation_first_release,cost_of_living,RO,M,2023-02-01,2023-02-28,13.4,percent change on same month of previous year,,,FIN,"",eurostat,prc_hicp_fpd,RO,2023-02,2026-09-17T11:00:00+0200,2026-09-28T01:56:21+00:00,efedfe4956a2e0cf7910deaeaaa53bc36544798722f6679874577ac63fe46c29
hicp_inflation_first_release,cost_of_living,RO,M,2023-03-01,2023-03-31,12.1,percent change on same month of previous year,,,FIN,"",eurostat,prc_hicp_fpd,RO,2023-03,2026-09-17T11:00:00+0200,2026-09-28T01:56:21+00:00,efedfe4956a2e0cf7910deaeaaa53bc36544798722f6679874577ac63fe46c29
hicp_inflation_first_release,cost_of_living,RO,M,2023-04-01,2023-04-30,10.4,percent change on same month of previous year,,,FIN,"",eurostat,prc_hicp_fpd,RO,2023-04,2026-09-17T11:00:00+0200,2026-09-28T01:56:21+00:00,efedfe4956a2e0cf7910deaeaaa53bc36544798722f6679874577ac63fe46c29
hicp_inflation_first_release,cost_of_living,RO,M,2023-05-01,2023-05-31,9.6,percent change on same month of previous year,,,FIN,"",eurostat,prc_hicp_fpd,RO,2023-05,2026-09-17T11:00:00+0200,2026-09-28T01:56:21+00:00,efedfe4956a2e0cf7910deaeaaa53bc36544798722f6679874577ac63fe46c29
hicp_inflation_first_release,cost_of_living,RO,M,2023-06-01,2023-06-30,9.3,percent change on same month of previous year,,,FIN,"",eurostat,prc_hicp_fpd,RO,2023-06,2026-09-17T11:00:00+0200,2026-09-28T01:56:21+00:00,efedfe4956a2e0cf7910deaeaaa53bc36544798722f6679874577ac63fe46c29
hicp_inflation_first_release,cost_of_living,RO,M,2023-07-01,2023-07-31,8.9,percent change on same month of previous year,,,FIN,"",eurostat,prc_hicp_fpd,RO,2023-07,2026-09-17T11:00:00+0200,2026-09-28T01:56:21+00:00,efedfe4956a2e0cf7910deaeaaa53bc36544798722f6679874577ac63fe46c29
hicp_inflation_first_release,cost_of_living,RO,M,2023-08-01,2023-08-31,9.3,percent change on same month of previous year,,,FIN,"",eurostat,prc_hicp_fpd,RO,2023-08,2026-09-17T11:00:00+0200,2026-09-28T01:56:21+00:00,efedfe4956a2e0cf7910deaeaaa53bc36544798722f6679874577ac63fe46c29
hicp_inflation_first_release,cost_of_living,RO,M,2023-09-01,2023-09-30,9.2,percent change on same month of previous year,,,FIN,"",eurostat,prc_hicp_fpd,RO,2023-09,2026-09-17T11:00:00+0200,2026-09-28T01:56:21+00:00,efedfe4956a2e0cf7910deaeaaa53bc36544798722f6679874577ac63fe46c29
hicp_inflation_first_release,cost_of_living,RO,M,2023-10-01,2023-10-31,8.3,percent change on same month of previous year,,,FIN,"",eurostat,prc_hicp_fpd,RO,2023-10,2026-09-17T11:00:00+0200,2026-09-28T01:56:21+00:00,efedfe4956a2e0cf7910deaeaaa53bc36544798722f6679874577ac63fe46c29
hicp_inflation_first_release,cost_of_living,RO,M,2023-11-01,2023-11-30,6.9,percent change on same month of previous year,,,FIN,"",eurostat,prc_hicp_fpd,RO,2023-11,2026-09-17T11:00:00+0200,2026-09-28T01:56:21+00:00,efedfe4956a2e0cf7910deaeaaa53bc36544798722f6679874577ac63fe46c29
hicp_inflation_first_release,cost_of_living,RO,M,2023-12-01,2023-12-31,7.0,percent change on same month of previous year,,,FIN,"",eurostat,prc_hicp_fpd,RO,2023-12,2026-09-17T11:00:00+0200,2026-09-28T01:56:21+00:00,efedfe4956a2e0cf7910deaeaaa53bc36544798722f6679874577ac63fe46c29
hicp_inflation_first_release,cost_of_living,RO,M,2024-01-01,2024-01-31,7.3,percent change on same month of previous year,,,FIN,"",eurostat,prc_hicp_fpd,RO,2024-01,2026-09-17T11:00:00+0200,2026-09-28T01:56:21+00:00,efedfe4956a2e0cf7910deaeaaa53bc36544798722f6679874577ac63fe46c29
hicp_inflation_first_release,cost_of_living,RO,M,2024-02-01,2024-02-29,7.1,percent change on same month of previous year,,,FIN,"",eurostat,prc_hicp_fpd,RO,2024-02,2026-09-17T11:00:00+0200,2026-09-28T01:56:21+00:00,efedfe4956a2e0cf7910deaeaaa53bc36544798722f6679874577ac63fe46c29
hicp_inflation_first_release,cost_of_living,RO,M,2024-03-01,2024-03-31,6.7,percent change on same month of previous year,,,FIN,"",eurostat,prc_hicp_fpd,RO,2024-03,2026-09-17T11:00:00+0200,2026-09-28T01:56:21+00:00,efedfe4956a2e0cf7910deaeaaa53bc36544798722f6679874577ac63fe46c29
hicp_inflation_first_release,cost_of_living,RO,M,2024-04-01,2024-04-30,6.2,percent change on same month of previous year,,,FIN,"",eurostat,prc_hicp_fpd,RO,2024-04,2026-09-17T11:00:00+0200,2026-09-28T01:56:21+00:00,efedfe4956a2e0cf7910deaeaaa53bc36544798722f6679874577ac63fe46c29
hicp_inflation_first_release,cost_of_living,RO,M,2024-05-01,2024-05-31,5.8,percent change on same month of previous year,,,FIN,"",eurostat,prc_hicp_fpd,RO,2024-05,2026-09-17T11:00:00+0200,2026-09-28T01:56:21+00:00,efedfe4956a2e0cf7910deaeaaa53bc36544798722f6679874577ac63fe46c29
hicp_inflation_first_release,cost_of_living,RO,M,2024-06-01,2024-06-30,5.3,percent change on same month of previous year,,,FIN,"",eurostat,prc_hicp_fpd,RO,2024-06,2026-09-17T11:00:00+0200,2026-09-28T01:56:21+00:00,efedfe4956a2e0cf7910deaeaaa53bc36544798722f6679874577ac63fe46c29
hicp_inflation_first_release,cost_of_living,RO,M,2024-07-01,2024-07-31,5.8,percent change on same month of previous year,,,FIN,"",eurostat,prc_hicp_fpd,RO,2024-07,2026-09-17T11:00:00+0200,2026-09-28T01:56:21+00:00,efedfe4956a2e0cf7910deaeaaa53bc36544798722f6679874577ac63fe46c29
hicp_inflation_first_release,cost_of_living,RO,M,2024-08-01,2024-08-31,5.3,percent change on same month of previous year,,,FIN,"",eurostat,prc_hicp_fpd,RO,2024-08,2026-09-17T11:00:00+0200,2026-09-28T01:56:21+00:00,efedfe4956a2e0cf7910deaeaaa53bc36544798722f6679874577ac63fe46c29
hicp_inflation_first_release,cost_of_living,RO,M,2024-09-01,2024-09-30,4.8,percent change on same month of previous year,,,FIN,"",eurostat,prc_hicp_fpd,RO,2024-09,2026-09-17T11:00:00+0200,2026-09-28T01:56:21+00:00,efedfe4956a2e0cf7910deaeaaa53bc36544798722f6679874577ac63fe46c29
hicp_inflation_first_release,cost_of_living,RO,M,2024-10-01,2024-10-31,5.0,percent change on same month of previous year,,,FIN,"",eurostat,prc_hicp_fpd,RO,2024-10,2026-09-17T11:00:00+0200,2026-09-28T01:56:21+00:00,efedfe4956a2e0cf7910deaeaaa53bc36544798722f6679874577ac63fe46c29
hicp_inflation_first_release,cost_of_living,RO,M,2024-11-01,2024-11-30,5.4,percent change on same month of previous year,,,FIN,"",eurostat,prc_hicp_fpd,RO,2024-11,2026-09-17T11:00:00+0200,2026-09-28T01:56:21+00:00,efedfe4956a2e0cf7910deaeaaa53bc36544798722f6679874577ac63fe46c29
hicp_inflation_first_release,cost_of_living,RO,M,2024-12-01,2024-12-31,5.5,percent change on same month of previous year,,,FIN,"",eurostat,prc_hicp_fpd,RO,2024-12,2026-09-17T11:00:00+0200,2026-09-28T01:56:21+00:00,efedfe4956a2e0cf7910deaeaaa53bc36544798722f6679874577ac63fe46c29
hicp_inflation_first_release,cost_of_living,RO,M,2025-01-01,2025-01-31,5.3,percent change on same month of previous year,,,FIN,"",eurostat,prc_hicp_fpd,RO,2025-01,2026-09-17T11:00:00+0200,2026-09-28T01:56:21+00:00,efedfe4956a2e0cf7910deaeaaa53bc36544798722f6679874577ac63fe46c29
hicp_inflation_first_release,cost_of_living,RO,M,2025-02-01,2025-02-28,5.2,percent change on same month of previous year,,,FIN,"",eurostat,prc_hicp_fpd,RO,2025-02,2026-09-17T11:00:00+0200,2026-09-28T01:56:21+00:00,efedfe4956a2e0cf7910deaeaaa53bc36544798722f6679874577ac63fe46c29
hicp_inflation_first_release,cost_of_living,RO,M,2025-03-01,2025-03-31,5.1,percent change on same month of previous year,,,FIN,"",eurostat,prc_hicp_fpd,RO,2025-03,2026-09-17T11:00:00+0200,2026-09-28T01:56:21+00:00,efedfe4956a2e0cf7910deaeaaa53bc36544798722f6679874577ac63fe46c29
hicp_inflation_first_release,cost_of_living,RO,M,2025-04-01,2025-04-30,4.9,percent change on same month of previous year,,,FIN,"",eurostat,prc_hicp_fpd,RO,2025-04,2026-09-17T11:00:00+0200,2026-09-28T01:56:21+00:00,efedfe4956a2e0cf7910deaeaaa53bc36544798722f6679874577ac63fe46c29
hicp_inflation_first_release,cost_of_living,RO,M,2025-05-01,2025-05-31,5.4,percent change on same month of previous year,,,FIN,"",eurostat,prc_hicp_fpd,RO,2025-05,2026-09-17T11:00:00+0200,2026-09-28T01:56:21+00:00,efedfe4956a2e0cf7910deaeaaa53bc36544798722f6679874577ac63fe46c29
hicp_inflation_first_release,cost_of_living,RO,M,2025-06-01,2025-06-30,5.8,percent change on same month of previous year,,,FIN,"",eurostat,prc_hicp_fpd,RO,2025-06,2026-09-17T11:00:00+0200,2026-09-28T01:56:21+00:00,efedfe4956a2e0cf7910deaeaaa53bc36544798722f6679874577ac63fe46c29
hicp_inflation_first_release,cost_of_living,RO,M,2025-07-01,2025-07-31,6.6,percent change on same month of previous year,,,FIN,"",eurostat,prc_hicp_fpd,RO,2025-07,2026-09-17T11:00:00+0200,2026-09-28T01:56:21+00:00,efedfe4956a2e0cf7910deaeaaa53bc36544798722f6679874577ac63fe46c29
hicp_inflation_first_release,cost_of_living,RO,M,2025-08-01,2025-08-31,8.5,percent change on same month of previous year,,,FIN,"",eurostat,prc_hicp_fpd,RO,2025-08,2026-09-17T11:00:00+0200,2026-09-28T01:56:21+00:00,efedfe4956a2e0cf7910deaeaaa53bc36544798722f6679874577ac63fe46c29
hicp_inflation_first_release,cost_of_living,RO,M,2025-09-01,2025-09-30,8.6,percent change on same month of previous year,,,FIN,"",eurostat,prc_hicp_fpd,RO,2025-09,2026-09-17T11:00:00+0200,2026-09-28T01:56:21+00:00,efedfe4956a2e0cf7910deaeaaa53bc36544798722f6679874577ac63fe46c29
hicp_inflation_first_release,cost_of_living,RO,M,2025-10-01,2025-10-31,8.4,percent change on same month of previous year,,,FIN,"",eurostat,prc_hicp_fpd,RO,2025-10,2026-09-17T11:00:00+0200,2026-09-28T01:56:21+00:00,efedfe4956a2e0cf7910deaeaaa53bc36544798722f6679874577ac63fe46c29
hicp_inflation_first_release,cost_of_living,RO,M,2025-11-01,2025-11-30,8.6,percent change on same month of previous year,,,FIN,"",eurostat,prc_hicp_fpd,RO,2025-11,2026-09-17T11:00:00+0200,2026-09-28T01:56:21+00:00,efedfe4956a2e0cf7910deaeaaa53bc36544798722f6679874577ac63fe46c29
hicp_inflation_first_release,cost_of_living,RO,M,2025-12-01,2025-12-31,8.6,percent change on same month of previous year,,,FIN,"",eurostat,prc_hicp_fpd,RO,2025-12,2026-09-17T11:00:00+0200,2026-09-28T01:56:21+00:00,efedfe4956a2e0cf7910deaeaaa53bc36544798722f6679874577ac63fe46c29
hicp_inflation_first_release,cost_of_living,RO,M,2026-01-01,2026-01-31,8.5,percent change on same month of previous year,,,FIN,"",eurostat,prc_hicp_fpd,RO,2026-01,2026-09-17T11:00:00+0200,2026-09-28T01:56:21+00:00,efedfe4956a2e0cf7910deaeaaa53bc36544798722f6679874577ac63fe46c29
hicp_inflation_first_release,cost_of_living,RO,M,2026-02-01,2026-02-28,8.3,percent change on same month of previous year,,,FIN,"",eurostat,prc_hicp_fpd,RO,2026-02,2026-09-17T11:00:00+0200,2026-09-28T01:56:21+00:00,efedfe4956a2e0cf7910deaeaaa53bc36544798722f6679874577ac63fe46c29
hicp_inflation_first_release,cost_of_living,RO,M,2026-03-01,2026-03-31,9.0,percent change on same month of previous year,,,FIN,"",eurostat,prc_hicp_fpd,RO,2026-03,2026-09-17T11:00:00+0200,2026-09-28T01:56:21+00:00,efedfe4956a2e0cf7910deaeaaa53bc36544798722f6679874577ac63fe46c29
hicp_inflation_first_release,cost_of_living,RO,M,2026-04-01,2026-04-30,9.5,percent change on same month of previous year,,,FIN,"",eurostat,prc_hicp_fpd,RO,2026-04,2026-09-17T11:00:00+0200,2026-09-28T01:56:21+00:00,efedfe4956a2e0cf7910deaeaaa53bc36544798722f6679874577ac63fe46c29
hicp_inflation_first_release,cost_of_living,RO,M,2026-05-01,2026-05-31,9.7,percent change on same month of previous year,,,FIN,"",eurostat,prc_hicp_fpd,RO,2026-05,2026-09-17T11:00:00+0200,2026-09-28T01:56:21+00:00,efedfe4956a2e0cf7910deaeaaa53bc36544798722f6679874577ac63fe46c29
hicp_inflation_first_release,cost_of_living,RO,M,2026-06-01,2026-06-30,9.2,percent change on same month of previous year,,,FIN,"",eurostat,prc_hicp_fpd,RO,2026-06,2026-09-17T11:00:00+0200,2026-09-28T01:56:21+00:00,efedfe4956a2e0cf7910deaeaaa53bc36544798722f6679874577ac63fe46c29
hicp_inflation_first_release,cost_of_living,RO,M,2026-07-01,2026-07-31,8.2,percent change on same month of previous year,,,FIN,"",eurostat,prc_hicp_fpd,RO,2026-07,2026-09-17T11:00:00+0200,2026-09-28T01:56:21+00:00,efedfe4956a2e0cf7910deaeaaa53bc36544798722f6679874577ac63fe46c29
hicp_inflation_first_release,cost_of_living,RO,M,2026-08-01,2026-08-31,6.3,percent change on same month of previous year,,,FIN,"",eurostat,prc_hicp_fpd,RO,2026-08,2026-09-17T11:00:00+0200,2026-09-28T01:56:21+00:00,efedfe4956a2e0cf7910deaeaaa53bc36544798722f6679874577ac63fe46c29
job_vacancy_rate,labour_demand,BG,Q,2019-01-01,2019-03-31,1.0,percent of occupied plus vacant posts,,,,"",eurostat,jvs_q_r21,BG,2019-Q1,2026-09-15T11:00:00+0200,2026-09-28T01:56:20+00:00,85cc95fe52ba4b04f8a50180d7b77e62728d20643beccaaa73baabb7c63bb709
job_vacancy_rate,labour_demand,BG,Q,2019-04-01,2019-06-30,0.9,percent of occupied plus vacant posts,,,,"",eurostat,jvs_q_r21,BG,2019-Q2,2026-09-15T11:00:00+0200,2026-09-28T01:56:20+00:00,85cc95fe52ba4b04f8a50180d7b77e62728d20643beccaaa73baabb7c63bb709
job_vacancy_rate,labour_demand,BG,Q,2019-07-01,2019-09-30,0.8,percent of occupied plus vacant posts,,,,"",eurostat,jvs_q_r21,BG,2019-Q3,2026-09-15T11:00:00+0200,2026-09-28T01:56:20+00:00,85cc95fe52ba4b04f8a50180d7b77e62728d20643beccaaa73baabb7c63bb709
job_vacancy_rate,labour_demand,BG,Q,2019-10-01,2019-12-31,0.8,percent of occupied plus vacant posts,,,,"",eurostat,jvs_q_r21,BG,2019-Q4,2026-09-15T11:00:00+0200,2026-09-28T01:56:20+00:00,85cc95fe52ba4b04f8a50180d7b77e62728d20643beccaaa73baabb7c63bb709
job_vacancy_rate,labour_demand,BG,Q,2020-01-01,2020-03-31,0.7,percent of occupied plus vacant posts,,,,"",eurostat,jvs_q_r21,BG,2020-Q1,2026-09-15T11:00:00+0200,2026-09-28T01:56:20+00:00,85cc95fe52ba4b04f8a50180d7b77e62728d20643beccaaa73baabb7c63bb709
job_vacancy_rate,labour_demand,BG,Q,2020-04-01,2020-06-30,0.8,percent of occupied plus vacant posts,,,,"",eurostat,jvs_q_r21,BG,2020-Q2,2026-09-15T11:00:00+0200,2026-09-28T01:56:20+00:00,85cc95fe52ba4b04f8a50180d7b77e62728d20643beccaaa73baabb7c63bb709
job_vacancy_rate,labour_demand,BG,Q,2020-07-01,2020-09-30,0.8,percent of occupied plus vacant posts,,,,"",eurostat,jvs_q_r21,BG,2020-Q3,2026-09-15T11:00:00+0200,2026-09-28T01:56:20+00:00,85cc95fe52ba4b04f8a50180d7b77e62728d20643beccaaa73baabb7c63bb709
job_vacancy_rate,labour_demand,BG,Q,2020-10-01,2020-12-31,0.7,percent of occupied plus vacant posts,,,,"",eurostat,jvs_q_r21,BG,2020-Q4,2026-09-15T11:00:00+0200,2026-09-28T01:56:20+00:00,85cc95fe52ba4b04f8a50180d7b77e62728d20643beccaaa73baabb7c63bb709
job_vacancy_rate,labour_demand,BG,Q,2021-01-01,2021-03-31,0.8,percent of occupied plus vacant posts,,,,"",eurostat,jvs_q_r21,BG,2021-Q1,2026-09-15T11:00:00+0200,2026-09-28T01:56:20+00:00,85cc95fe52ba4b04f8a50180d7b77e62728d20643beccaaa73baabb7c63bb709
job_vacancy_rate,labour_demand,BG,Q,2021-04-01,2021-06-30,0.8,percent of occupied plus vacant posts,,,,"",eurostat,jvs_q_r21,BG,2021-Q2,2026-09-15T11:00:00+0200,2026-09-28T01:56:20+00:00,85cc95fe52ba4b04f8a50180d7b77e62728d20643beccaaa73baabb7c63bb709
job_vacancy_rate,labour_demand,BG,Q,2021-07-01,2021-09-30,0.8,percent of occupied plus vacant posts,,,,"",eurostat,jvs_q_r21,BG,2021-Q3,2026-09-15T11:00:00+0200,2026-09-28T01:56:20+00:00,85cc95fe52ba4b04f8a50180d7b77e62728d20643beccaaa73baabb7c63bb709
job_vacancy_rate,labour_demand,BG,Q,2021-10-01,2021-12-31,0.7,percent of occupied plus vacant posts,,,,"",eurostat,jvs_q_r21,BG,2021-Q4,2026-09-15T11:00:00+0200,2026-09-28T01:56:20+00:00,85cc95fe52ba4b04f8a50180d7b77e62728d20643beccaaa73baabb7c63bb709
job_vacancy_rate,labour_demand,BG,Q,2022-01-01,2022-03-31,0.9,percent of occupied plus vacant posts,,,,"",eurostat,jvs_q_r21,BG,2022-Q1,2026-09-15T11:00:00+0200,2026-09-28T01:56:20+00:00,85cc95fe52ba4b04f8a50180d7b77e62728d20643beccaaa73baabb7c63bb709
job_vacancy_rate,labour_demand,BG,Q,2022-04-01,2022-06-30,0.9,percent of occupied plus vacant posts,,,,"",eurostat,jvs_q_r21,BG,2022-Q2,2026-09-15T11:00:00+0200,2026-09-28T01:56:20+00:00,85cc95fe52ba4b04f8a50180d7b77e62728d20643beccaaa73baabb7c63bb709
job_vacancy_rate,labour_demand,BG,Q,2022-07-01,2022-09-30,0.8,percent of occupied plus vacant posts,,,,"",eurostat,jvs_q_r21,BG,2022-Q3,2026-09-15T11:00:00+0200,2026-09-28T01:56:20+00:00,85cc95fe52ba4b04f8a50180d7b77e62728d20643beccaaa73baabb7c63bb709
job_vacancy_rate,labour_demand,BG,Q,2022-10-01,2022-12-31,0.8,percent of occupied plus vacant posts,,,,"",eurostat,jvs_q_r21,BG,2022-Q4,2026-09-15T11:00:00+0200,2026-09-28T01:56:20+00:00,85cc95fe52ba4b04f8a50180d7b77e62728d20643beccaaa73baabb7c63bb709
job_vacancy_rate,labour_demand,BG,Q,2023-01-01,2023-03-31,0.8,percent of occupied plus vacant posts,,,,"",eurostat,jvs_q_r21,BG,2023-Q1,2026-09-15T11:00:00+0200,2026-09-28T01:56:20+00:00,85cc95fe52ba4b04f8a50180d7b77e62728d20643beccaaa73baabb7c63bb709
job_vacancy_rate,labour_demand,BG,Q,2023-04-01,2023-06-30,0.8,percent of occupied plus vacant posts,,,,"",eurostat,jvs_q_r21,BG,2023-Q2,2026-09-15T11:00:00+0200,2026-09-28T01:56:20+00:00,85cc95fe52ba4b04f8a50180d7b77e62728d20643beccaaa73baabb7c63bb709
job_vacancy_rate,labour_demand,BG,Q,2023-07-01,2023-09-30,0.8,percent of occupied plus vacant posts,,,,"",eurostat,jvs_q_r21,BG,2023-Q3,2026-09-15T11:00:00+0200,2026-09-28T01:56:20+00:00,85cc95fe52ba4b04f8a50180d7b77e62728d20643beccaaa73baabb7c63bb709
job_vacancy_rate,labour_demand,BG,Q,2023-10-01,2023-12-31,0.7,percent of occupied plus vacant posts,,,,"",eurostat,jvs_q_r21,BG,2023-Q4,2026-09-15T11:00:00+0200,2026-09-28T01:56:20+00:00,85cc95fe52ba4b04f8a50180d7b77e62728d20643beccaaa73baabb7c63bb709
job_vacancy_rate,labour_demand,BG,Q,2024-01-01,2024-03-31,0.8,percent of occupied plus vacant posts,p,provisional,,EX_STATUS_FLAGGED,eurostat,jvs_q_r21,BG,2024-Q1,2026-09-15T11:00:00+0200,2026-09-28T01:56:20+00:00,85cc95fe52ba4b04f8a50180d7b77e62728d20643beccaaa73baabb7c63bb709
job_vacancy_rate,labour_demand,BG,Q,2024-04-01,2024-06-30,0.8,percent of occupied plus vacant posts,p,provisional,,EX_STATUS_FLAGGED,eurostat,jvs_q_r21,BG,2024-Q2,2026-09-15T11:00:00+0200,2026-09-28T01:56:20+00:00,85cc95fe52ba4b04f8a50180d7b77e62728d20643beccaaa73baabb7c63bb709
job_vacancy_rate,labour_demand,BG,Q,2024-07-01,2024-09-30,0.8,percent of occupied plus vacant posts,p,provisional,,EX_STATUS_FLAGGED,eurostat,jvs_q_r21,BG,2024-Q3,2026-09-15T11:00:00+0200,2026-09-28T01:56:20+00:00,85cc95fe52ba4b04f8a50180d7b77e62728d20643beccaaa73baabb7c63bb709
job_vacancy_rate,labour_demand,BG,Q,2024-10-01,2024-12-31,0.7,percent of occupied plus vacant posts,p,provisional,,EX_STATUS_FLAGGED,eurostat,jvs_q_r21,BG,2024-Q4,2026-09-15T11:00:00+0200,2026-09-28T01:56:20+00:00,85cc95fe52ba4b04f8a50180d7b77e62728d20643beccaaa73baabb7c63bb709
job_vacancy_rate,labour_demand,BG,Q,2025-01-01,2025-03-31,0.9,percent of occupied plus vacant posts,p,provisional,,EX_STATUS_FLAGGED,eurostat,jvs_q_r21,BG,2025-Q1,2026-09-15T11:00:00+0200,2026-09-28T01:56:20+00:00,85cc95fe52ba4b04f8a50180d7b77e62728d20643beccaaa73baabb7c63bb709
job_vacancy_rate,labour_demand,BG,Q,2025-04-01,2025-06-30,0.9,percent of occupied plus vacant posts,p,provisional,,EX_STATUS_FLAGGED,eurostat,jvs_q_r21,BG,2025-Q2,2026-09-15T11:00:00+0200,2026-09-28T01:56:20+00:00,85cc95fe52ba4b04f8a50180d7b77e62728d20643beccaaa73baabb7c63bb709
job_vacancy_rate,labour_demand,BG,Q,2025-07-01,2025-09-30,0.8,percent of occupied plus vacant posts,p,provisional,,EX_STATUS_FLAGGED,eurostat,jvs_q_r21,BG,2025-Q3,2026-09-15T11:00:00+0200,2026-09-28T01:56:20+00:00,85cc95fe52ba4b04f8a50180d7b77e62728d20643beccaaa73baabb7c63bb709
job_vacancy_rate,labour_demand,BG,Q,2025-10-01,2025-12-31,0.8,percent of occupied plus vacant posts,p,provisional,,EX_STATUS_FLAGGED,eurostat,jvs_q_r21,BG,2025-Q4,2026-09-15T11:00:00+0200,2026-09-28T01:56:20+00:00,85cc95fe52ba4b04f8a50180d7b77e62728d20643beccaaa73baabb7c63bb709
job_vacancy_rate,labour_demand,BG,Q,2026-01-01,2026-03-31,0.9,percent of occupied plus vacant posts,p,provisional,,EX_STATUS_FLAGGED,eurostat,jvs_q_r21,BG,2026-Q1,2026-09-15T11:00:00+0200,2026-09-28T01:56:20+00:00,85cc95fe52ba4b04f8a50180d7b77e62728d20643beccaaa73baabb7c63bb709
job_vacancy_rate,labour_demand,BG,Q,2026-04-01,2026-06-30,0.8,percent of occupied plus vacant posts,p,provisional,,EX_STATUS_FLAGGED,eurostat,jvs_q_r21,BG,2026-Q2,2026-09-15T11:00:00+0200,2026-09-28T01:56:20+00:00,85cc95fe52ba4b04f8a50180d7b77e62728d20643beccaaa73baabb7c63bb709
job_vacancy_rate,labour_demand,GR,Q,2019-01-01,2019-03-31,0.6,percent of occupied plus vacant posts,,,,"",eurostat,jvs_q_r21,EL,2019-Q1,2026-09-15T11:00:00+0200,2026-09-28T01:56:20+00:00,85cc95fe52ba4b04f8a50180d7b77e62728d20643beccaaa73baabb7c63bb709
job_vacancy_rate,labour_demand,GR,Q,2019-04-01,2019-06-30,0.7,percent of occupied plus vacant posts,,,,"",eurostat,jvs_q_r21,EL,2019-Q2,2026-09-15T11:00:00+0200,2026-09-28T01:56:20+00:00,85cc95fe52ba4b04f8a50180d7b77e62728d20643beccaaa73baabb7c63bb709
job_vacancy_rate,labour_demand,GR,Q,2019-07-01,2019-09-30,0.6,percent of occupied plus vacant posts,,,,"",eurostat,jvs_q_r21,EL,2019-Q3,2026-09-15T11:00:00+0200,2026-09-28T01:56:20+00:00,85cc95fe52ba4b04f8a50180d7b77e62728d20643beccaaa73baabb7c63bb709
job_vacancy_rate,labour_demand,GR,Q,2019-10-01,2019-12-31,0.5,percent of occupied plus vacant posts,,,,"",eurostat,jvs_q_r21,EL,2019-Q4,2026-09-15T11:00:00+0200,2026-09-28T01:56:20+00:00,85cc95fe52ba4b04f8a50180d7b77e62728d20643beccaaa73baabb7c63bb709
job_vacancy_rate,labour_demand,GR,Q,2020-01-01,2020-03-31,0.4,percent of occupied plus vacant posts,,,,"",eurostat,jvs_q_r21,EL,2020-Q1,2026-09-15T11:00:00+0200,2026-09-28T01:56:20+00:00,85cc95fe52ba4b04f8a50180d7b77e62728d20643beccaaa73baabb7c63bb709
job_vacancy_rate,labour_demand,GR,Q,2020-04-01,2020-06-30,0.3,percent of occupied plus vacant posts,,,,"",eurostat,jvs_q_r21,EL,2020-Q2,2026-09-15T11:00:00+0200,2026-09-28T01:56:20+00:00,85cc95fe52ba4b04f8a50180d7b77e62728d20643beccaaa73baabb7c63bb709
job_vacancy_rate,labour_demand,GR,Q,2020-07-01,2020-09-30,0.5,percent of occupied plus vacant posts,,,,"",eurostat,jvs_q_r21,EL,2020-Q3,2026-09-15T11:00:00+0200,2026-09-28T01:56:20+00:00,85cc95fe52ba4b04f8a50180d7b77e62728d20643beccaaa73baabb7c63bb709
job_vacancy_rate,labour_demand,GR,Q,2020-10-01,2020-12-31,0.3,percent of occupied plus vacant posts,,,,"",eurostat,jvs_q_r21,EL,2020-Q4,2026-09-15T11:00:00+0200,2026-09-28T01:56:20+00:00,85cc95fe52ba4b04f8a50180d7b77e62728d20643beccaaa73baabb7c63bb709
job_vacancy_rate,labour_demand,GR,Q,2021-01-01,2021-03-31,0.3,percent of occupied plus vacant posts,,,,"",eurostat,jvs_q_r21,EL,2021-Q1,2026-09-15T11:00:00+0200,2026-09-28T01:56:20+00:00,85cc95fe52ba4b04f8a50180d7b77e62728d20643beccaaa73baabb7c63bb709
job_vacancy_rate,labour_demand,GR,Q,2021-04-01,2021-06-30,0.6,percent of occupied plus vacant posts,,,,"",eurostat,jvs_q_r21,EL,2021-Q2,2026-09-15T11:00:00+0200,2026-09-28T01:56:20+00:00,85cc95fe52ba4b04f8a50180d7b77e62728d20643beccaaa73baabb7c63bb709
job_vacancy_rate,labour_demand,GR,Q,2021-07-01,2021-09-30,0.7,percent of occupied plus vacant posts,,,,"",eurostat,jvs_q_r21,EL,2021-Q3,2026-09-15T11:00:00+0200,2026-09-28T01:56:20+00:00,85cc95fe52ba4b04f8a50180d7b77e62728d20643beccaaa73baabb7c63bb709
job_vacancy_rate,labour_demand,GR,Q,2021-10-01,2021-12-31,0.7,percent of occupied plus vacant posts,,,,"",eurostat,jvs_q_r21,EL,2021-Q4,2026-09-15T11:00:00+0200,2026-09-28T01:56:20+00:00,85cc95fe52ba4b04f8a50180d7b77e62728d20643beccaaa73baabb7c63bb709
job_vacancy_rate,labour_demand,GR,Q,2022-01-01,2022-03-31,0.8,percent of occupied plus vacant posts,,,,"",eurostat,jvs_q_r21,EL,2022-Q1,2026-09-15T11:00:00+0200,2026-09-28T01:56:20+00:00,85cc95fe52ba4b04f8a50180d7b77e62728d20643beccaaa73baabb7c63bb709
job_vacancy_rate,labour_demand,GR,Q,2022-04-01,2022-06-30,1.2,percent of occupied plus vacant posts,,,,"",eurostat,jvs_q_r21,EL,2022-Q2,2026-09-15T11:00:00+0200,2026-09-28T01:56:20+00:00,85cc95fe52ba4b04f8a50180d7b77e62728d20643beccaaa73baabb7c63bb709
job_vacancy_rate,labour_demand,GR,Q,2022-07-01,2022-09-30,1.1,percent of occupied plus vacant posts,,,,"",eurostat,jvs_q_r21,EL,2022-Q3,2026-09-15T11:00:00+0200,2026-09-28T01:56:20+00:00,85cc95fe52ba4b04f8a50180d7b77e62728d20643beccaaa73baabb7c63bb709
job_vacancy_rate,labour_demand,GR,Q,2022-10-01,2022-12-31,0.9,percent of occupied plus vacant posts,,,,"",eurostat,jvs_q_r21,EL,2022-Q4,2026-09-15T11:00:00+0200,2026-09-28T01:56:20+00:00,85cc95fe52ba4b04f8a50180d7b77e62728d20643beccaaa73baabb7c63bb709
job_vacancy_rate,labour_demand,GR,Q,2023-01-01,2023-03-31,1.5,percent of occupied plus vacant posts,,,,"",eurostat,jvs_q_r21,EL,2023-Q1,2026-09-15T11:00:00+0200,2026-09-28T01:56:20+00:00,85cc95fe52ba4b04f8a50180d7b77e62728d20643beccaaa73baabb7c63bb709
job_vacancy_rate,labour_demand,GR,Q,2023-04-01,2023-06-30,1.6,percent of occupied plus vacant posts,,,,"",eurostat,jvs_q_r21,EL,2023-Q2,2026-09-15T11:00:00+0200,2026-09-28T01:56:20+00:00,85cc95fe52ba4b04f8a50180d7b77e62728d20643beccaaa73baabb7c63bb709
job_vacancy_rate,labour_demand,GR,Q,2023-07-01,2023-09-30,1.6,percent of occupied plus vacant posts,,,,"",eurostat,jvs_q_r21,EL,2023-Q3,2026-09-15T11:00:00+0200,2026-09-28T01:56:20+00:00,85cc95fe52ba4b04f8a50180d7b77e62728d20643beccaaa73baabb7c63bb709
job_vacancy_rate,labour_demand,GR,Q,2023-10-01,2023-12-31,1.8,percent of occupied plus vacant posts,,,,"",eurostat,jvs_q_r21,EL,2023-Q4,2026-09-15T11:00:00+0200,2026-09-28T01:56:20+00:00,85cc95fe52ba4b04f8a50180d7b77e62728d20643beccaaa73baabb7c63bb709
job_vacancy_rate,labour_demand,GR,Q,2024-01-01,2024-03-31,3.1,percent of occupied plus vacant posts,,,,"",eurostat,jvs_q_r21,EL,2024-Q1,2026-09-15T11:00:00+0200,2026-09-28T01:56:20+00:00,85cc95fe52ba4b04f8a50180d7b77e62728d20643beccaaa73baabb7c63bb709
job_vacancy_rate,labour_demand,GR,Q,2024-04-01,2024-06-30,2.5,percent of occupied plus vacant posts,,,,"",eurostat,jvs_q_r21,EL,2024-Q2,2026-09-15T11:00:00+0200,2026-09-28T01:56:20+00:00,85cc95fe52ba4b04f8a50180d7b77e62728d20643beccaaa73baabb7c63bb709
job_vacancy_rate,labour_demand,GR,Q,2024-07-01,2024-09-30,2.1,percent of occupied plus vacant posts,,,,"",eurostat,jvs_q_r21,EL,2024-Q3,2026-09-15T11:00:00+0200,2026-09-28T01:56:20+00:00,85cc95fe52ba4b04f8a50180d7b77e62728d20643beccaaa73baabb7c63bb709
job_vacancy_rate,labour_demand,GR,Q,2024-10-01,2024-12-31,1.2,percent of occupied plus vacant posts,,,,"",eurostat,jvs_q_r21,EL,2024-Q4,2026-09-15T11:00:00+0200,2026-09-28T01:56:20+00:00,85cc95fe52ba4b04f8a50180d7b77e62728d20643beccaaa73baabb7c63bb709
job_vacancy_rate,labour_demand,GR,Q,2025-01-01,2025-03-31,2.2,percent of occupied plus vacant posts,,,,"",eurostat,jvs_q_r21,EL,2025-Q1,2026-09-15T11:00:00+0200,2026-09-28T01:56:20+00:00,85cc95fe52ba4b04f8a50180d7b77e62728d20643beccaaa73baabb7c63bb709
job_vacancy_rate,labour_demand,GR,Q,2025-04-01,2025-06-30,1.6,percent of occupied plus vacant posts,,,,"",eurostat,jvs_q_r21,EL,2025-Q2,2026-09-15T11:00:00+0200,2026-09-28T01:56:20+00:00,85cc95fe52ba4b04f8a50180d7b77e62728d20643beccaaa73baabb7c63bb709
job_vacancy_rate,labour_demand,GR,Q,2025-07-01,2025-09-30,1.8,percent of occupied plus vacant posts,,,,"",eurostat,jvs_q_r21,EL,2025-Q3,2026-09-15T11:00:00+0200,2026-09-28T01:56:20+00:00,85cc95fe52ba4b04f8a50180d7b77e62728d20643beccaaa73baabb7c63bb709
job_vacancy_rate,labour_demand,GR,Q,2025-10-01,2025-12-31,1.3,percent of occupied plus vacant posts,,,,"",eurostat,jvs_q_r21,EL,2025-Q4,2026-09-15T11:00:00+0200,2026-09-28T01:56:20+00:00,85cc95fe52ba4b04f8a50180d7b77e62728d20643beccaaa73baabb7c63bb709
job_vacancy_rate,labour_demand,GR,Q,2026-01-01,2026-03-31,2.1,percent of occupied plus vacant posts,,,,"",eurostat,jvs_q_r21,EL,2026-Q1,2026-09-15T11:00:00+0200,2026-09-28T01:56:20+00:00,85cc95fe52ba4b04f8a50180d7b77e62728d20643beccaaa73baabb7c63bb709
job_vacancy_rate,labour_demand,GR,Q,2026-04-01,2026-06-30,1.8,percent of occupied plus vacant posts,,,,"",eurostat,jvs_q_r21,EL,2026-Q2,2026-09-15T11:00:00+0200,2026-09-28T01:56:20+00:00,85cc95fe52ba4b04f8a50180d7b77e62728d20643beccaaa73baabb7c63bb709
job_vacancy_rate,labour_demand,IE,Q,2019-01-01,2019-03-31,1.2,percent of occupied plus vacant posts,,,,"",eurostat,jvs_q_r21,IE,2019-Q1,2026-09-15T11:00:00+0200,2026-09-28T01:56:20+00:00,85cc95fe52ba4b04f8a50180d7b77e62728d20643beccaaa73baabb7c63bb709
job_vacancy_rate,labour_demand,IE,Q,2019-04-01,2019-06-30,1.1,percent of occupied plus vacant posts,,,,"",eurostat,jvs_q_r21,IE,2019-Q2,2026-09-15T11:00:00+0200,2026-09-28T01:56:20+00:00,85cc95fe52ba4b04f8a50180d7b77e62728d20643beccaaa73baabb7c63bb709
job_vacancy_rate,labour_demand,IE,Q,2019-07-01,2019-09-30,0.9,percent of occupied plus vacant posts,,,,"",eurostat,jvs_q_r21,IE,2019-Q3,2026-09-15T11:00:00+0200,2026-09-28T01:56:20+00:00,85cc95fe52ba4b04f8a50180d7b77e62728d20643beccaaa73baabb7c63bb709
job_vacancy_rate,labour_demand,IE,Q,2019-10-01,2019-12-31,0.9,percent of occupied plus vacant posts,,,,"",eurostat,jvs_q_r21,IE,2019-Q4,2026-09-15T11:00:00+0200,2026-09-28T01:56:20+00:00,85cc95fe52ba4b04f8a50180d7b77e62728d20643beccaaa73baabb7c63bb709
job_vacancy_rate,labour_demand,IE,Q,2020-01-01,2020-03-31,0.8,percent of occupied plus vacant posts,,,,"",eurostat,jvs_q_r21,IE,2020-Q1,2026-09-15T11:00:00+0200,2026-09-28T01:56:20+00:00,85cc95fe52ba4b04f8a50180d7b77e62728d20643beccaaa73baabb7c63bb709
job_vacancy_rate,labour_demand,IE,Q,2020-04-01,2020-06-30,0.7,percent of occupied plus vacant posts,,,,"",eurostat,jvs_q_r21,IE,2020-Q2,2026-09-15T11:00:00+0200,2026-09-28T01:56:20+00:00,85cc95fe52ba4b04f8a50180d7b77e62728d20643beccaaa73baabb7c63bb709
job_vacancy_rate,labour_demand,IE,Q,2020-07-01,2020-09-30,0.8,percent of occupied plus vacant posts,,,,"",eurostat,jvs_q_r21,IE,2020-Q3,2026-09-15T11:00:00+0200,2026-09-28T01:56:20+00:00,85cc95fe52ba4b04f8a50180d7b77e62728d20643beccaaa73baabb7c63bb709
job_vacancy_rate,labour_demand,IE,Q,2020-10-01,2020-12-31,0.9,percent of occupied plus vacant posts,,,,"",eurostat,jvs_q_r21,IE,2020-Q4,2026-09-15T11:00:00+0200,2026-09-28T01:56:20+00:00,85cc95fe52ba4b04f8a50180d7b77e62728d20643beccaaa73baabb7c63bb709
job_vacancy_rate,labour_demand,IE,Q,2021-01-01,2021-03-31,1.0,percent of occupied plus vacant posts,,,,"",eurostat,jvs_q_r21,IE,2021-Q1,2026-09-15T11:00:00+0200,2026-09-28T01:56:20+00:00,85cc95fe52ba4b04f8a50180d7b77e62728d20643beccaaa73baabb7c63bb709
job_vacancy_rate,labour_demand,IE,Q,2021-04-01,2021-06-30,1.2,percent of occupied plus vacant posts,,,,"",eurostat,jvs_q_r21,IE,2021-Q2,2026-09-15T11:00:00+0200,2026-09-28T01:56:20+00:00,85cc95fe52ba4b04f8a50180d7b77e62728d20643beccaaa73baabb7c63bb709
job_vacancy_rate,labour_demand,IE,Q,2021-07-01,2021-09-30,1.5,percent of occupied plus vacant posts,,,,"",eurostat,jvs_q_r21,IE,2021-Q3,2026-09-15T11:00:00+0200,2026-09-28T01:56:20+00:00,85cc95fe52ba4b04f8a50180d7b77e62728d20643beccaaa73baabb7c63bb709
job_vacancy_rate,labour_demand,IE,Q,2021-10-01,2021-12-31,1.4,percent of occupied plus vacant posts,,,,"",eurostat,jvs_q_r21,IE,2021-Q4,2026-09-15T11:00:00+0200,2026-09-28T01:56:20+00:00,85cc95fe52ba4b04f8a50180d7b77e62728d20643beccaaa73baabb7c63bb709
job_vacancy_rate,labour_demand,IE,Q,2022-01-01,2022-03-31,1.6,percent of occupied plus vacant posts,,,,"",eurostat,jvs_q_r21,IE,2022-Q1,2026-09-15T11:00:00+0200,2026-09-28T01:56:20+00:00,85cc95fe52ba4b04f8a50180d7b77e62728d20643beccaaa73baabb7c63bb709
job_vacancy_rate,labour_demand,IE,Q,2022-04-01,2022-06-30,1.6,percent of occupied plus vacant posts,,,,"",eurostat,jvs_q_r21,IE,2022-Q2,2026-09-15T11:00:00+0200,2026-09-28T01:56:20+00:00,85cc95fe52ba4b04f8a50180d7b77e62728d20643beccaaa73baabb7c63bb709
job_vacancy_rate,labour_demand,IE,Q,2022-07-01,2022-09-30,1.6,percent of occupied plus vacant posts,,,,"",eurostat,jvs_q_r21,IE,2022-Q3,2026-09-15T11:00:00+0200,2026-09-28T01:56:20+00:00,85cc95fe52ba4b04f8a50180d7b77e62728d20643beccaaa73baabb7c63bb709
job_vacancy_rate,labour_demand,IE,Q,2022-10-01,2022-12-31,1.3,percent of occupied plus vacant posts,,,,"",eurostat,jvs_q_r21,IE,2022-Q4,2026-09-15T11:00:00+0200,2026-09-28T01:56:20+00:00,85cc95fe52ba4b04f8a50180d7b77e62728d20643beccaaa73baabb7c63bb709
job_vacancy_rate,labour_demand,IE,Q,2023-01-01,2023-03-31,1.5,percent of occupied plus vacant posts,,,,"",eurostat,jvs_q_r21,IE,2023-Q1,2026-09-15T11:00:00+0200,2026-09-28T01:56:20+00:00,85cc95fe52ba4b04f8a50180d7b77e62728d20643beccaaa73baabb7c63bb709
job_vacancy_rate,labour_demand,IE,Q,2023-04-01,2023-06-30,1.3,percent of occupied plus vacant posts,,,,"",eurostat,jvs_q_r21,IE,2023-Q2,2026-09-15T11:00:00+0200,2026-09-28T01:56:20+00:00,85cc95fe52ba4b04f8a50180d7b77e62728d20643beccaaa73baabb7c63bb709
job_vacancy_rate,labour_demand,IE,Q,2023-07-01,2023-09-30,1.2,percent of occupied plus vacant posts,,,,"",eurostat,jvs_q_r21,IE,2023-Q3,2026-09-15T11:00:00+0200,2026-09-28T01:56:20+00:00,85cc95fe52ba4b04f8a50180d7b77e62728d20643beccaaa73baabb7c63bb709
job_vacancy_rate,labour_demand,IE,Q,2023-10-01,2023-12-31,1.2,percent of occupied plus vacant posts,,,,"",eurostat,jvs_q_r21,IE,2023-Q4,2026-09-15T11:00:00+0200,2026-09-28T01:56:20+00:00,85cc95fe52ba4b04f8a50180d7b77e62728d20643beccaaa73baabb7c63bb709
job_vacancy_rate,labour_demand,IE,Q,2024-01-01,2024-03-31,1.2,percent of occupied plus vacant posts,,,,"",eurostat,jvs_q_r21,IE,2024-Q1,2026-09-15T11:00:00+0200,2026-09-28T01:56:20+00:00,85cc95fe52ba4b04f8a50180d7b77e62728d20643beccaaa73baabb7c63bb709
job_vacancy_rate,labour_demand,IE,Q,2024-04-01,2024-06-30,1.3,percent of occupied plus vacant posts,,,,"",eurostat,jvs_q_r21,IE,2024-Q2,2026-09-15T11:00:00+0200,2026-09-28T01:56:20+00:00,85cc95fe52ba4b04f8a50180d7b77e62728d20643beccaaa73baabb7c63bb709
job_vacancy_rate,labour_demand,IE,Q,2024-07-01,2024-09-30,1.2,percent of occupied plus vacant posts,,,,"",eurostat,jvs_q_r21,IE,2024-Q3,2026-09-15T11:00:00+0200,2026-09-28T01:56:20+00:00,85cc95fe52ba4b04f8a50180d7b77e62728d20643beccaaa73baabb7c63bb709
job_vacancy_rate,labour_demand,IE,Q,2024-10-01,2024-12-31,1.2,percent of occupied plus vacant posts,,,,"",eurostat,jvs_q_r21,IE,2024-Q4,2026-09-15T11:00:00+0200,2026-09-28T01:56:20+00:00,85cc95fe52ba4b04f8a50180d7b77e62728d20643beccaaa73baabb7c63bb709
job_vacancy_rate,labour_demand,IE,Q,2025-01-01,2025-03-31,1.3,percent of occupied plus vacant posts,,,,"",eurostat,jvs_q_r21,IE,2025-Q1,2026-09-15T11:00:00+0200,2026-09-28T01:56:20+00:00,85cc95fe52ba4b04f8a50180d7b77e62728d20643beccaaa73baabb7c63bb709
job_vacancy_rate,labour_demand,IE,Q,2025-04-01,2025-06-30,1.3,percent of occupied plus vacant posts,,,,"",eurostat,jvs_q_r21,IE,2025-Q2,2026-09-15T11:00:00+0200,2026-09-28T01:56:20+00:00,85cc95fe52ba4b04f8a50180d7b77e62728d20643beccaaa73baabb7c63bb709
job_vacancy_rate,labour_demand,IE,Q,2025-07-01,2025-09-30,1.4,percent of occupied plus vacant posts,,,,"",eurostat,jvs_q_r21,IE,2025-Q3,2026-09-15T11:00:00+0200,2026-09-28T01:56:20+00:00,85cc95fe52ba4b04f8a50180d7b77e62728d20643beccaaa73baabb7c63bb709
job_vacancy_rate,labour_demand,IE,Q,2025-10-01,2025-12-31,1.2,percent of occupied plus vacant posts,,,,"",eurostat,jvs_q_r21,IE,2025-Q4,2026-09-15T11:00:00+0200,2026-09-28T01:56:20+00:00,85cc95fe52ba4b04f8a50180d7b77e62728d20643beccaaa73baabb7c63bb709
job_vacancy_rate,labour_demand,IE,Q,2026-01-01,2026-03-31,1.2,percent of occupied plus vacant posts,,,,"",eurostat,jvs_q_r21,IE,2026-Q1,2026-09-15T11:00:00+0200,2026-09-28T01:56:20+00:00,85cc95fe52ba4b04f8a50180d7b77e62728d20643beccaaa73baabb7c63bb709
job_vacancy_rate,labour_demand,IE,Q,2026-04-01,2026-06-30,1.3,percent of occupied plus vacant posts,p,provisional,,EX_STATUS_FLAGGED,eurostat,jvs_q_r21,IE,2026-Q2,2026-09-15T11:00:00+0200,2026-09-28T01:56:20+00:00,85cc95fe52ba4b04f8a50180d7b77e62728d20643beccaaa73baabb7c63bb709
job_vacancy_rate,labour_demand,IT,Q,2019-01-01,2019-03-31,1.7,percent of occupied plus vacant posts,d,definition differs (see metadata),,EX_STATUS_FLAGGED,eurostat,jvs_q_r21,IT,2019-Q1,2026-09-15T11:00:00+0200,2026-09-28T01:56:20+00:00,85cc95fe52ba4b04f8a50180d7b77e62728d20643beccaaa73baabb7c63bb709
job_vacancy_rate,labour_demand,IT,Q,2019-04-01,2019-06-30,1.4,percent of occupied plus vacant posts,d,definition differs (see metadata),,EX_STATUS_FLAGGED,eurostat,jvs_q_r21,IT,2019-Q2,2026-09-15T11:00:00+0200,2026-09-28T01:56:20+00:00,85cc95fe52ba4b04f8a50180d7b77e62728d20643beccaaa73baabb7c63bb709
job_vacancy_rate,labour_demand,IT,Q,2019-07-01,2019-09-30,1.2,percent of occupied plus vacant posts,d,definition differs (see metadata),,EX_STATUS_FLAGGED,eurostat,jvs_q_r21,IT,2019-Q3,2026-09-15T11:00:00+0200,2026-09-28T01:56:20+00:00,85cc95fe52ba4b04f8a50180d7b77e62728d20643beccaaa73baabb7c63bb709
job_vacancy_rate,labour_demand,IT,Q,2019-10-01,2019-12-31,1.1,percent of occupied plus vacant posts,d,definition differs (see metadata),,EX_STATUS_FLAGGED,eurostat,jvs_q_r21,IT,2019-Q4,2026-09-15T11:00:00+0200,2026-09-28T01:56:20+00:00,85cc95fe52ba4b04f8a50180d7b77e62728d20643beccaaa73baabb7c63bb709
job_vacancy_rate,labour_demand,IT,Q,2020-01-01,2020-03-31,0.8,percent of occupied plus vacant posts,d,definition differs (see metadata),,EX_STATUS_FLAGGED,eurostat,jvs_q_r21,IT,2020-Q1,2026-09-15T11:00:00+0200,2026-09-28T01:56:20+00:00,85cc95fe52ba4b04f8a50180d7b77e62728d20643beccaaa73baabb7c63bb709
job_vacancy_rate,labour_demand,IT,Q,2020-04-01,2020-06-30,1.0,percent of occupied plus vacant posts,d,definition differs (see metadata),,EX_STATUS_FLAGGED,eurostat,jvs_q_r21,IT,2020-Q2,2026-09-15T11:00:00+0200,2026-09-28T01:56:20+00:00,85cc95fe52ba4b04f8a50180d7b77e62728d20643beccaaa73baabb7c63bb709
job_vacancy_rate,labour_demand,IT,Q,2020-07-01,2020-09-30,0.9,percent of occupied plus vacant posts,d,definition differs (see metadata),,EX_STATUS_FLAGGED,eurostat,jvs_q_r21,IT,2020-Q3,2026-09-15T11:00:00+0200,2026-09-28T01:56:20+00:00,85cc95fe52ba4b04f8a50180d7b77e62728d20643beccaaa73baabb7c63bb709
job_vacancy_rate,labour_demand,IT,Q,2020-10-01,2020-12-31,0.8,percent of occupied plus vacant posts,d,definition differs (see metadata),,EX_STATUS_FLAGGED,eurostat,jvs_q_r21,IT,2020-Q4,2026-09-15T11:00:00+0200,2026-09-28T01:56:20+00:00,85cc95fe52ba4b04f8a50180d7b77e62728d20643beccaaa73baabb7c63bb709
job_vacancy_rate,labour_demand,IT,Q,2021-01-01,2021-03-31,1.6,percent of occupied plus vacant posts,d,definition differs (see metadata),,EX_STATUS_FLAGGED,eurostat,jvs_q_r21,IT,2021-Q1,2026-09-15T11:00:00+0200,2026-09-28T01:56:20+00:00,85cc95fe52ba4b04f8a50180d7b77e62728d20643beccaaa73baabb7c63bb709
job_vacancy_rate,labour_demand,IT,Q,2021-04-01,2021-06-30,2.0,percent of occupied plus vacant posts,d,definition differs (see metadata),,EX_STATUS_FLAGGED,eurostat,jvs_q_r21,IT,2021-Q2,2026-09-15T11:00:00+0200,2026-09-28T01:56:20+00:00,85cc95fe52ba4b04f8a50180d7b77e62728d20643beccaaa73baabb7c63bb709
job_vacancy_rate,labour_demand,IT,Q,2021-07-01,2021-09-30,1.9,percent of occupied plus vacant posts,d,definition differs (see metadata),,EX_STATUS_FLAGGED,eurostat,jvs_q_r21,IT,2021-Q3,2026-09-15T11:00:00+0200,2026-09-28T01:56:20+00:00,85cc95fe52ba4b04f8a50180d7b77e62728d20643beccaaa73baabb7c63bb709
job_vacancy_rate,labour_demand,IT,Q,2021-10-01,2021-12-31,1.6,percent of occupied plus vacant posts,d,definition differs (see metadata),,EX_STATUS_FLAGGED,eurostat,jvs_q_r21,IT,2021-Q4,2026-09-15T11:00:00+0200,2026-09-28T01:56:20+00:00,85cc95fe52ba4b04f8a50180d7b77e62728d20643beccaaa73baabb7c63bb709
job_vacancy_rate,labour_demand,IT,Q,2022-01-01,2022-03-31,2.5,percent of occupied plus vacant posts,d,definition differs (see metadata),,EX_STATUS_FLAGGED,eurostat,jvs_q_r21,IT,2022-Q1,2026-09-15T11:00:00+0200,2026-09-28T01:56:20+00:00,85cc95fe52ba4b04f8a50180d7b77e62728d20643beccaaa73baabb7c63bb709
job_vacancy_rate,labour_demand,IT,Q,2022-04-01,2022-06-30,2.3,percent of occupied plus vacant posts,d,definition differs (see metadata),,EX_STATUS_FLAGGED,eurostat,jvs_q_r21,IT,2022-Q2,2026-09-15T11:00:00+0200,2026-09-28T01:56:20+00:00,85cc95fe52ba4b04f8a50180d7b77e62728d20643beccaaa73baabb7c63bb709
job_vacancy_rate,labour_demand,IT,Q,2022-07-01,2022-09-30,2.1,percent of occupied plus vacant posts,d,definition differs (see metadata),,EX_STATUS_FLAGGED,eurostat,jvs_q_r21,IT,2022-Q3,2026-09-15T11:00:00+0200,2026-09-28T01:56:20+00:00,85cc95fe52ba4b04f8a50180d7b77e62728d20643beccaaa73baabb7c63bb709
job_vacancy_rate,labour_demand,IT,Q,2022-10-01,2022-12-31,1.9,percent of occupied plus vacant posts,d,definition differs (see metadata),,EX_STATUS_FLAGGED,eurostat,jvs_q_r21,IT,2022-Q4,2026-09-15T11:00:00+0200,2026-09-28T01:56:20+00:00,85cc95fe52ba4b04f8a50180d7b77e62728d20643beccaaa73baabb7c63bb709
job_vacancy_rate,labour_demand,IT,Q,2023-01-01,2023-03-31,2.7,percent of occupied plus vacant posts,d,definition differs (see metadata),,EX_STATUS_FLAGGED,eurostat,jvs_q_r21,IT,2023-Q1,2026-09-15T11:00:00+0200,2026-09-28T01:56:20+00:00,85cc95fe52ba4b04f8a50180d7b77e62728d20643beccaaa73baabb7c63bb709
job_vacancy_rate,labour_demand,IT,Q,2023-04-01,2023-06-30,2.4,percent of occupied plus vacant posts,d,definition differs (see metadata),,EX_STATUS_FLAGGED,eurostat,jvs_q_r21,IT,2023-Q2,2026-09-15T11:00:00+0200,2026-09-28T01:56:20+00:00,85cc95fe52ba4b04f8a50180d7b77e62728d20643beccaaa73baabb7c63bb709
job_vacancy_rate,labour_demand,IT,Q,2023-07-01,2023-09-30,2.1,percent of occupied plus vacant posts,d,definition differs (see metadata),,EX_STATUS_FLAGGED,eurostat,jvs_q_r21,IT,2023-Q3,2026-09-15T11:00:00+0200,2026-09-28T01:56:20+00:00,85cc95fe52ba4b04f8a50180d7b77e62728d20643beccaaa73baabb7c63bb709
job_vacancy_rate,labour_demand,IT,Q,2023-10-01,2023-12-31,1.9,percent of occupied plus vacant posts,d,definition differs (see metadata),,EX_STATUS_FLAGGED,eurostat,jvs_q_r21,IT,2023-Q4,2026-09-15T11:00:00+0200,2026-09-28T01:56:20+00:00,85cc95fe52ba4b04f8a50180d7b77e62728d20643beccaaa73baabb7c63bb709
job_vacancy_rate,labour_demand,IT,Q,2024-01-01,2024-03-31,2.5,percent of occupied plus vacant posts,d,definition differs (see metadata),,EX_STATUS_FLAGGED,eurostat,jvs_q_r21,IT,2024-Q1,2026-09-15T11:00:00+0200,2026-09-28T01:56:20+00:00,85cc95fe52ba4b04f8a50180d7b77e62728d20643beccaaa73baabb7c63bb709
job_vacancy_rate,labour_demand,IT,Q,2024-04-01,2024-06-30,2.2,percent of occupied plus vacant posts,d,definition differs (see metadata),,EX_STATUS_FLAGGED,eurostat,jvs_q_r21,IT,2024-Q2,2026-09-15T11:00:00+0200,2026-09-28T01:56:20+00:00,85cc95fe52ba4b04f8a50180d7b77e62728d20643beccaaa73baabb7c63bb709
job_vacancy_rate,labour_demand,IT,Q,2024-07-01,2024-09-30,1.9,percent of occupied plus vacant posts,d,definition differs (see metadata),,EX_STATUS_FLAGGED,eurostat,jvs_q_r21,IT,2024-Q3,2026-09-15T11:00:00+0200,2026-09-28T01:56:20+00:00,85cc95fe52ba4b04f8a50180d7b77e62728d20643beccaaa73baabb7c63bb709
job_vacancy_rate,labour_demand,IT,Q,2024-10-01,2024-12-31,1.7,percent of occupied plus vacant posts,d,definition differs (see metadata),,EX_STATUS_FLAGGED,eurostat,jvs_q_r21,IT,2024-Q4,2026-09-15T11:00:00+0200,2026-09-28T01:56:20+00:00,85cc95fe52ba4b04f8a50180d7b77e62728d20643beccaaa73baabb7c63bb709
job_vacancy_rate,labour_demand,IT,Q,2025-01-01,2025-03-31,2.3,percent of occupied plus vacant posts,d,definition differs (see metadata),,EX_STATUS_FLAGGED,eurostat,jvs_q_r21,IT,2025-Q1,2026-09-15T11:00:00+0200,2026-09-28T01:56:20+00:00,85cc95fe52ba4b04f8a50180d7b77e62728d20643beccaaa73baabb7c63bb709
job_vacancy_rate,labour_demand,IT,Q,2025-04-01,2025-06-30,1.8,percent of occupied plus vacant posts,d,definition differs (see metadata),,EX_STATUS_FLAGGED,eurostat,jvs_q_r21,IT,2025-Q2,2026-09-15T11:00:00+0200,2026-09-28T01:56:20+00:00,85cc95fe52ba4b04f8a50180d7b77e62728d20643beccaaa73baabb7c63bb709
job_vacancy_rate,labour_demand,IT,Q,2025-07-01,2025-09-30,1.7,percent of occupied plus vacant posts,d,definition differs (see metadata),,EX_STATUS_FLAGGED,eurostat,jvs_q_r21,IT,2025-Q3,2026-09-15T11:00:00+0200,2026-09-28T01:56:20+00:00,85cc95fe52ba4b04f8a50180d7b77e62728d20643beccaaa73baabb7c63bb709
job_vacancy_rate,labour_demand,IT,Q,2025-10-01,2025-12-31,1.6,percent of occupied plus vacant posts,d,definition differs (see metadata),,EX_STATUS_FLAGGED,eurostat,jvs_q_r21,IT,2025-Q4,2026-09-15T11:00:00+0200,2026-09-28T01:56:20+00:00,85cc95fe52ba4b04f8a50180d7b77e62728d20643beccaaa73baabb7c63bb709
job_vacancy_rate,labour_demand,IT,Q,2026-01-01,2026-03-31,1.9,percent of occupied plus vacant posts,p,provisional,,EX_STATUS_FLAGGED,eurostat,jvs_q_r21,IT,2026-Q1,2026-09-15T11:00:00+0200,2026-09-28T01:56:20+00:00,85cc95fe52ba4b04f8a50180d7b77e62728d20643beccaaa73baabb7c63bb709
job_vacancy_rate,labour_demand,IT,Q,2026-04-01,2026-06-30,1.5,percent of occupied plus vacant posts,p,provisional,,EX_STATUS_FLAGGED,eurostat,jvs_q_r21,IT,2026-Q2,2026-09-15T11:00:00+0200,2026-09-28T01:56:20+00:00,85cc95fe52ba4b04f8a50180d7b77e62728d20643beccaaa73baabb7c63bb709
job_vacancy_rate,labour_demand,PL,Q,2019-01-01,2019-03-31,1.1,percent of occupied plus vacant posts,,,,"",eurostat,jvs_q_r21,PL,2019-Q1,2026-09-15T11:00:00+0200,2026-09-28T01:56:20+00:00,85cc95fe52ba4b04f8a50180d7b77e62728d20643beccaaa73baabb7c63bb709
job_vacancy_rate,labour_demand,PL,Q,2019-04-01,2019-06-30,1.1,percent of occupied plus vacant posts,,,,"",eurostat,jvs_q_r21,PL,2019-Q2,2026-09-15T11:00:00+0200,2026-09-28T01:56:20+00:00,85cc95fe52ba4b04f8a50180d7b77e62728d20643beccaaa73baabb7c63bb709
job_vacancy_rate,labour_demand,PL,Q,2019-07-01,2019-09-30,1.1,percent of occupied plus vacant posts,,,,"",eurostat,jvs_q_r21,PL,2019-Q3,2026-09-15T11:00:00+0200,2026-09-28T01:56:20+00:00,85cc95fe52ba4b04f8a50180d7b77e62728d20643beccaaa73baabb7c63bb709
job_vacancy_rate,labour_demand,PL,Q,2019-10-01,2019-12-31,1.0,percent of occupied plus vacant posts,,,,"",eurostat,jvs_q_r21,PL,2019-Q4,2026-09-15T11:00:00+0200,2026-09-28T01:56:20+00:00,85cc95fe52ba4b04f8a50180d7b77e62728d20643beccaaa73baabb7c63bb709
job_vacancy_rate,labour_demand,PL,Q,2020-01-01,2020-03-31,0.6,percent of occupied plus vacant posts,,,,"",eurostat,jvs_q_r21,PL,2020-Q1,2026-09-15T11:00:00+0200,2026-09-28T01:56:20+00:00,85cc95fe52ba4b04f8a50180d7b77e62728d20643beccaaa73baabb7c63bb709
job_vacancy_rate,labour_demand,PL,Q,2020-04-01,2020-06-30,0.7,percent of occupied plus vacant posts,,,,"",eurostat,jvs_q_r21,PL,2020-Q2,2026-09-15T11:00:00+0200,2026-09-28T01:56:20+00:00,85cc95fe52ba4b04f8a50180d7b77e62728d20643beccaaa73baabb7c63bb709
job_vacancy_rate,labour_demand,PL,Q,2020-07-01,2020-09-30,0.7,percent of occupied plus vacant posts,,,,"",eurostat,jvs_q_r21,PL,2020-Q3,2026-09-15T11:00:00+0200,2026-09-28T01:56:20+00:00,85cc95fe52ba4b04f8a50180d7b77e62728d20643beccaaa73baabb7c63bb709
job_vacancy_rate,labour_demand,PL,Q,2020-10-01,2020-12-31,0.7,percent of occupied plus vacant posts,,,,"",eurostat,jvs_q_r21,PL,2020-Q4,2026-09-15T11:00:00+0200,2026-09-28T01:56:20+00:00,85cc95fe52ba4b04f8a50180d7b77e62728d20643beccaaa73baabb7c63bb709
job_vacancy_rate,labour_demand,PL,Q,2021-01-01,2021-03-31,0.9,percent of occupied plus vacant posts,,,,"",eurostat,jvs_q_r21,PL,2021-Q1,2026-09-15T11:00:00+0200,2026-09-28T01:56:20+00:00,85cc95fe52ba4b04f8a50180d7b77e62728d20643beccaaa73baabb7c63bb709
job_vacancy_rate,labour_demand,PL,Q,2021-04-01,2021-06-30,1.2,percent of occupied plus vacant posts,,,,"",eurostat,jvs_q_r21,PL,2021-Q2,2026-09-15T11:00:00+0200,2026-09-28T01:56:20+00:00,85cc95fe52ba4b04f8a50180d7b77e62728d20643beccaaa73baabb7c63bb709
job_vacancy_rate,labour_demand,PL,Q,2021-07-01,2021-09-30,1.2,percent of occupied plus vacant posts,,,,"",eurostat,jvs_q_r21,PL,2021-Q3,2026-09-15T11:00:00+0200,2026-09-28T01:56:20+00:00,85cc95fe52ba4b04f8a50180d7b77e62728d20643beccaaa73baabb7c63bb709
job_vacancy_rate,labour_demand,PL,Q,2021-10-01,2021-12-31,1.1,percent of occupied plus vacant posts,,,,"",eurostat,jvs_q_r21,PL,2021-Q4,2026-09-15T11:00:00+0200,2026-09-28T01:56:20+00:00,85cc95fe52ba4b04f8a50180d7b77e62728d20643beccaaa73baabb7c63bb709
job_vacancy_rate,labour_demand,PL,Q,2022-01-01,2022-03-31,1.3,percent of occupied plus vacant posts,,,,"",eurostat,jvs_q_r21,PL,2022-Q1,2026-09-15T11:00:00+0200,2026-09-28T01:56:20+00:00,85cc95fe52ba4b04f8a50180d7b77e62728d20643beccaaa73baabb7c63bb709
job_vacancy_rate,labour_demand,PL,Q,2022-04-01,2022-06-30,1.2,percent of occupied plus vacant posts,,,,"",eurostat,jvs_q_r21,PL,2022-Q2,2026-09-15T11:00:00+0200,2026-09-28T01:56:20+00:00,85cc95fe52ba4b04f8a50180d7b77e62728d20643beccaaa73baabb7c63bb709
job_vacancy_rate,labour_demand,PL,Q,2022-07-01,2022-09-30,1.1,percent of occupied plus vacant posts,,,,"",eurostat,jvs_q_r21,PL,2022-Q3,2026-09-15T11:00:00+0200,2026-09-28T01:56:20+00:00,85cc95fe52ba4b04f8a50180d7b77e62728d20643beccaaa73baabb7c63bb709
job_vacancy_rate,labour_demand,PL,Q,2022-10-01,2022-12-31,0.9,percent of occupied plus vacant posts,,,,"",eurostat,jvs_q_r21,PL,2022-Q4,2026-09-15T11:00:00+0200,2026-09-28T01:56:20+00:00,85cc95fe52ba4b04f8a50180d7b77e62728d20643beccaaa73baabb7c63bb709
job_vacancy_rate,labour_demand,PL,Q,2023-01-01,2023-03-31,0.9,percent of occupied plus vacant posts,,,,"",eurostat,jvs_q_r21,PL,2023-Q1,2026-09-15T11:00:00+0200,2026-09-28T01:56:20+00:00,85cc95fe52ba4b04f8a50180d7b77e62728d20643beccaaa73baabb7c63bb709
job_vacancy_rate,labour_demand,PL,Q,2023-04-01,2023-06-30,0.9,percent of occupied plus vacant posts,,,,"",eurostat,jvs_q_r21,PL,2023-Q2,2026-09-15T11:00:00+0200,2026-09-28T01:56:20+00:00,85cc95fe52ba4b04f8a50180d7b77e62728d20643beccaaa73baabb7c63bb709
job_vacancy_rate,labour_demand,PL,Q,2023-07-01,2023-09-30,0.9,percent of occupied plus vacant posts,,,,"",eurostat,jvs_q_r21,PL,2023-Q3,2026-09-15T11:00:00+0200,2026-09-28T01:56:20+00:00,85cc95fe52ba4b04f8a50180d7b77e62728d20643beccaaa73baabb7c63bb709
job_vacancy_rate,labour_demand,PL,Q,2023-10-01,2023-12-31,0.8,percent of occupied plus vacant posts,,,,"",eurostat,jvs_q_r21,PL,2023-Q4,2026-09-15T11:00:00+0200,2026-09-28T01:56:20+00:00,85cc95fe52ba4b04f8a50180d7b77e62728d20643beccaaa73baabb7c63bb709
job_vacancy_rate,labour_demand,PL,Q,2024-01-01,2024-03-31,0.9,percent of occupied plus vacant posts,,,,"",eurostat,jvs_q_r21,PL,2024-Q1,2026-09-15T11:00:00+0200,2026-09-28T01:56:20+00:00,85cc95fe52ba4b04f8a50180d7b77e62728d20643beccaaa73baabb7c63bb709
job_vacancy_rate,labour_demand,PL,Q,2024-04-01,2024-06-30,0.9,percent of occupied plus vacant posts,,,,"",eurostat,jvs_q_r21,PL,2024-Q2,2026-09-15T11:00:00+0200,2026-09-28T01:56:20+00:00,85cc95fe52ba4b04f8a50180d7b77e62728d20643beccaaa73baabb7c63bb709
job_vacancy_rate,labour_demand,PL,Q,2024-07-01,2024-09-30,0.9,percent of occupied plus vacant posts,,,,"",eurostat,jvs_q_r21,PL,2024-Q3,2026-09-15T11:00:00+0200,2026-09-28T01:56:20+00:00,85cc95fe52ba4b04f8a50180d7b77e62728d20643beccaaa73baabb7c63bb709
job_vacancy_rate,labour_demand,PL,Q,2024-10-01,2024-12-31,0.7,percent of occupied plus vacant posts,,,,"",eurostat,jvs_q_r21,PL,2024-Q4,2026-09-15T11:00:00+0200,2026-09-28T01:56:20+00:00,85cc95fe52ba4b04f8a50180d7b77e62728d20643beccaaa73baabb7c63bb709
job_vacancy_rate,labour_demand,PL,Q,2025-01-01,2025-03-31,0.8,percent of occupied plus vacant posts,,,,"",eurostat,jvs_q_r21,PL,2025-Q1,2026-09-15T11:00:00+0200,2026-09-28T01:56:20+00:00,85cc95fe52ba4b04f8a50180d7b77e62728d20643beccaaa73baabb7c63bb709
job_vacancy_rate,labour_demand,PL,Q,2025-04-01,2025-06-30,0.8,percent of occupied plus vacant posts,,,,"",eurostat,jvs_q_r21,PL,2025-Q2,2026-09-15T11:00:00+0200,2026-09-28T01:56:20+00:00,85cc95fe52ba4b04f8a50180d7b77e62728d20643beccaaa73baabb7c63bb709
job_vacancy_rate,labour_demand,PL,Q,2025-07-01,2025-09-30,0.8,percent of occupied plus vacant posts,,,,"",eurostat,jvs_q_r21,PL,2025-Q3,2026-09-15T11:00:00+0200,2026-09-28T01:56:20+00:00,85cc95fe52ba4b04f8a50180d7b77e62728d20643beccaaa73baabb7c63bb709
job_vacancy_rate,labour_demand,PL,Q,2025-10-01,2025-12-31,0.7,percent of occupied plus vacant posts,,,,"",eurostat,jvs_q_r21,PL,2025-Q4,2026-09-15T11:00:00+0200,2026-09-28T01:56:20+00:00,85cc95fe52ba4b04f8a50180d7b77e62728d20643beccaaa73baabb7c63bb709
job_vacancy_rate,labour_demand,PL,Q,2026-01-01,2026-03-31,0.8,percent of occupied plus vacant posts,,,,"",eurostat,jvs_q_r21,PL,2026-Q1,2026-09-15T11:00:00+0200,2026-09-28T01:56:20+00:00,85cc95fe52ba4b04f8a50180d7b77e62728d20643beccaaa73baabb7c63bb709
job_vacancy_rate,labour_demand,PL,Q,2026-04-01,2026-06-30,0.8,percent of occupied plus vacant posts,,,,"",eurostat,jvs_q_r21,PL,2026-Q2,2026-09-15T11:00:00+0200,2026-09-28T01:56:20+00:00,85cc95fe52ba4b04f8a50180d7b77e62728d20643beccaaa73baabb7c63bb709
job_vacancy_rate,labour_demand,RO,Q,2019-01-01,2019-03-31,1.2,percent of occupied plus vacant posts,,,,"",eurostat,jvs_q_r21,RO,2019-Q1,2026-09-15T11:00:00+0200,2026-09-28T01:56:20+00:00,85cc95fe52ba4b04f8a50180d7b77e62728d20643beccaaa73baabb7c63bb709
job_vacancy_rate,labour_demand,RO,Q,2019-04-01,2019-06-30,1.1,percent of occupied plus vacant posts,,,,"",eurostat,jvs_q_r21,RO,2019-Q2,2026-09-15T11:00:00+0200,2026-09-28T01:56:20+00:00,85cc95fe52ba4b04f8a50180d7b77e62728d20643beccaaa73baabb7c63bb709
job_vacancy_rate,labour_demand,RO,Q,2019-07-01,2019-09-30,1.1,percent of occupied plus vacant posts,,,,"",eurostat,jvs_q_r21,RO,2019-Q3,2026-09-15T11:00:00+0200,2026-09-28T01:56:20+00:00,85cc95fe52ba4b04f8a50180d7b77e62728d20643beccaaa73baabb7c63bb709
job_vacancy_rate,labour_demand,RO,Q,2019-10-01,2019-12-31,1.0,percent of occupied plus vacant posts,,,,"",eurostat,jvs_q_r21,RO,2019-Q4,2026-09-15T11:00:00+0200,2026-09-28T01:56:20+00:00,85cc95fe52ba4b04f8a50180d7b77e62728d20643beccaaa73baabb7c63bb709
job_vacancy_rate,labour_demand,RO,Q,2020-01-01,2020-03-31,0.9,percent of occupied plus vacant posts,,,,"",eurostat,jvs_q_r21,RO,2020-Q1,2026-09-15T11:00:00+0200,2026-09-28T01:56:20+00:00,85cc95fe52ba4b04f8a50180d7b77e62728d20643beccaaa73baabb7c63bb709
job_vacancy_rate,labour_demand,RO,Q,2020-04-01,2020-06-30,0.7,percent of occupied plus vacant posts,,,,"",eurostat,jvs_q_r21,RO,2020-Q2,2026-09-15T11:00:00+0200,2026-09-28T01:56:20+00:00,85cc95fe52ba4b04f8a50180d7b77e62728d20643beccaaa73baabb7c63bb709
job_vacancy_rate,labour_demand,RO,Q,2020-07-01,2020-09-30,0.8,percent of occupied plus vacant posts,,,,"",eurostat,jvs_q_r21,RO,2020-Q3,2026-09-15T11:00:00+0200,2026-09-28T01:56:20+00:00,85cc95fe52ba4b04f8a50180d7b77e62728d20643beccaaa73baabb7c63bb709
job_vacancy_rate,labour_demand,RO,Q,2020-10-01,2020-12-31,0.7,percent of occupied plus vacant posts,,,,"",eurostat,jvs_q_r21,RO,2020-Q4,2026-09-15T11:00:00+0200,2026-09-28T01:56:20+00:00,85cc95fe52ba4b04f8a50180d7b77e62728d20643beccaaa73baabb7c63bb709
job_vacancy_rate,labour_demand,RO,Q,2021-01-01,2021-03-31,0.8,percent of occupied plus vacant posts,,,,"",eurostat,jvs_q_r21,RO,2021-Q1,2026-09-15T11:00:00+0200,2026-09-28T01:56:20+00:00,85cc95fe52ba4b04f8a50180d7b77e62728d20643beccaaa73baabb7c63bb709
job_vacancy_rate,labour_demand,RO,Q,2021-04-01,2021-06-30,0.8,percent of occupied plus vacant posts,,,,"",eurostat,jvs_q_r21,RO,2021-Q2,2026-09-15T11:00:00+0200,2026-09-28T01:56:20+00:00,85cc95fe52ba4b04f8a50180d7b77e62728d20643beccaaa73baabb7c63bb709
job_vacancy_rate,labour_demand,RO,Q,2021-07-01,2021-09-30,1.0,percent of occupied plus vacant posts,,,,"",eurostat,jvs_q_r21,RO,2021-Q3,2026-09-15T11:00:00+0200,2026-09-28T01:56:20+00:00,85cc95fe52ba4b04f8a50180d7b77e62728d20643beccaaa73baabb7c63bb709
job_vacancy_rate,labour_demand,RO,Q,2021-10-01,2021-12-31,0.9,percent of occupied plus vacant posts,,,,"",eurostat,jvs_q_r21,RO,2021-Q4,2026-09-15T11:00:00+0200,2026-09-28T01:56:20+00:00,85cc95fe52ba4b04f8a50180d7b77e62728d20643beccaaa73baabb7c63bb709
job_vacancy_rate,labour_demand,RO,Q,2022-01-01,2022-03-31,1.0,percent of occupied plus vacant posts,,,,"",eurostat,jvs_q_r21,RO,2022-Q1,2026-09-15T11:00:00+0200,2026-09-28T01:56:20+00:00,85cc95fe52ba4b04f8a50180d7b77e62728d20643beccaaa73baabb7c63bb709
job_vacancy_rate,labour_demand,RO,Q,2022-04-01,2022-06-30,0.9,percent of occupied plus vacant posts,,,,"",eurostat,jvs_q_r21,RO,2022-Q2,2026-09-15T11:00:00+0200,2026-09-28T01:56:20+00:00,85cc95fe52ba4b04f8a50180d7b77e62728d20643beccaaa73baabb7c63bb709
job_vacancy_rate,labour_demand,RO,Q,2022-07-01,2022-09-30,0.9,percent of occupied plus vacant posts,,,,"",eurostat,jvs_q_r21,RO,2022-Q3,2026-09-15T11:00:00+0200,2026-09-28T01:56:20+00:00,85cc95fe52ba4b04f8a50180d7b77e62728d20643beccaaa73baabb7c63bb709
job_vacancy_rate,labour_demand,RO,Q,2022-10-01,2022-12-31,0.8,percent of occupied plus vacant posts,,,,"",eurostat,jvs_q_r21,RO,2022-Q4,2026-09-15T11:00:00+0200,2026-09-28T01:56:20+00:00,85cc95fe52ba4b04f8a50180d7b77e62728d20643beccaaa73baabb7c63bb709
job_vacancy_rate,labour_demand,RO,Q,2023-01-01,2023-03-31,0.9,percent of occupied plus vacant posts,,,,"",eurostat,jvs_q_r21,RO,2023-Q1,2026-09-15T11:00:00+0200,2026-09-28T01:56:20+00:00,85cc95fe52ba4b04f8a50180d7b77e62728d20643beccaaa73baabb7c63bb709
job_vacancy_rate,labour_demand,RO,Q,2023-04-01,2023-06-30,0.8,percent of occupied plus vacant posts,,,,"",eurostat,jvs_q_r21,RO,2023-Q2,2026-09-15T11:00:00+0200,2026-09-28T01:56:20+00:00,85cc95fe52ba4b04f8a50180d7b77e62728d20643beccaaa73baabb7c63bb709
job_vacancy_rate,labour_demand,RO,Q,2023-07-01,2023-09-30,0.8,percent of occupied plus vacant posts,,,,"",eurostat,jvs_q_r21,RO,2023-Q3,2026-09-15T11:00:00+0200,2026-09-28T01:56:20+00:00,85cc95fe52ba4b04f8a50180d7b77e62728d20643beccaaa73baabb7c63bb709
job_vacancy_rate,labour_demand,RO,Q,2023-10-01,2023-12-31,0.7,percent of occupied plus vacant posts,,,,"",eurostat,jvs_q_r21,RO,2023-Q4,2026-09-15T11:00:00+0200,2026-09-28T01:56:20+00:00,85cc95fe52ba4b04f8a50180d7b77e62728d20643beccaaa73baabb7c63bb709
job_vacancy_rate,labour_demand,RO,Q,2024-01-01,2024-03-31,0.7,percent of occupied plus vacant posts,,,,"",eurostat,jvs_q_r21,RO,2024-Q1,2026-09-15T11:00:00+0200,2026-09-28T01:56:20+00:00,85cc95fe52ba4b04f8a50180d7b77e62728d20643beccaaa73baabb7c63bb709
job_vacancy_rate,labour_demand,RO,Q,2024-04-01,2024-06-30,0.7,percent of occupied plus vacant posts,,,,"",eurostat,jvs_q_r21,RO,2024-Q2,2026-09-15T11:00:00+0200,2026-09-28T01:56:20+00:00,85cc95fe52ba4b04f8a50180d7b77e62728d20643beccaaa73baabb7c63bb709
job_vacancy_rate,labour_demand,RO,Q,2024-07-01,2024-09-30,0.8,percent of occupied plus vacant posts,,,,"",eurostat,jvs_q_r21,RO,2024-Q3,2026-09-15T11:00:00+0200,2026-09-28T01:56:20+00:00,85cc95fe52ba4b04f8a50180d7b77e62728d20643beccaaa73baabb7c63bb709
job_vacancy_rate,labour_demand,RO,Q,2024-10-01,2024-12-31,0.7,percent of occupied plus vacant posts,,,,"",eurostat,jvs_q_r21,RO,2024-Q4,2026-09-15T11:00:00+0200,2026-09-28T01:56:20+00:00,85cc95fe52ba4b04f8a50180d7b77e62728d20643beccaaa73baabb7c63bb709
job_vacancy_rate,labour_demand,RO,Q,2025-01-01,2025-03-31,0.6,percent of occupied plus vacant posts,,,,"",eurostat,jvs_q_r21,RO,2025-Q1,2026-09-15T11:00:00+0200,2026-09-28T01:56:20+00:00,85cc95fe52ba4b04f8a50180d7b77e62728d20643beccaaa73baabb7c63bb709
job_vacancy_rate,labour_demand,RO,Q,2025-04-01,2025-06-30,0.6,percent of occupied plus vacant posts,,,,"",eurostat,jvs_q_r21,RO,2025-Q2,2026-09-15T11:00:00+0200,2026-09-28T01:56:20+00:00,85cc95fe52ba4b04f8a50180d7b77e62728d20643beccaaa73baabb7c63bb709
job_vacancy_rate,labour_demand,RO,Q,2025-07-01,2025-09-30,0.6,percent of occupied plus vacant posts,,,,"",eurostat,jvs_q_r21,RO,2025-Q3,2026-09-15T11:00:00+0200,2026-09-28T01:56:20+00:00,85cc95fe52ba4b04f8a50180d7b77e62728d20643beccaaa73baabb7c63bb709
job_vacancy_rate,labour_demand,RO,Q,2025-10-01,2025-12-31,0.6,percent of occupied plus vacant posts,,,,"",eurostat,jvs_q_r21,RO,2025-Q4,2026-09-15T11:00:00+0200,2026-09-28T01:56:20+00:00,85cc95fe52ba4b04f8a50180d7b77e62728d20643beccaaa73baabb7c63bb709
job_vacancy_rate,labour_demand,RO,Q,2026-01-01,2026-03-31,0.6,percent of occupied plus vacant posts,,,,"",eurostat,jvs_q_r21,RO,2026-Q1,2026-09-15T11:00:00+0200,2026-09-28T01:56:20+00:00,85cc95fe52ba4b04f8a50180d7b77e62728d20643beccaaa73baabb7c63bb709
job_vacancy_rate,labour_demand,RO,Q,2026-04-01,2026-06-30,0.5,percent of occupied plus vacant posts,,,,"",eurostat,jvs_q_r21,RO,2026-Q2,2026-09-15T11:00:00+0200,2026-09-28T01:56:20+00:00,85cc95fe52ba4b04f8a50180d7b77e62728d20643beccaaa73baabb7c63bb709
unemployment_rate,labour_supply,BG,M,2019-01-01,2019-01-31,5.7,percent of labour force,,,,"",eurostat,une_rt_m,BG,2019-01,2026-09-22T11:00:00+0200,2026-09-28T01:56:19+00:00,bb4d4df9950f64e0727786d80f312438f0271725bc4e491b6c54b265fe7c5399
unemployment_rate,labour_supply,BG,M,2019-02-01,2019-02-28,5.6,percent of labour force,,,,"",eurostat,une_rt_m,BG,2019-02,2026-09-22T11:00:00+0200,2026-09-28T01:56:19+00:00,bb4d4df9950f64e0727786d80f312438f0271725bc4e491b6c54b265fe7c5399
unemployment_rate,labour_supply,BG,M,2019-03-01,2019-03-31,5.4,percent of labour force,,,,"",eurostat,une_rt_m,BG,2019-03,2026-09-22T11:00:00+0200,2026-09-28T01:56:19+00:00,bb4d4df9950f64e0727786d80f312438f0271725bc4e491b6c54b265fe7c5399
unemployment_rate,labour_supply,BG,M,2019-04-01,2019-04-30,5.1,percent of labour force,,,,"",eurostat,une_rt_m,BG,2019-04,2026-09-22T11:00:00+0200,2026-09-28T01:56:19+00:00,bb4d4df9950f64e0727786d80f312438f0271725bc4e491b6c54b265fe7c5399
unemployment_rate,labour_supply,BG,M,2019-05-01,2019-05-31,4.9,percent of labour force,,,,"",eurostat,une_rt_m,BG,2019-05,2026-09-22T11:00:00+0200,2026-09-28T01:56:19+00:00,bb4d4df9950f64e0727786d80f312438f0271725bc4e491b6c54b265fe7c5399
unemployment_rate,labour_supply,BG,M,2019-06-01,2019-06-30,5.0,percent of labour force,,,,"",eurostat,une_rt_m,BG,2019-06,2026-09-22T11:00:00+0200,2026-09-28T01:56:19+00:00,bb4d4df9950f64e0727786d80f312438f0271725bc4e491b6c54b265fe7c5399
unemployment_rate,labour_supply,BG,M,2019-07-01,2019-07-31,5.0,percent of labour force,,,,"",eurostat,une_rt_m,BG,2019-07,2026-09-22T11:00:00+0200,2026-09-28T01:56:19+00:00,bb4d4df9950f64e0727786d80f312438f0271725bc4e491b6c54b265fe7c5399
unemployment_rate,labour_supply,BG,M,2019-08-01,2019-08-31,5.0,percent of labour force,,,,"",eurostat,une_rt_m,BG,2019-08,2026-09-22T11:00:00+0200,2026-09-28T01:56:19+00:00,bb4d4df9950f64e0727786d80f312438f0271725bc4e491b6c54b265fe7c5399
unemployment_rate,labour_supply,BG,M,2019-09-01,2019-09-30,5.0,percent of labour force,,,,"",eurostat,une_rt_m,BG,2019-09,2026-09-22T11:00:00+0200,2026-09-28T01:56:19+00:00,bb4d4df9950f64e0727786d80f312438f0271725bc4e491b6c54b265fe7c5399
unemployment_rate,labour_supply,BG,M,2019-10-01,2019-10-31,5.1,percent of labour force,,,,"",eurostat,une_rt_m,BG,2019-10,2026-09-22T11:00:00+0200,2026-09-28T01:56:19+00:00,bb4d4df9950f64e0727786d80f312438f0271725bc4e491b6c54b265fe7c5399
unemployment_rate,labour_supply,BG,M,2019-11-01,2019-11-30,5.2,percent of labour force,,,,"",eurostat,une_rt_m,BG,2019-11,2026-09-22T11:00:00+0200,2026-09-28T01:56:19+00:00,bb4d4df9950f64e0727786d80f312438f0271725bc4e491b6c54b265fe7c5399
unemployment_rate,labour_supply,BG,M,2019-12-01,2019-12-31,5.2,percent of labour force,,,,"",eurostat,une_rt_m,BG,2019-12,2026-09-22T11:00:00+0200,2026-09-28T01:56:19+00:00,bb4d4df9950f64e0727786d80f312438f0271725bc4e491b6c54b265fe7c5399
unemployment_rate,labour_supply,BG,M,2020-01-01,2020-01-31,5.2,percent of labour force,,,,"",eurostat,une_rt_m,BG,2020-01,2026-09-22T11:00:00+0200,2026-09-28T01:56:19+00:00,bb4d4df9950f64e0727786d80f312438f0271725bc4e491b6c54b265fe7c5399
unemployment_rate,labour_supply,BG,M,2020-02-01,2020-02-29,5.0,percent of labour force,,,,"",eurostat,une_rt_m,BG,2020-02,2026-09-22T11:00:00+0200,2026-09-28T01:56:19+00:00,bb4d4df9950f64e0727786d80f312438f0271725bc4e491b6c54b265fe7c5399
unemployment_rate,labour_supply,BG,M,2020-03-01,2020-03-31,5.2,percent of labour force,,,,"",eurostat,une_rt_m,BG,2020-03,2026-09-22T11:00:00+0200,2026-09-28T01:56:19+00:00,bb4d4df9950f64e0727786d80f312438f0271725bc4e491b6c54b265fe7c5399
unemployment_rate,labour_supply,BG,M,2020-04-01,2020-04-30,6.7,percent of labour force,,,,"",eurostat,une_rt_m,BG,2020-04,2026-09-22T11:00:00+0200,2026-09-28T01:56:19+00:00,bb4d4df9950f64e0727786d80f312438f0271725bc4e491b6c54b265fe7c5399
unemployment_rate,labour_supply,BG,M,2020-05-01,2020-05-31,6.7,percent of labour force,,,,"",eurostat,une_rt_m,BG,2020-05,2026-09-22T11:00:00+0200,2026-09-28T01:56:19+00:00,bb4d4df9950f64e0727786d80f312438f0271725bc4e491b6c54b265fe7c5399
unemployment_rate,labour_supply,BG,M,2020-06-01,2020-06-30,6.4,percent of labour force,,,,"",eurostat,une_rt_m,BG,2020-06,2026-09-22T11:00:00+0200,2026-09-28T01:56:19+00:00,bb4d4df9950f64e0727786d80f312438f0271725bc4e491b6c54b265fe7c5399
unemployment_rate,labour_supply,BG,M,2020-07-01,2020-07-31,6.1,percent of labour force,,,,"",eurostat,une_rt_m,BG,2020-07,2026-09-22T11:00:00+0200,2026-09-28T01:56:19+00:00,bb4d4df9950f64e0727786d80f312438f0271725bc4e491b6c54b265fe7c5399
unemployment_rate,labour_supply,BG,M,2020-08-01,2020-08-31,6.1,percent of labour force,,,,"",eurostat,une_rt_m,BG,2020-08,2026-09-22T11:00:00+0200,2026-09-28T01:56:19+00:00,bb4d4df9950f64e0727786d80f312438f0271725bc4e491b6c54b265fe7c5399
unemployment_rate,labour_supply,BG,M,2020-09-01,2020-09-30,6.3,percent of labour force,,,,"",eurostat,une_rt_m,BG,2020-09,2026-09-22T11:00:00+0200,2026-09-28T01:56:19+00:00,bb4d4df9950f64e0727786d80f312438f0271725bc4e491b6c54b265fe7c5399
unemployment_rate,labour_supply,BG,M,2020-10-01,2020-10-31,6.4,percent of labour force,,,,"",eurostat,une_rt_m,BG,2020-10,2026-09-22T11:00:00+0200,2026-09-28T01:56:19+00:00,bb4d4df9950f64e0727786d80f312438f0271725bc4e491b6c54b265fe7c5399
unemployment_rate,labour_supply,BG,M,2020-11-01,2020-11-30,6.3,percent of labour force,,,,"",eurostat,une_rt_m,BG,2020-11,2026-09-22T11:00:00+0200,2026-09-28T01:56:19+00:00,bb4d4df9950f64e0727786d80f312438f0271725bc4e491b6c54b265fe7c5399
unemployment_rate,labour_supply,BG,M,2020-12-01,2020-12-31,6.2,percent of labour force,,,,"",eurostat,une_rt_m,BG,2020-12,2026-09-22T11:00:00+0200,2026-09-28T01:56:19+00:00,bb4d4df9950f64e0727786d80f312438f0271725bc4e491b6c54b265fe7c5399
unemployment_rate,labour_supply,BG,M,2021-01-01,2021-01-31,6.0,percent of labour force,,,,"",eurostat,une_rt_m,BG,2021-01,2026-09-22T11:00:00+0200,2026-09-28T01:56:19+00:00,bb4d4df9950f64e0727786d80f312438f0271725bc4e491b6c54b265fe7c5399
unemployment_rate,labour_supply,BG,M,2021-02-01,2021-02-28,5.9,percent of labour force,,,,"",eurostat,une_rt_m,BG,2021-02,2026-09-22T11:00:00+0200,2026-09-28T01:56:19+00:00,bb4d4df9950f64e0727786d80f312438f0271725bc4e491b6c54b265fe7c5399
unemployment_rate,labour_supply,BG,M,2021-03-01,2021-03-31,5.7,percent of labour force,,,,"",eurostat,une_rt_m,BG,2021-03,2026-09-22T11:00:00+0200,2026-09-28T01:56:19+00:00,bb4d4df9950f64e0727786d80f312438f0271725bc4e491b6c54b265fe7c5399
unemployment_rate,labour_supply,BG,M,2021-04-01,2021-04-30,5.5,percent of labour force,,,,"",eurostat,une_rt_m,BG,2021-04,2026-09-22T11:00:00+0200,2026-09-28T01:56:19+00:00,bb4d4df9950f64e0727786d80f312438f0271725bc4e491b6c54b265fe7c5399
unemployment_rate,labour_supply,BG,M,2021-05-01,2021-05-31,5.4,percent of labour force,,,,"",eurostat,une_rt_m,BG,2021-05,2026-09-22T11:00:00+0200,2026-09-28T01:56:19+00:00,bb4d4df9950f64e0727786d80f312438f0271725bc4e491b6c54b265fe7c5399
unemployment_rate,labour_supply,BG,M,2021-06-01,2021-06-30,5.2,percent of labour force,,,,"",eurostat,une_rt_m,BG,2021-06,2026-09-22T11:00:00+0200,2026-09-28T01:56:19+00:00,bb4d4df9950f64e0727786d80f312438f0271725bc4e491b6c54b265fe7c5399
unemployment_rate,labour_supply,BG,M,2021-07-01,2021-07-31,5.0,percent of labour force,,,,"",eurostat,une_rt_m,BG,2021-07,2026-09-22T11:00:00+0200,2026-09-28T01:56:19+00:00,bb4d4df9950f64e0727786d80f312438f0271725bc4e491b6c54b265fe7c5399
unemployment_rate,labour_supply,BG,M,2021-08-01,2021-08-31,4.9,percent of labour force,,,,"",eurostat,une_rt_m,BG,2021-08,2026-09-22T11:00:00+0200,2026-09-28T01:56:19+00:00,bb4d4df9950f64e0727786d80f312438f0271725bc4e491b6c54b265fe7c5399
unemployment_rate,labour_supply,BG,M,2021-09-01,2021-09-30,4.8,percent of labour force,,,,"",eurostat,une_rt_m,BG,2021-09,2026-09-22T11:00:00+0200,2026-09-28T01:56:19+00:00,bb4d4df9950f64e0727786d80f312438f0271725bc4e491b6c54b265fe7c5399
unemployment_rate,labour_supply,BG,M,2021-10-01,2021-10-31,4.6,percent of labour force,,,,"",eurostat,une_rt_m,BG,2021-10,2026-09-22T11:00:00+0200,2026-09-28T01:56:19+00:00,bb4d4df9950f64e0727786d80f312438f0271725bc4e491b6c54b265fe7c5399
unemployment_rate,labour_supply,BG,M,2021-11-01,2021-11-30,4.6,percent of labour force,,,,"",eurostat,une_rt_m,BG,2021-11,2026-09-22T11:00:00+0200,2026-09-28T01:56:19+00:00,bb4d4df9950f64e0727786d80f312438f0271725bc4e491b6c54b265fe7c5399
unemployment_rate,labour_supply,BG,M,2021-12-01,2021-12-31,4.5,percent of labour force,,,,"",eurostat,une_rt_m,BG,2021-12,2026-09-22T11:00:00+0200,2026-09-28T01:56:19+00:00,bb4d4df9950f64e0727786d80f312438f0271725bc4e491b6c54b265fe7c5399
unemployment_rate,labour_supply,BG,M,2022-01-01,2022-01-31,4.4,percent of labour force,,,,"",eurostat,une_rt_m,BG,2022-01,2026-09-22T11:00:00+0200,2026-09-28T01:56:19+00:00,bb4d4df9950f64e0727786d80f312438f0271725bc4e491b6c54b265fe7c5399
unemployment_rate,labour_supply,BG,M,2022-02-01,2022-02-28,4.4,percent of labour force,,,,"",eurostat,une_rt_m,BG,2022-02,2026-09-22T11:00:00+0200,2026-09-28T01:56:19+00:00,bb4d4df9950f64e0727786d80f312438f0271725bc4e491b6c54b265fe7c5399
unemployment_rate,labour_supply,BG,M,2022-03-01,2022-03-31,4.4,percent of labour force,,,,"",eurostat,une_rt_m,BG,2022-03,2026-09-22T11:00:00+0200,2026-09-28T01:56:19+00:00,bb4d4df9950f64e0727786d80f312438f0271725bc4e491b6c54b265fe7c5399
unemployment_rate,labour_supply,BG,M,2022-04-01,2022-04-30,4.4,percent of labour force,,,,"",eurostat,une_rt_m,BG,2022-04,2026-09-22T11:00:00+0200,2026-09-28T01:56:19+00:00,bb4d4df9950f64e0727786d80f312438f0271725bc4e491b6c54b265fe7c5399
unemployment_rate,labour_supply,BG,M,2022-05-01,2022-05-31,4.4,percent of labour force,,,,"",eurostat,une_rt_m,BG,2022-05,2026-09-22T11:00:00+0200,2026-09-28T01:56:19+00:00,bb4d4df9950f64e0727786d80f312438f0271725bc4e491b6c54b265fe7c5399
unemployment_rate,labour_supply,BG,M,2022-06-01,2022-06-30,4.2,percent of labour force,,,,"",eurostat,une_rt_m,BG,2022-06,2026-09-22T11:00:00+0200,2026-09-28T01:56:19+00:00,bb4d4df9950f64e0727786d80f312438f0271725bc4e491b6c54b265fe7c5399
unemployment_rate,labour_supply,BG,M,2022-07-01,2022-07-31,4.0,percent of labour force,,,,"",eurostat,une_rt_m,BG,2022-07,2026-09-22T11:00:00+0200,2026-09-28T01:56:19+00:00,bb4d4df9950f64e0727786d80f312438f0271725bc4e491b6c54b265fe7c5399
unemployment_rate,labour_supply,BG,M,2022-08-01,2022-08-31,3.9,percent of labour force,,,,"",eurostat,une_rt_m,BG,2022-08,2026-09-22T11:00:00+0200,2026-09-28T01:56:19+00:00,bb4d4df9950f64e0727786d80f312438f0271725bc4e491b6c54b265fe7c5399
unemployment_rate,labour_supply,BG,M,2022-09-01,2022-09-30,3.9,percent of labour force,,,,"",eurostat,une_rt_m,BG,2022-09,2026-09-22T11:00:00+0200,2026-09-28T01:56:19+00:00,bb4d4df9950f64e0727786d80f312438f0271725bc4e491b6c54b265fe7c5399
unemployment_rate,labour_supply,BG,M,2022-10-01,2022-10-31,3.8,percent of labour force,,,,"",eurostat,une_rt_m,BG,2022-10,2026-09-22T11:00:00+0200,2026-09-28T01:56:19+00:00,bb4d4df9950f64e0727786d80f312438f0271725bc4e491b6c54b265fe7c5399
unemployment_rate,labour_supply,BG,M,2022-11-01,2022-11-30,3.8,percent of labour force,,,,"",eurostat,une_rt_m,BG,2022-11,2026-09-22T11:00:00+0200,2026-09-28T01:56:19+00:00,bb4d4df9950f64e0727786d80f312438f0271725bc4e491b6c54b265fe7c5399
unemployment_rate,labour_supply,BG,M,2022-12-01,2022-12-31,4.0,percent of labour force,,,,"",eurostat,une_rt_m,BG,2022-12,2026-09-22T11:00:00+0200,2026-09-28T01:56:19+00:00,bb4d4df9950f64e0727786d80f312438f0271725bc4e491b6c54b265fe7c5399
unemployment_rate,labour_supply,BG,M,2023-01-01,2023-01-31,4.0,percent of labour force,,,,"",eurostat,une_rt_m,BG,2023-01,2026-09-22T11:00:00+0200,2026-09-28T01:56:19+00:00,bb4d4df9950f64e0727786d80f312438f0271725bc4e491b6c54b265fe7c5399
unemployment_rate,labour_supply,BG,M,2023-02-01,2023-02-28,4.1,percent of labour force,,,,"",eurostat,une_rt_m,BG,2023-02,2026-09-22T11:00:00+0200,2026-09-28T01:56:19+00:00,bb4d4df9950f64e0727786d80f312438f0271725bc4e491b6c54b265fe7c5399
unemployment_rate,labour_supply,BG,M,2023-03-01,2023-03-31,4.2,percent of labour force,,,,"",eurostat,une_rt_m,BG,2023-03,2026-09-22T11:00:00+0200,2026-09-28T01:56:19+00:00,bb4d4df9950f64e0727786d80f312438f0271725bc4e491b6c54b265fe7c5399
unemployment_rate,labour_supply,BG,M,2023-04-01,2023-04-30,4.4,percent of labour force,,,,"",eurostat,une_rt_m,BG,2023-04,2026-09-22T11:00:00+0200,2026-09-28T01:56:19+00:00,bb4d4df9950f64e0727786d80f312438f0271725bc4e491b6c54b265fe7c5399
unemployment_rate,labour_supply,BG,M,2023-05-01,2023-05-31,4.4,percent of labour force,,,,"",eurostat,une_rt_m,BG,2023-05,2026-09-22T11:00:00+0200,2026-09-28T01:56:19+00:00,bb4d4df9950f64e0727786d80f312438f0271725bc4e491b6c54b265fe7c5399
unemployment_rate,labour_supply,BG,M,2023-06-01,2023-06-30,4.5,percent of labour force,,,,"",eurostat,une_rt_m,BG,2023-06,2026-09-22T11:00:00+0200,2026-09-28T01:56:19+00:00,bb4d4df9950f64e0727786d80f312438f0271725bc4e491b6c54b265fe7c5399
unemployment_rate,labour_supply,BG,M,2023-07-01,2023-07-31,4.5,percent of labour force,,,,"",eurostat,une_rt_m,BG,2023-07,2026-09-22T11:00:00+0200,2026-09-28T01:56:19+00:00,bb4d4df9950f64e0727786d80f312438f0271725bc4e491b6c54b265fe7c5399
unemployment_rate,labour_supply,BG,M,2023-08-01,2023-08-31,4.4,percent of labour force,,,,"",eurostat,une_rt_m,BG,2023-08,2026-09-22T11:00:00+0200,2026-09-28T01:56:19+00:00,bb4d4df9950f64e0727786d80f312438f0271725bc4e491b6c54b265fe7c5399
unemployment_rate,labour_supply,BG,M,2023-09-01,2023-09-30,4.4,percent of labour force,,,,"",eurostat,une_rt_m,BG,2023-09,2026-09-22T11:00:00+0200,2026-09-28T01:56:19+00:00,bb4d4df9950f64e0727786d80f312438f0271725bc4e491b6c54b265fe7c5399
unemployment_rate,labour_supply,BG,M,2023-10-01,2023-10-31,4.3,percent of labour force,,,,"",eurostat,une_rt_m,BG,2023-10,2026-09-22T11:00:00+0200,2026-09-28T01:56:19+00:00,bb4d4df9950f64e0727786d80f312438f0271725bc4e491b6c54b265fe7c5399
unemployment_rate,labour_supply,BG,M,2023-11-01,2023-11-30,4.3,percent of labour force,,,,"",eurostat,une_rt_m,BG,2023-11,2026-09-22T11:00:00+0200,2026-09-28T01:56:19+00:00,bb4d4df9950f64e0727786d80f312438f0271725bc4e491b6c54b265fe7c5399
unemployment_rate,labour_supply,BG,M,2023-12-01,2023-12-31,4.4,percent of labour force,,,,"",eurostat,une_rt_m,BG,2023-12,2026-09-22T11:00:00+0200,2026-09-28T01:56:19+00:00,bb4d4df9950f64e0727786d80f312438f0271725bc4e491b6c54b265fe7c5399
unemployment_rate,labour_supply,BG,M,2024-01-01,2024-01-31,4.7,percent of labour force,,,,"",eurostat,une_rt_m,BG,2024-01,2026-09-22T11:00:00+0200,2026-09-28T01:56:19+00:00,bb4d4df9950f64e0727786d80f312438f0271725bc4e491b6c54b265fe7c5399
unemployment_rate,labour_supply,BG,M,2024-02-01,2024-02-29,4.8,percent of labour force,,,,"",eurostat,une_rt_m,BG,2024-02,2026-09-22T11:00:00+0200,2026-09-28T01:56:19+00:00,bb4d4df9950f64e0727786d80f312438f0271725bc4e491b6c54b265fe7c5399
unemployment_rate,labour_supply,BG,M,2024-03-01,2024-03-31,4.6,percent of labour force,,,,"",eurostat,une_rt_m,BG,2024-03,2026-09-22T11:00:00+0200,2026-09-28T01:56:19+00:00,bb4d4df9950f64e0727786d80f312438f0271725bc4e491b6c54b265fe7c5399
unemployment_rate,labour_supply,BG,M,2024-04-01,2024-04-30,4.3,percent of labour force,,,,"",eurostat,une_rt_m,BG,2024-04,2026-09-22T11:00:00+0200,2026-09-28T01:56:19+00:00,bb4d4df9950f64e0727786d80f312438f0271725bc4e491b6c54b265fe7c5399
unemployment_rate,labour_supply,BG,M,2024-05-01,2024-05-31,4.0,percent of labour force,,,,"",eurostat,une_rt_m,BG,2024-05,2026-09-22T11:00:00+0200,2026-09-28T01:56:19+00:00,bb4d4df9950f64e0727786d80f312438f0271725bc4e491b6c54b265fe7c5399
unemployment_rate,labour_supply,BG,M,2024-06-01,2024-06-30,4.0,percent of labour force,,,,"",eurostat,une_rt_m,BG,2024-06,2026-09-22T11:00:00+0200,2026-09-28T01:56:19+00:00,bb4d4df9950f64e0727786d80f312438f0271725bc4e491b6c54b265fe7c5399
unemployment_rate,labour_supply,BG,M,2024-07-01,2024-07-31,3.9,percent of labour force,,,,"",eurostat,une_rt_m,BG,2024-07,2026-09-22T11:00:00+0200,2026-09-28T01:56:19+00:00,bb4d4df9950f64e0727786d80f312438f0271725bc4e491b6c54b265fe7c5399
unemployment_rate,labour_supply,BG,M,2024-08-01,2024-08-31,3.9,percent of labour force,,,,"",eurostat,une_rt_m,BG,2024-08,2026-09-22T11:00:00+0200,2026-09-28T01:56:19+00:00,bb4d4df9950f64e0727786d80f312438f0271725bc4e491b6c54b265fe7c5399
unemployment_rate,labour_supply,BG,M,2024-09-01,2024-09-30,4.0,percent of labour force,,,,"",eurostat,une_rt_m,BG,2024-09,2026-09-22T11:00:00+0200,2026-09-28T01:56:19+00:00,bb4d4df9950f64e0727786d80f312438f0271725bc4e491b6c54b265fe7c5399
unemployment_rate,labour_supply,BG,M,2024-10-01,2024-10-31,4.0,percent of labour force,,,,"",eurostat,une_rt_m,BG,2024-10,2026-09-22T11:00:00+0200,2026-09-28T01:56:19+00:00,bb4d4df9950f64e0727786d80f312438f0271725bc4e491b6c54b265fe7c5399
unemployment_rate,labour_supply,BG,M,2024-11-01,2024-11-30,4.0,percent of labour force,,,,"",eurostat,une_rt_m,BG,2024-11,2026-09-22T11:00:00+0200,2026-09-28T01:56:19+00:00,bb4d4df9950f64e0727786d80f312438f0271725bc4e491b6c54b265fe7c5399
unemployment_rate,labour_supply,BG,M,2024-12-01,2024-12-31,3.9,percent of labour force,,,,"",eurostat,une_rt_m,BG,2024-12,2026-09-22T11:00:00+0200,2026-09-28T01:56:19+00:00,bb4d4df9950f64e0727786d80f312438f0271725bc4e491b6c54b265fe7c5399
unemployment_rate,labour_supply,BG,M,2025-01-01,2025-01-31,3.7,percent of labour force,,,,"",eurostat,une_rt_m,BG,2025-01,2026-09-22T11:00:00+0200,2026-09-28T01:56:19+00:00,bb4d4df9950f64e0727786d80f312438f0271725bc4e491b6c54b265fe7c5399
unemployment_rate,labour_supply,BG,M,2025-02-01,2025-02-28,3.6,percent of labour force,,,,"",eurostat,une_rt_m,BG,2025-02,2026-09-22T11:00:00+0200,2026-09-28T01:56:19+00:00,bb4d4df9950f64e0727786d80f312438f0271725bc4e491b6c54b265fe7c5399
unemployment_rate,labour_supply,BG,M,2025-03-01,2025-03-31,3.5,percent of labour force,,,,"",eurostat,une_rt_m,BG,2025-03,2026-09-22T11:00:00+0200,2026-09-28T01:56:19+00:00,bb4d4df9950f64e0727786d80f312438f0271725bc4e491b6c54b265fe7c5399
unemployment_rate,labour_supply,BG,M,2025-04-01,2025-04-30,3.4,percent of labour force,,,,"",eurostat,une_rt_m,BG,2025-04,2026-09-22T11:00:00+0200,2026-09-28T01:56:19+00:00,bb4d4df9950f64e0727786d80f312438f0271725bc4e491b6c54b265fe7c5399
unemployment_rate,labour_supply,BG,M,2025-05-01,2025-05-31,3.4,percent of labour force,,,,"",eurostat,une_rt_m,BG,2025-05,2026-09-22T11:00:00+0200,2026-09-28T01:56:19+00:00,bb4d4df9950f64e0727786d80f312438f0271725bc4e491b6c54b265fe7c5399
unemployment_rate,labour_supply,BG,M,2025-06-01,2025-06-30,3.6,percent of labour force,,,,"",eurostat,une_rt_m,BG,2025-06,2026-09-22T11:00:00+0200,2026-09-28T01:56:19+00:00,bb4d4df9950f64e0727786d80f312438f0271725bc4e491b6c54b265fe7c5399
unemployment_rate,labour_supply,BG,M,2025-07-01,2025-07-31,3.8,percent of labour force,,,,"",eurostat,une_rt_m,BG,2025-07,2026-09-22T11:00:00+0200,2026-09-28T01:56:19+00:00,bb4d4df9950f64e0727786d80f312438f0271725bc4e491b6c54b265fe7c5399
unemployment_rate,labour_supply,BG,M,2025-08-01,2025-08-31,3.7,percent of labour force,,,,"",eurostat,une_rt_m,BG,2025-08,2026-09-22T11:00:00+0200,2026-09-28T01:56:19+00:00,bb4d4df9950f64e0727786d80f312438f0271725bc4e491b6c54b265fe7c5399
unemployment_rate,labour_supply,BG,M,2025-09-01,2025-09-30,3.6,percent of labour force,,,,"",eurostat,une_rt_m,BG,2025-09,2026-09-22T11:00:00+0200,2026-09-28T01:56:19+00:00,bb4d4df9950f64e0727786d80f312438f0271725bc4e491b6c54b265fe7c5399
unemployment_rate,labour_supply,BG,M,2025-10-01,2025-10-31,3.5,percent of labour force,,,,"",eurostat,une_rt_m,BG,2025-10,2026-09-22T11:00:00+0200,2026-09-28T01:56:19+00:00,bb4d4df9950f64e0727786d80f312438f0271725bc4e491b6c54b265fe7c5399
unemployment_rate,labour_supply,BG,M,2025-11-01,2025-11-30,3.3,percent of labour force,,,,"",eurostat,une_rt_m,BG,2025-11,2026-09-22T11:00:00+0200,2026-09-28T01:56:19+00:00,bb4d4df9950f64e0727786d80f312438f0271725bc4e491b6c54b265fe7c5399
unemployment_rate,labour_supply,BG,M,2025-12-01,2025-12-31,3.1,percent of labour force,,,,"",eurostat,une_rt_m,BG,2025-12,2026-09-22T11:00:00+0200,2026-09-28T01:56:19+00:00,bb4d4df9950f64e0727786d80f312438f0271725bc4e491b6c54b265fe7c5399
unemployment_rate,labour_supply,BG,M,2026-01-01,2026-01-31,3.0,percent of labour force,,,,"",eurostat,une_rt_m,BG,2026-01,2026-09-22T11:00:00+0200,2026-09-28T01:56:19+00:00,bb4d4df9950f64e0727786d80f312438f0271725bc4e491b6c54b265fe7c5399
unemployment_rate,labour_supply,BG,M,2026-02-01,2026-02-28,3.0,percent of labour force,,,,"",eurostat,une_rt_m,BG,2026-02,2026-09-22T11:00:00+0200,2026-09-28T01:56:19+00:00,bb4d4df9950f64e0727786d80f312438f0271725bc4e491b6c54b265fe7c5399
unemployment_rate,labour_supply,BG,M,2026-03-01,2026-03-31,3.0,percent of labour force,,,,"",eurostat,une_rt_m,BG,2026-03,2026-09-22T11:00:00+0200,2026-09-28T01:56:19+00:00,bb4d4df9950f64e0727786d80f312438f0271725bc4e491b6c54b265fe7c5399
unemployment_rate,labour_supply,BG,M,2026-04-01,2026-04-30,3.2,percent of labour force,,,,"",eurostat,une_rt_m,BG,2026-04,2026-09-22T11:00:00+0200,2026-09-28T01:56:19+00:00,bb4d4df9950f64e0727786d80f312438f0271725bc4e491b6c54b265fe7c5399
unemployment_rate,labour_supply,BG,M,2026-05-01,2026-05-31,3.4,percent of labour force,,,,"",eurostat,une_rt_m,BG,2026-05,2026-09-22T11:00:00+0200,2026-09-28T01:56:19+00:00,bb4d4df9950f64e0727786d80f312438f0271725bc4e491b6c54b265fe7c5399
unemployment_rate,labour_supply,BG,M,2026-06-01,2026-06-30,3.5,percent of labour force,,,,"",eurostat,une_rt_m,BG,2026-06,2026-09-22T11:00:00+0200,2026-09-28T01:56:19+00:00,bb4d4df9950f64e0727786d80f312438f0271725bc4e491b6c54b265fe7c5399
unemployment_rate,labour_supply,BG,M,2026-07-01,2026-07-31,3.6,percent of labour force,,,,"",eurostat,une_rt_m,BG,2026-07,2026-09-22T11:00:00+0200,2026-09-28T01:56:19+00:00,bb4d4df9950f64e0727786d80f312438f0271725bc4e491b6c54b265fe7c5399
unemployment_rate,labour_supply,GR,M,2019-01-01,2019-01-31,19.5,percent of labour force,,,,"",eurostat,une_rt_m,EL,2019-01,2026-09-22T11:00:00+0200,2026-09-28T01:56:19+00:00,bb4d4df9950f64e0727786d80f312438f0271725bc4e491b6c54b265fe7c5399
unemployment_rate,labour_supply,GR,M,2019-02-01,2019-02-28,19.1,percent of labour force,,,,"",eurostat,une_rt_m,EL,2019-02,2026-09-22T11:00:00+0200,2026-09-28T01:56:19+00:00,bb4d4df9950f64e0727786d80f312438f0271725bc4e491b6c54b265fe7c5399
unemployment_rate,labour_supply,GR,M,2019-03-01,2019-03-31,18.4,percent of labour force,,,,"",eurostat,une_rt_m,EL,2019-03,2026-09-22T11:00:00+0200,2026-09-28T01:56:19+00:00,bb4d4df9950f64e0727786d80f312438f0271725bc4e491b6c54b265fe7c5399
unemployment_rate,labour_supply,GR,M,2019-04-01,2019-04-30,18.5,percent of labour force,,,,"",eurostat,une_rt_m,EL,2019-04,2026-09-22T11:00:00+0200,2026-09-28T01:56:19+00:00,bb4d4df9950f64e0727786d80f312438f0271725bc4e491b6c54b265fe7c5399
unemployment_rate,labour_supply,GR,M,2019-05-01,2019-05-31,17.5,percent of labour force,,,,"",eurostat,une_rt_m,EL,2019-05,2026-09-22T11:00:00+0200,2026-09-28T01:56:19+00:00,bb4d4df9950f64e0727786d80f312438f0271725bc4e491b6c54b265fe7c5399
unemployment_rate,labour_supply,GR,M,2019-06-01,2019-06-30,17.4,percent of labour force,,,,"",eurostat,une_rt_m,EL,2019-06,2026-09-22T11:00:00+0200,2026-09-28T01:56:19+00:00,bb4d4df9950f64e0727786d80f312438f0271725bc4e491b6c54b265fe7c5399
unemployment_rate,labour_supply,GR,M,2019-07-01,2019-07-31,17.9,percent of labour force,,,,"",eurostat,une_rt_m,EL,2019-07,2026-09-22T11:00:00+0200,2026-09-28T01:56:19+00:00,bb4d4df9950f64e0727786d80f312438f0271725bc4e491b6c54b265fe7c5399
unemployment_rate,labour_supply,GR,M,2019-08-01,2019-08-31,17.4,percent of labour force,,,,"",eurostat,une_rt_m,EL,2019-08,2026-09-22T11:00:00+0200,2026-09-28T01:56:19+00:00,bb4d4df9950f64e0727786d80f312438f0271725bc4e491b6c54b265fe7c5399
unemployment_rate,labour_supply,GR,M,2019-09-01,2019-09-30,17.4,percent of labour force,,,,"",eurostat,une_rt_m,EL,2019-09,2026-09-22T11:00:00+0200,2026-09-28T01:56:19+00:00,bb4d4df9950f64e0727786d80f312438f0271725bc4e491b6c54b265fe7c5399
unemployment_rate,labour_supply,GR,M,2019-10-01,2019-10-31,17.4,percent of labour force,,,,"",eurostat,une_rt_m,EL,2019-10,2026-09-22T11:00:00+0200,2026-09-28T01:56:19+00:00,bb4d4df9950f64e0727786d80f312438f0271725bc4e491b6c54b265fe7c5399
unemployment_rate,labour_supply,GR,M,2019-11-01,2019-11-30,17.0,percent of labour force,,,,"",eurostat,une_rt_m,EL,2019-11,2026-09-22T11:00:00+0200,2026-09-28T01:56:19+00:00,bb4d4df9950f64e0727786d80f312438f0271725bc4e491b6c54b265fe7c5399
unemployment_rate,labour_supply,GR,M,2019-12-01,2019-12-31,16.9,percent of labour force,,,,"",eurostat,une_rt_m,EL,2019-12,2026-09-22T11:00:00+0200,2026-09-28T01:56:19+00:00,bb4d4df9950f64e0727786d80f312438f0271725bc4e491b6c54b265fe7c5399
unemployment_rate,labour_supply,GR,M,2020-01-01,2020-01-31,16.6,percent of labour force,,,,"",eurostat,une_rt_m,EL,2020-01,2026-09-22T11:00:00+0200,2026-09-28T01:56:19+00:00,bb4d4df9950f64e0727786d80f312438f0271725bc4e491b6c54b265fe7c5399
unemployment_rate,labour_supply,GR,M,2020-02-01,2020-02-29,15.8,percent of labour force,,,,"",eurostat,une_rt_m,EL,2020-02,2026-09-22T11:00:00+0200,2026-09-28T01:56:19+00:00,bb4d4df9950f64e0727786d80f312438f0271725bc4e491b6c54b265fe7c5399
unemployment_rate,labour_supply,GR,M,2020-03-01,2020-03-31,16.7,percent of labour force,,,,"",eurostat,une_rt_m,EL,2020-03,2026-09-22T11:00:00+0200,2026-09-28T01:56:19+00:00,bb4d4df9950f64e0727786d80f312438f0271725bc4e491b6c54b265fe7c5399
unemployment_rate,labour_supply,GR,M,2020-04-01,2020-04-30,18.5,percent of labour force,,,,"",eurostat,une_rt_m,EL,2020-04,2026-09-22T11:00:00+0200,2026-09-28T01:56:19+00:00,bb4d4df9950f64e0727786d80f312438f0271725bc4e491b6c54b265fe7c5399
unemployment_rate,labour_supply,GR,M,2020-05-01,2020-05-31,19.7,percent of labour force,,,,"",eurostat,une_rt_m,EL,2020-05,2026-09-22T11:00:00+0200,2026-09-28T01:56:19+00:00,bb4d4df9950f64e0727786d80f312438f0271725bc4e491b6c54b265fe7c5399
unemployment_rate,labour_supply,GR,M,2020-06-01,2020-06-30,20.3,percent of labour force,,,,"",eurostat,une_rt_m,EL,2020-06,2026-09-22T11:00:00+0200,2026-09-28T01:56:19+00:00,bb4d4df9950f64e0727786d80f312438f0271725bc4e491b6c54b265fe7c5399
unemployment_rate,labour_supply,GR,M,2020-07-01,2020-07-31,17.7,percent of labour force,,,,"",eurostat,une_rt_m,EL,2020-07,2026-09-22T11:00:00+0200,2026-09-28T01:56:19+00:00,bb4d4df9950f64e0727786d80f312438f0271725bc4e491b6c54b265fe7c5399
unemployment_rate,labour_supply,GR,M,2020-08-01,2020-08-31,17.0,percent of labour force,,,,"",eurostat,une_rt_m,EL,2020-08,2026-09-22T11:00:00+0200,2026-09-28T01:56:19+00:00,bb4d4df9950f64e0727786d80f312438f0271725bc4e491b6c54b265fe7c5399
unemployment_rate,labour_supply,GR,M,2020-09-01,2020-09-30,17.0,percent of labour force,,,,"",eurostat,une_rt_m,EL,2020-09,2026-09-22T11:00:00+0200,2026-09-28T01:56:19+00:00,bb4d4df9950f64e0727786d80f312438f0271725bc4e491b6c54b265fe7c5399
unemployment_rate,labour_supply,GR,M,2020-10-01,2020-10-31,17.8,percent of labour force,,,,"",eurostat,une_rt_m,EL,2020-10,2026-09-22T11:00:00+0200,2026-09-28T01:56:19+00:00,bb4d4df9950f64e0727786d80f312438f0271725bc4e491b6c54b265fe7c5399
unemployment_rate,labour_supply,GR,M,2020-11-01,2020-11-30,17.5,percent of labour force,,,,"",eurostat,une_rt_m,EL,2020-11,2026-09-22T11:00:00+0200,2026-09-28T01:56:19+00:00,bb4d4df9950f64e0727786d80f312438f0271725bc4e491b6c54b265fe7c5399
unemployment_rate,labour_supply,GR,M,2020-12-01,2020-12-31,16.7,percent of labour force,,,,"",eurostat,une_rt_m,EL,2020-12,2026-09-22T11:00:00+0200,2026-09-28T01:56:19+00:00,bb4d4df9950f64e0727786d80f312438f0271725bc4e491b6c54b265fe7c5399
unemployment_rate,labour_supply,GR,M,2021-01-01,2021-01-31,16.0,percent of labour force,,,,"",eurostat,une_rt_m,EL,2021-01,2026-09-22T11:00:00+0200,2026-09-28T01:56:19+00:00,bb4d4df9950f64e0727786d80f312438f0271725bc4e491b6c54b265fe7c5399
unemployment_rate,labour_supply,GR,M,2021-02-01,2021-02-28,15.9,percent of labour force,,,,"",eurostat,une_rt_m,EL,2021-02,2026-09-22T11:00:00+0200,2026-09-28T01:56:19+00:00,bb4d4df9950f64e0727786d80f312438f0271725bc4e491b6c54b265fe7c5399
unemployment_rate,labour_supply,GR,M,2021-03-01,2021-03-31,16.5,percent of labour force,,,,"",eurostat,une_rt_m,EL,2021-03,2026-09-22T11:00:00+0200,2026-09-28T01:56:19+00:00,bb4d4df9950f64e0727786d80f312438f0271725bc4e491b6c54b265fe7c5399
unemployment_rate,labour_supply,GR,M,2021-04-01,2021-04-30,17.1,percent of labour force,,,,"",eurostat,une_rt_m,EL,2021-04,2026-09-22T11:00:00+0200,2026-09-28T01:56:19+00:00,bb4d4df9950f64e0727786d80f312438f0271725bc4e491b6c54b265fe7c5399
unemployment_rate,labour_supply,GR,M,2021-05-01,2021-05-31,16.0,percent of labour force,,,,"",eurostat,une_rt_m,EL,2021-05,2026-09-22T11:00:00+0200,2026-09-28T01:56:19+00:00,bb4d4df9950f64e0727786d80f312438f0271725bc4e491b6c54b265fe7c5399
unemployment_rate,labour_supply,GR,M,2021-06-01,2021-06-30,15.1,percent of labour force,,,,"",eurostat,une_rt_m,EL,2021-06,2026-09-22T11:00:00+0200,2026-09-28T01:56:19+00:00,bb4d4df9950f64e0727786d80f312438f0271725bc4e491b6c54b265fe7c5399
unemployment_rate,labour_supply,GR,M,2021-07-01,2021-07-31,14.1,percent of labour force,,,,"",eurostat,une_rt_m,EL,2021-07,2026-09-22T11:00:00+0200,2026-09-28T01:56:19+00:00,bb4d4df9950f64e0727786d80f312438f0271725bc4e491b6c54b265fe7c5399
unemployment_rate,labour_supply,GR,M,2021-08-01,2021-08-31,14.1,percent of labour force,,,,"",eurostat,une_rt_m,EL,2021-08,2026-09-22T11:00:00+0200,2026-09-28T01:56:19+00:00,bb4d4df9950f64e0727786d80f312438f0271725bc4e491b6c54b265fe7c5399
unemployment_rate,labour_supply,GR,M,2021-09-01,2021-09-30,13.3,percent of labour force,,,,"",eurostat,une_rt_m,EL,2021-09,2026-09-22T11:00:00+0200,2026-09-28T01:56:19+00:00,bb4d4df9950f64e0727786d80f312438f0271725bc4e491b6c54b265fe7c5399
unemployment_rate,labour_supply,GR,M,2021-10-01,2021-10-31,13.2,percent of labour force,,,,"",eurostat,une_rt_m,EL,2021-10,2026-09-22T11:00:00+0200,2026-09-28T01:56:19+00:00,bb4d4df9950f64e0727786d80f312438f0271725bc4e491b6c54b265fe7c5399
unemployment_rate,labour_supply,GR,M,2021-11-01,2021-11-30,13.2,percent of labour force,,,,"",eurostat,une_rt_m,EL,2021-11,2026-09-22T11:00:00+0200,2026-09-28T01:56:19+00:00,bb4d4df9950f64e0727786d80f312438f0271725bc4e491b6c54b265fe7c5399
unemployment_rate,labour_supply,GR,M,2021-12-01,2021-12-31,13.0,percent of labour force,,,,"",eurostat,une_rt_m,EL,2021-12,2026-09-22T11:00:00+0200,2026-09-28T01:56:19+00:00,bb4d4df9950f64e0727786d80f312438f0271725bc4e491b6c54b265fe7c5399
unemployment_rate,labour_supply,GR,M,2022-01-01,2022-01-31,13.1,percent of labour force,,,,"",eurostat,une_rt_m,EL,2022-01,2026-09-22T11:00:00+0200,2026-09-28T01:56:19+00:00,bb4d4df9950f64e0727786d80f312438f0271725bc4e491b6c54b265fe7c5399
unemployment_rate,labour_supply,GR,M,2022-02-01,2022-02-28,12.9,percent of labour force,,,,"",eurostat,une_rt_m,EL,2022-02,2026-09-22T11:00:00+0200,2026-09-28T01:56:19+00:00,bb4d4df9950f64e0727786d80f312438f0271725bc4e491b6c54b265fe7c5399
unemployment_rate,labour_supply,GR,M,2022-03-01,2022-03-31,12.5,percent of labour force,,,,"",eurostat,une_rt_m,EL,2022-03,2026-09-22T11:00:00+0200,2026-09-28T01:56:19+00:00,bb4d4df9950f64e0727786d80f312438f0271725bc4e491b6c54b265fe7c5399
unemployment_rate,labour_supply,GR,M,2022-04-01,2022-04-30,12.5,percent of labour force,,,,"",eurostat,une_rt_m,EL,2022-04,2026-09-22T11:00:00+0200,2026-09-28T01:56:19+00:00,bb4d4df9950f64e0727786d80f312438f0271725bc4e491b6c54b265fe7c5399
unemployment_rate,labour_supply,GR,M,2022-05-01,2022-05-31,12.9,percent of labour force,,,,"",eurostat,une_rt_m,EL,2022-05,2026-09-22T11:00:00+0200,2026-09-28T01:56:19+00:00,bb4d4df9950f64e0727786d80f312438f0271725bc4e491b6c54b265fe7c5399
unemployment_rate,labour_supply,GR,M,2022-06-01,2022-06-30,12.5,percent of labour force,,,,"",eurostat,une_rt_m,EL,2022-06,2026-09-22T11:00:00+0200,2026-09-28T01:56:19+00:00,bb4d4df9950f64e0727786d80f312438f0271725bc4e491b6c54b265fe7c5399
unemployment_rate,labour_supply,GR,M,2022-07-01,2022-07-31,12.8,percent of labour force,,,,"",eurostat,une_rt_m,EL,2022-07,2026-09-22T11:00:00+0200,2026-09-28T01:56:19+00:00,bb4d4df9950f64e0727786d80f312438f0271725bc4e491b6c54b265fe7c5399
unemployment_rate,labour_supply,GR,M,2022-08-01,2022-08-31,12.4,percent of labour force,,,,"",eurostat,une_rt_m,EL,2022-08,2026-09-22T11:00:00+0200,2026-09-28T01:56:19+00:00,bb4d4df9950f64e0727786d80f312438f0271725bc4e491b6c54b265fe7c5399
unemployment_rate,labour_supply,GR,M,2022-09-01,2022-09-30,12.1,percent of labour force,,,,"",eurostat,une_rt_m,EL,2022-09,2026-09-22T11:00:00+0200,2026-09-28T01:56:19+00:00,bb4d4df9950f64e0727786d80f312438f0271725bc4e491b6c54b265fe7c5399
unemployment_rate,labour_supply,GR,M,2022-10-01,2022-10-31,11.8,percent of labour force,,,,"",eurostat,une_rt_m,EL,2022-10,2026-09-22T11:00:00+0200,2026-09-28T01:56:19+00:00,bb4d4df9950f64e0727786d80f312438f0271725bc4e491b6c54b265fe7c5399
unemployment_rate,labour_supply,GR,M,2022-11-01,2022-11-30,11.6,percent of labour force,,,,"",eurostat,une_rt_m,EL,2022-11,2026-09-22T11:00:00+0200,2026-09-28T01:56:19+00:00,bb4d4df9950f64e0727786d80f312438f0271725bc4e491b6c54b265fe7c5399
unemployment_rate,labour_supply,GR,M,2022-12-01,2022-12-31,12.1,percent of labour force,,,,"",eurostat,une_rt_m,EL,2022-12,2026-09-22T11:00:00+0200,2026-09-28T01:56:19+00:00,bb4d4df9950f64e0727786d80f312438f0271725bc4e491b6c54b265fe7c5399
unemployment_rate,labour_supply,GR,M,2023-01-01,2023-01-31,10.5,percent of labour force,,,,"",eurostat,une_rt_m,EL,2023-01,2026-09-22T11:00:00+0200,2026-09-28T01:56:19+00:00,bb4d4df9950f64e0727786d80f312438f0271725bc4e491b6c54b265fe7c5399
unemployment_rate,labour_supply,GR,M,2023-02-01,2023-02-28,11.1,percent of labour force,,,,"",eurostat,une_rt_m,EL,2023-02,2026-09-22T11:00:00+0200,2026-09-28T01:56:19+00:00,bb4d4df9950f64e0727786d80f312438f0271725bc4e491b6c54b265fe7c5399
unemployment_rate,labour_supply,GR,M,2023-03-01,2023-03-31,11.4,percent of labour force,,,,"",eurostat,une_rt_m,EL,2023-03,2026-09-22T11:00:00+0200,2026-09-28T01:56:19+00:00,bb4d4df9950f64e0727786d80f312438f0271725bc4e491b6c54b265fe7c5399
unemployment_rate,labour_supply,GR,M,2023-04-01,2023-04-30,11.4,percent of labour force,,,,"",eurostat,une_rt_m,EL,2023-04,2026-09-22T11:00:00+0200,2026-09-28T01:56:19+00:00,bb4d4df9950f64e0727786d80f312438f0271725bc4e491b6c54b265fe7c5399
unemployment_rate,labour_supply,GR,M,2023-05-01,2023-05-31,11.3,percent of labour force,,,,"",eurostat,une_rt_m,EL,2023-05,2026-09-22T11:00:00+0200,2026-09-28T01:56:19+00:00,bb4d4df9950f64e0727786d80f312438f0271725bc4e491b6c54b265fe7c5399
unemployment_rate,labour_supply,GR,M,2023-06-01,2023-06-30,11.7,percent of labour force,,,,"",eurostat,une_rt_m,EL,2023-06,2026-09-22T11:00:00+0200,2026-09-28T01:56:19+00:00,bb4d4df9950f64e0727786d80f312438f0271725bc4e491b6c54b265fe7c5399
unemployment_rate,labour_supply,GR,M,2023-07-01,2023-07-31,11.7,percent of labour force,,,,"",eurostat,une_rt_m,EL,2023-07,2026-09-22T11:00:00+0200,2026-09-28T01:56:19+00:00,bb4d4df9950f64e0727786d80f312438f0271725bc4e491b6c54b265fe7c5399
unemployment_rate,labour_supply,GR,M,2023-08-01,2023-08-31,11.5,percent of labour force,,,,"",eurostat,une_rt_m,EL,2023-08,2026-09-22T11:00:00+0200,2026-09-28T01:56:19+00:00,bb4d4df9950f64e0727786d80f312438f0271725bc4e491b6c54b265fe7c5399
unemployment_rate,labour_supply,GR,M,2023-09-01,2023-09-30,10.9,percent of labour force,,,,"",eurostat,une_rt_m,EL,2023-09,2026-09-22T11:00:00+0200,2026-09-28T01:56:19+00:00,bb4d4df9950f64e0727786d80f312438f0271725bc4e491b6c54b265fe7c5399
unemployment_rate,labour_supply,GR,M,2023-10-01,2023-10-31,10.8,percent of labour force,,,,"",eurostat,une_rt_m,EL,2023-10,2026-09-22T11:00:00+0200,2026-09-28T01:56:19+00:00,bb4d4df9950f64e0727786d80f312438f0271725bc4e491b6c54b265fe7c5399
unemployment_rate,labour_supply,GR,M,2023-11-01,2023-11-30,10.1,percent of labour force,,,,"",eurostat,une_rt_m,EL,2023-11,2026-09-22T11:00:00+0200,2026-09-28T01:56:19+00:00,bb4d4df9950f64e0727786d80f312438f0271725bc4e491b6c54b265fe7c5399
unemployment_rate,labour_supply,GR,M,2023-12-01,2023-12-31,10.4,percent of labour force,,,,"",eurostat,une_rt_m,EL,2023-12,2026-09-22T11:00:00+0200,2026-09-28T01:56:19+00:00,bb4d4df9950f64e0727786d80f312438f0271725bc4e491b6c54b265fe7c5399
unemployment_rate,labour_supply,GR,M,2024-01-01,2024-01-31,11.7,percent of labour force,,,,"",eurostat,une_rt_m,EL,2024-01,2026-09-22T11:00:00+0200,2026-09-28T01:56:19+00:00,bb4d4df9950f64e0727786d80f312438f0271725bc4e491b6c54b265fe7c5399
unemployment_rate,labour_supply,GR,M,2024-02-01,2024-02-29,11.4,percent of labour force,,,,"",eurostat,une_rt_m,EL,2024-02,2026-09-22T11:00:00+0200,2026-09-28T01:56:19+00:00,bb4d4df9950f64e0727786d80f312438f0271725bc4e491b6c54b265fe7c5399
unemployment_rate,labour_supply,GR,M,2024-03-01,2024-03-31,10.6,percent of labour force,,,,"",eurostat,une_rt_m,EL,2024-03,2026-09-22T11:00:00+0200,2026-09-28T01:56:19+00:00,bb4d4df9950f64e0727786d80f312438f0271725bc4e491b6c54b265fe7c5399
unemployment_rate,labour_supply,GR,M,2024-04-01,2024-04-30,10.8,percent of labour force,,,,"",eurostat,une_rt_m,EL,2024-04,2026-09-22T11:00:00+0200,2026-09-28T01:56:19+00:00,bb4d4df9950f64e0727786d80f312438f0271725bc4e491b6c54b265fe7c5399
unemployment_rate,labour_supply,GR,M,2024-05-01,2024-05-31,10.5,percent of labour force,,,,"",eurostat,une_rt_m,EL,2024-05,2026-09-22T11:00:00+0200,2026-09-28T01:56:19+00:00,bb4d4df9950f64e0727786d80f312438f0271725bc4e491b6c54b265fe7c5399
unemployment_rate,labour_supply,GR,M,2024-06-01,2024-06-30,9.0,percent of labour force,,,,"",eurostat,une_rt_m,EL,2024-06,2026-09-22T11:00:00+0200,2026-09-28T01:56:19+00:00,bb4d4df9950f64e0727786d80f312438f0271725bc4e491b6c54b265fe7c5399
unemployment_rate,labour_supply,GR,M,2024-07-01,2024-07-31,9.8,percent of labour force,,,,"",eurostat,une_rt_m,EL,2024-07,2026-09-22T11:00:00+0200,2026-09-28T01:56:19+00:00,bb4d4df9950f64e0727786d80f312438f0271725bc4e491b6c54b265fe7c5399
unemployment_rate,labour_supply,GR,M,2024-08-01,2024-08-31,9.6,percent of labour force,,,,"",eurostat,une_rt_m,EL,2024-08,2026-09-22T11:00:00+0200,2026-09-28T01:56:19+00:00,bb4d4df9950f64e0727786d80f312438f0271725bc4e491b6c54b265fe7c5399
unemployment_rate,labour_supply,GR,M,2024-09-01,2024-09-30,9.7,percent of labour force,,,,"",eurostat,une_rt_m,EL,2024-09,2026-09-22T11:00:00+0200,2026-09-28T01:56:19+00:00,bb4d4df9950f64e0727786d80f312438f0271725bc4e491b6c54b265fe7c5399
unemployment_rate,labour_supply,GR,M,2024-10-01,2024-10-31,9.7,percent of labour force,,,,"",eurostat,une_rt_m,EL,2024-10,2026-09-22T11:00:00+0200,2026-09-28T01:56:19+00:00,bb4d4df9950f64e0727786d80f312438f0271725bc4e491b6c54b265fe7c5399
unemployment_rate,labour_supply,GR,M,2024-11-01,2024-11-30,9.7,percent of labour force,,,,"",eurostat,une_rt_m,EL,2024-11,2026-09-22T11:00:00+0200,2026-09-28T01:56:19+00:00,bb4d4df9950f64e0727786d80f312438f0271725bc4e491b6c54b265fe7c5399
unemployment_rate,labour_supply,GR,M,2024-12-01,2024-12-31,9.4,percent of labour force,,,,"",eurostat,une_rt_m,EL,2024-12,2026-09-22T11:00:00+0200,2026-09-28T01:56:19+00:00,bb4d4df9950f64e0727786d80f312438f0271725bc4e491b6c54b265fe7c5399
unemployment_rate,labour_supply,GR,M,2025-01-01,2025-01-31,9.7,percent of labour force,,,,"",eurostat,une_rt_m,EL,2025-01,2026-09-22T11:00:00+0200,2026-09-28T01:56:19+00:00,bb4d4df9950f64e0727786d80f312438f0271725bc4e491b6c54b265fe7c5399
unemployment_rate,labour_supply,GR,M,2025-02-01,2025-02-28,9.1,percent of labour force,,,,"",eurostat,une_rt_m,EL,2025-02,2026-09-22T11:00:00+0200,2026-09-28T01:56:19+00:00,bb4d4df9950f64e0727786d80f312438f0271725bc4e491b6c54b265fe7c5399
unemployment_rate,labour_supply,GR,M,2025-03-01,2025-03-31,9.2,percent of labour force,,,,"",eurostat,une_rt_m,EL,2025-03,2026-09-22T11:00:00+0200,2026-09-28T01:56:19+00:00,bb4d4df9950f64e0727786d80f312438f0271725bc4e491b6c54b265fe7c5399
unemployment_rate,labour_supply,GR,M,2025-04-01,2025-04-30,8.9,percent of labour force,,,,"",eurostat,une_rt_m,EL,2025-04,2026-09-22T11:00:00+0200,2026-09-28T01:56:19+00:00,bb4d4df9950f64e0727786d80f312438f0271725bc4e491b6c54b265fe7c5399
unemployment_rate,labour_supply,GR,M,2025-05-01,2025-05-31,8.7,percent of labour force,,,,"",eurostat,une_rt_m,EL,2025-05,2026-09-22T11:00:00+0200,2026-09-28T01:56:19+00:00,bb4d4df9950f64e0727786d80f312438f0271725bc4e491b6c54b265fe7c5399
unemployment_rate,labour_supply,GR,M,2025-06-01,2025-06-30,9.2,percent of labour force,,,,"",eurostat,une_rt_m,EL,2025-06,2026-09-22T11:00:00+0200,2026-09-28T01:56:19+00:00,bb4d4df9950f64e0727786d80f312438f0271725bc4e491b6c54b265fe7c5399
unemployment_rate,labour_supply,GR,M,2025-07-01,2025-07-31,8.9,percent of labour force,,,,"",eurostat,une_rt_m,EL,2025-07,2026-09-22T11:00:00+0200,2026-09-28T01:56:19+00:00,bb4d4df9950f64e0727786d80f312438f0271725bc4e491b6c54b265fe7c5399
unemployment_rate,labour_supply,GR,M,2025-08-01,2025-08-31,8.8,percent of labour force,,,,"",eurostat,une_rt_m,EL,2025-08,2026-09-22T11:00:00+0200,2026-09-28T01:56:19+00:00,bb4d4df9950f64e0727786d80f312438f0271725bc4e491b6c54b265fe7c5399
unemployment_rate,labour_supply,GR,M,2025-09-01,2025-09-30,8.7,percent of labour force,,,,"",eurostat,une_rt_m,EL,2025-09,2026-09-22T11:00:00+0200,2026-09-28T01:56:19+00:00,bb4d4df9950f64e0727786d80f312438f0271725bc4e491b6c54b265fe7c5399
unemployment_rate,labour_supply,GR,M,2025-10-01,2025-10-31,8.9,percent of labour force,,,,"",eurostat,une_rt_m,EL,2025-10,2026-09-22T11:00:00+0200,2026-09-28T01:56:19+00:00,bb4d4df9950f64e0727786d80f312438f0271725bc4e491b6c54b265fe7c5399
unemployment_rate,labour_supply,GR,M,2025-11-01,2025-11-30,8.5,percent of labour force,,,,"",eurostat,une_rt_m,EL,2025-11,2026-09-22T11:00:00+0200,2026-09-28T01:56:19+00:00,bb4d4df9950f64e0727786d80f312438f0271725bc4e491b6c54b265fe7c5399
unemployment_rate,labour_supply,GR,M,2025-12-01,2025-12-31,8.1,percent of labour force,,,,"",eurostat,une_rt_m,EL,2025-12,2026-09-22T11:00:00+0200,2026-09-28T01:56:19+00:00,bb4d4df9950f64e0727786d80f312438f0271725bc4e491b6c54b265fe7c5399
unemployment_rate,labour_supply,GR,M,2026-01-01,2026-01-31,8.9,percent of labour force,,,,"",eurostat,une_rt_m,EL,2026-01,2026-09-22T11:00:00+0200,2026-09-28T01:56:19+00:00,bb4d4df9950f64e0727786d80f312438f0271725bc4e491b6c54b265fe7c5399
unemployment_rate,labour_supply,GR,M,2026-02-01,2026-02-28,9.9,percent of labour force,,,,"",eurostat,une_rt_m,EL,2026-02,2026-09-22T11:00:00+0200,2026-09-28T01:56:19+00:00,bb4d4df9950f64e0727786d80f312438f0271725bc4e491b6c54b265fe7c5399
unemployment_rate,labour_supply,GR,M,2026-03-01,2026-03-31,10.3,percent of labour force,,,,"",eurostat,une_rt_m,EL,2026-03,2026-09-22T11:00:00+0200,2026-09-28T01:56:19+00:00,bb4d4df9950f64e0727786d80f312438f0271725bc4e491b6c54b265fe7c5399
unemployment_rate,labour_supply,GR,M,2026-04-01,2026-04-30,9.0,percent of labour force,,,,"",eurostat,une_rt_m,EL,2026-04,2026-09-22T11:00:00+0200,2026-09-28T01:56:19+00:00,bb4d4df9950f64e0727786d80f312438f0271725bc4e491b6c54b265fe7c5399
unemployment_rate,labour_supply,GR,M,2026-05-01,2026-05-31,7.8,percent of labour force,,,,"",eurostat,une_rt_m,EL,2026-05,2026-09-22T11:00:00+0200,2026-09-28T01:56:19+00:00,bb4d4df9950f64e0727786d80f312438f0271725bc4e491b6c54b265fe7c5399
unemployment_rate,labour_supply,GR,M,2026-06-01,2026-06-30,8.1,percent of labour force,,,,"",eurostat,une_rt_m,EL,2026-06,2026-09-22T11:00:00+0200,2026-09-28T01:56:19+00:00,bb4d4df9950f64e0727786d80f312438f0271725bc4e491b6c54b265fe7c5399
unemployment_rate,labour_supply,GR,M,2026-07-01,2026-07-31,7.9,percent of labour force,,,,"",eurostat,une_rt_m,EL,2026-07,2026-09-22T11:00:00+0200,2026-09-28T01:56:19+00:00,bb4d4df9950f64e0727786d80f312438f0271725bc4e491b6c54b265fe7c5399
unemployment_rate,labour_supply,IE,M,2019-01-01,2019-01-31,5.2,percent of labour force,,,,"",eurostat,une_rt_m,IE,2019-01,2026-09-22T11:00:00+0200,2026-09-28T01:56:19+00:00,bb4d4df9950f64e0727786d80f312438f0271725bc4e491b6c54b265fe7c5399
unemployment_rate,labour_supply,IE,M,2019-02-01,2019-02-28,5.0,percent of labour force,,,,"",eurostat,une_rt_m,IE,2019-02,2026-09-22T11:00:00+0200,2026-09-28T01:56:19+00:00,bb4d4df9950f64e0727786d80f312438f0271725bc4e491b6c54b265fe7c5399
unemployment_rate,labour_supply,IE,M,2019-03-01,2019-03-31,5.0,percent of labour force,,,,"",eurostat,une_rt_m,IE,2019-03,2026-09-22T11:00:00+0200,2026-09-28T01:56:19+00:00,bb4d4df9950f64e0727786d80f312438f0271725bc4e491b6c54b265fe7c5399
unemployment_rate,labour_supply,IE,M,2019-04-01,2019-04-30,5.1,percent of labour force,,,,"",eurostat,une_rt_m,IE,2019-04,2026-09-22T11:00:00+0200,2026-09-28T01:56:19+00:00,bb4d4df9950f64e0727786d80f312438f0271725bc4e491b6c54b265fe7c5399
unemployment_rate,labour_supply,IE,M,2019-05-01,2019-05-31,5.2,percent of labour force,,,,"",eurostat,une_rt_m,IE,2019-05,2026-09-22T11:00:00+0200,2026-09-28T01:56:19+00:00,bb4d4df9950f64e0727786d80f312438f0271725bc4e491b6c54b265fe7c5399
unemployment_rate,labour_supply,IE,M,2019-06-01,2019-06-30,5.2,percent of labour force,,,,"",eurostat,une_rt_m,IE,2019-06,2026-09-22T11:00:00+0200,2026-09-28T01:56:19+00:00,bb4d4df9950f64e0727786d80f312438f0271725bc4e491b6c54b265fe7c5399
unemployment_rate,labour_supply,IE,M,2019-07-01,2019-07-31,5.1,percent of labour force,,,,"",eurostat,une_rt_m,IE,2019-07,2026-09-22T11:00:00+0200,2026-09-28T01:56:19+00:00,bb4d4df9950f64e0727786d80f312438f0271725bc4e491b6c54b265fe7c5399
unemployment_rate,labour_supply,IE,M,2019-08-01,2019-08-31,5.0,percent of labour force,,,,"",eurostat,une_rt_m,IE,2019-08,2026-09-22T11:00:00+0200,2026-09-28T01:56:19+00:00,bb4d4df9950f64e0727786d80f312438f0271725bc4e491b6c54b265fe7c5399
unemployment_rate,labour_supply,IE,M,2019-09-01,2019-09-30,4.9,percent of labour force,,,,"",eurostat,une_rt_m,IE,2019-09,2026-09-22T11:00:00+0200,2026-09-28T01:56:19+00:00,bb4d4df9950f64e0727786d80f312438f0271725bc4e491b6c54b265fe7c5399
unemployment_rate,labour_supply,IE,M,2019-10-01,2019-10-31,4.8,percent of labour force,,,,"",eurostat,une_rt_m,IE,2019-10,2026-09-22T11:00:00+0200,2026-09-28T01:56:19+00:00,bb4d4df9950f64e0727786d80f312438f0271725bc4e491b6c54b265fe7c5399
unemployment_rate,labour_supply,IE,M,2019-11-01,2019-11-30,4.7,percent of labour force,,,,"",eurostat,une_rt_m,IE,2019-11,2026-09-22T11:00:00+0200,2026-09-28T01:56:19+00:00,bb4d4df9950f64e0727786d80f312438f0271725bc4e491b6c54b265fe7c5399
unemployment_rate,labour_supply,IE,M,2019-12-01,2019-12-31,4.8,percent of labour force,,,,"",eurostat,une_rt_m,IE,2019-12,2026-09-22T11:00:00+0200,2026-09-28T01:56:19+00:00,bb4d4df9950f64e0727786d80f312438f0271725bc4e491b6c54b265fe7c5399
unemployment_rate,labour_supply,IE,M,2020-01-01,2020-01-31,5.0,percent of labour force,,,,"",eurostat,une_rt_m,IE,2020-01,2026-09-22T11:00:00+0200,2026-09-28T01:56:19+00:00,bb4d4df9950f64e0727786d80f312438f0271725bc4e491b6c54b265fe7c5399
unemployment_rate,labour_supply,IE,M,2020-02-01,2020-02-29,4.9,percent of labour force,,,,"",eurostat,une_rt_m,IE,2020-02,2026-09-22T11:00:00+0200,2026-09-28T01:56:19+00:00,bb4d4df9950f64e0727786d80f312438f0271725bc4e491b6c54b265fe7c5399
unemployment_rate,labour_supply,IE,M,2020-03-01,2020-03-31,5.0,percent of labour force,,,,"",eurostat,une_rt_m,IE,2020-03,2026-09-22T11:00:00+0200,2026-09-28T01:56:19+00:00,bb4d4df9950f64e0727786d80f312438f0271725bc4e491b6c54b265fe7c5399
unemployment_rate,labour_supply,IE,M,2020-04-01,2020-04-30,4.7,percent of labour force,,,,"",eurostat,une_rt_m,IE,2020-04,2026-09-22T11:00:00+0200,2026-09-28T01:56:19+00:00,bb4d4df9950f64e0727786d80f312438f0271725bc4e491b6c54b265fe7c5399
unemployment_rate,labour_supply,IE,M,2020-05-01,2020-05-31,5.0,percent of labour force,,,,"",eurostat,une_rt_m,IE,2020-05,2026-09-22T11:00:00+0200,2026-09-28T01:56:19+00:00,bb4d4df9950f64e0727786d80f312438f0271725bc4e491b6c54b265fe7c5399
unemployment_rate,labour_supply,IE,M,2020-06-01,2020-06-30,5.7,percent of labour force,,,,"",eurostat,une_rt_m,IE,2020-06,2026-09-22T11:00:00+0200,2026-09-28T01:56:19+00:00,bb4d4df9950f64e0727786d80f312438f0271725bc4e491b6c54b265fe7c5399
unemployment_rate,labour_supply,IE,M,2020-07-01,2020-07-31,6.7,percent of labour force,,,,"",eurostat,une_rt_m,IE,2020-07,2026-09-22T11:00:00+0200,2026-09-28T01:56:19+00:00,bb4d4df9950f64e0727786d80f312438f0271725bc4e491b6c54b265fe7c5399
unemployment_rate,labour_supply,IE,M,2020-08-01,2020-08-31,7.1,percent of labour force,,,,"",eurostat,une_rt_m,IE,2020-08,2026-09-22T11:00:00+0200,2026-09-28T01:56:19+00:00,bb4d4df9950f64e0727786d80f312438f0271725bc4e491b6c54b265fe7c5399
unemployment_rate,labour_supply,IE,M,2020-09-01,2020-09-30,7.3,percent of labour force,,,,"",eurostat,une_rt_m,IE,2020-09,2026-09-22T11:00:00+0200,2026-09-28T01:56:19+00:00,bb4d4df9950f64e0727786d80f312438f0271725bc4e491b6c54b265fe7c5399
unemployment_rate,labour_supply,IE,M,2020-10-01,2020-10-31,6.4,percent of labour force,,,,"",eurostat,une_rt_m,IE,2020-10,2026-09-22T11:00:00+0200,2026-09-28T01:56:19+00:00,bb4d4df9950f64e0727786d80f312438f0271725bc4e491b6c54b265fe7c5399
unemployment_rate,labour_supply,IE,M,2020-11-01,2020-11-30,6.2,percent of labour force,,,,"",eurostat,une_rt_m,IE,2020-11,2026-09-22T11:00:00+0200,2026-09-28T01:56:19+00:00,bb4d4df9950f64e0727786d80f312438f0271725bc4e491b6c54b265fe7c5399
unemployment_rate,labour_supply,IE,M,2020-12-01,2020-12-31,6.2,percent of labour force,,,,"",eurostat,une_rt_m,IE,2020-12,2026-09-22T11:00:00+0200,2026-09-28T01:56:19+00:00,bb4d4df9950f64e0727786d80f312438f0271725bc4e491b6c54b265fe7c5399
unemployment_rate,labour_supply,IE,M,2021-01-01,2021-01-31,7.0,percent of labour force,,,,"",eurostat,une_rt_m,IE,2021-01,2026-09-22T11:00:00+0200,2026-09-28T01:56:19+00:00,bb4d4df9950f64e0727786d80f312438f0271725bc4e491b6c54b265fe7c5399
unemployment_rate,labour_supply,IE,M,2021-02-01,2021-02-28,7.6,percent of labour force,,,,"",eurostat,une_rt_m,IE,2021-02,2026-09-22T11:00:00+0200,2026-09-28T01:56:19+00:00,bb4d4df9950f64e0727786d80f312438f0271725bc4e491b6c54b265fe7c5399
unemployment_rate,labour_supply,IE,M,2021-03-01,2021-03-31,7.7,percent of labour force,,,,"",eurostat,une_rt_m,IE,2021-03,2026-09-22T11:00:00+0200,2026-09-28T01:56:19+00:00,bb4d4df9950f64e0727786d80f312438f0271725bc4e491b6c54b265fe7c5399
unemployment_rate,labour_supply,IE,M,2021-04-01,2021-04-30,7.5,percent of labour force,,,,"",eurostat,une_rt_m,IE,2021-04,2026-09-22T11:00:00+0200,2026-09-28T01:56:19+00:00,bb4d4df9950f64e0727786d80f312438f0271725bc4e491b6c54b265fe7c5399
unemployment_rate,labour_supply,IE,M,2021-05-01,2021-05-31,7.0,percent of labour force,,,,"",eurostat,une_rt_m,IE,2021-05,2026-09-22T11:00:00+0200,2026-09-28T01:56:19+00:00,bb4d4df9950f64e0727786d80f312438f0271725bc4e491b6c54b265fe7c5399
unemployment_rate,labour_supply,IE,M,2021-06-01,2021-06-30,6.3,percent of labour force,,,,"",eurostat,une_rt_m,IE,2021-06,2026-09-22T11:00:00+0200,2026-09-28T01:56:19+00:00,bb4d4df9950f64e0727786d80f312438f0271725bc4e491b6c54b265fe7c5399
unemployment_rate,labour_supply,IE,M,2021-07-01,2021-07-31,5.7,percent of labour force,,,,"",eurostat,une_rt_m,IE,2021-07,2026-09-22T11:00:00+0200,2026-09-28T01:56:19+00:00,bb4d4df9950f64e0727786d80f312438f0271725bc4e491b6c54b265fe7c5399
unemployment_rate,labour_supply,IE,M,2021-08-01,2021-08-31,5.4,percent of labour force,,,,"",eurostat,une_rt_m,IE,2021-08,2026-09-22T11:00:00+0200,2026-09-28T01:56:19+00:00,bb4d4df9950f64e0727786d80f312438f0271725bc4e491b6c54b265fe7c5399
unemployment_rate,labour_supply,IE,M,2021-09-01,2021-09-30,5.2,percent of labour force,,,,"",eurostat,une_rt_m,IE,2021-09,2026-09-22T11:00:00+0200,2026-09-28T01:56:19+00:00,bb4d4df9950f64e0727786d80f312438f0271725bc4e491b6c54b265fe7c5399
unemployment_rate,labour_supply,IE,M,2021-10-01,2021-10-31,5.3,percent of labour force,,,,"",eurostat,une_rt_m,IE,2021-10,2026-09-22T11:00:00+0200,2026-09-28T01:56:19+00:00,bb4d4df9950f64e0727786d80f312438f0271725bc4e491b6c54b265fe7c5399
unemployment_rate,labour_supply,IE,M,2021-11-01,2021-11-30,5.3,percent of labour force,,,,"",eurostat,une_rt_m,IE,2021-11,2026-09-22T11:00:00+0200,2026-09-28T01:56:19+00:00,bb4d4df9950f64e0727786d80f312438f0271725bc4e491b6c54b265fe7c5399
unemployment_rate,labour_supply,IE,M,2021-12-01,2021-12-31,5.1,percent of labour force,,,,"",eurostat,une_rt_m,IE,2021-12,2026-09-22T11:00:00+0200,2026-09-28T01:56:19+00:00,bb4d4df9950f64e0727786d80f312438f0271725bc4e491b6c54b265fe7c5399
unemployment_rate,labour_supply,IE,M,2022-01-01,2022-01-31,5.0,percent of labour force,,,,"",eurostat,une_rt_m,IE,2022-01,2026-09-22T11:00:00+0200,2026-09-28T01:56:19+00:00,bb4d4df9950f64e0727786d80f312438f0271725bc4e491b6c54b265fe7c5399
unemployment_rate,labour_supply,IE,M,2022-02-01,2022-02-28,4.8,percent of labour force,,,,"",eurostat,une_rt_m,IE,2022-02,2026-09-22T11:00:00+0200,2026-09-28T01:56:19+00:00,bb4d4df9950f64e0727786d80f312438f0271725bc4e491b6c54b265fe7c5399
unemployment_rate,labour_supply,IE,M,2022-03-01,2022-03-31,4.9,percent of labour force,,,,"",eurostat,une_rt_m,IE,2022-03,2026-09-22T11:00:00+0200,2026-09-28T01:56:19+00:00,bb4d4df9950f64e0727786d80f312438f0271725bc4e491b6c54b265fe7c5399
unemployment_rate,labour_supply,IE,M,2022-04-01,2022-04-30,4.5,percent of labour force,,,,"",eurostat,une_rt_m,IE,2022-04,2026-09-22T11:00:00+0200,2026-09-28T01:56:19+00:00,bb4d4df9950f64e0727786d80f312438f0271725bc4e491b6c54b265fe7c5399
unemployment_rate,labour_supply,IE,M,2022-05-01,2022-05-31,4.2,percent of labour force,,,,"",eurostat,une_rt_m,IE,2022-05,2026-09-22T11:00:00+0200,2026-09-28T01:56:19+00:00,bb4d4df9950f64e0727786d80f312438f0271725bc4e491b6c54b265fe7c5399
unemployment_rate,labour_supply,IE,M,2022-06-01,2022-06-30,4.1,percent of labour force,,,,"",eurostat,une_rt_m,IE,2022-06,2026-09-22T11:00:00+0200,2026-09-28T01:56:19+00:00,bb4d4df9950f64e0727786d80f312438f0271725bc4e491b6c54b265fe7c5399
unemployment_rate,labour_supply,IE,M,2022-07-01,2022-07-31,4.1,percent of labour force,,,,"",eurostat,une_rt_m,IE,2022-07,2026-09-22T11:00:00+0200,2026-09-28T01:56:19+00:00,bb4d4df9950f64e0727786d80f312438f0271725bc4e491b6c54b265fe7c5399
unemployment_rate,labour_supply,IE,M,2022-08-01,2022-08-31,4.3,percent of labour force,,,,"",eurostat,une_rt_m,IE,2022-08,2026-09-22T11:00:00+0200,2026-09-28T01:56:19+00:00,bb4d4df9950f64e0727786d80f312438f0271725bc4e491b6c54b265fe7c5399
unemployment_rate,labour_supply,IE,M,2022-09-01,2022-09-30,4.3,percent of labour force,,,,"",eurostat,une_rt_m,IE,2022-09,2026-09-22T11:00:00+0200,2026-09-28T01:56:19+00:00,bb4d4df9950f64e0727786d80f312438f0271725bc4e491b6c54b265fe7c5399
unemployment_rate,labour_supply,IE,M,2022-10-01,2022-10-31,4.5,percent of labour force,,,,"",eurostat,une_rt_m,IE,2022-10,2026-09-22T11:00:00+0200,2026-09-28T01:56:19+00:00,bb4d4df9950f64e0727786d80f312438f0271725bc4e491b6c54b265fe7c5399
unemployment_rate,labour_supply,IE,M,2022-11-01,2022-11-30,4.5,percent of labour force,,,,"",eurostat,une_rt_m,IE,2022-11,2026-09-22T11:00:00+0200,2026-09-28T01:56:19+00:00,bb4d4df9950f64e0727786d80f312438f0271725bc4e491b6c54b265fe7c5399
unemployment_rate,labour_supply,IE,M,2022-12-01,2022-12-31,4.4,percent of labour force,,,,"",eurostat,une_rt_m,IE,2022-12,2026-09-22T11:00:00+0200,2026-09-28T01:56:19+00:00,bb4d4df9950f64e0727786d80f312438f0271725bc4e491b6c54b265fe7c5399
unemployment_rate,labour_supply,IE,M,2023-01-01,2023-01-31,4.3,percent of labour force,,,,"",eurostat,une_rt_m,IE,2023-01,2026-09-22T11:00:00+0200,2026-09-28T01:56:19+00:00,bb4d4df9950f64e0727786d80f312438f0271725bc4e491b6c54b265fe7c5399
unemployment_rate,labour_supply,IE,M,2023-02-01,2023-02-28,4.3,percent of labour force,,,,"",eurostat,une_rt_m,IE,2023-02,2026-09-22T11:00:00+0200,2026-09-28T01:56:19+00:00,bb4d4df9950f64e0727786d80f312438f0271725bc4e491b6c54b265fe7c5399
unemployment_rate,labour_supply,IE,M,2023-03-01,2023-03-31,4.1,percent of labour force,,,,"",eurostat,une_rt_m,IE,2023-03,2026-09-22T11:00:00+0200,2026-09-28T01:56:19+00:00,bb4d4df9950f64e0727786d80f312438f0271725bc4e491b6c54b265fe7c5399
unemployment_rate,labour_supply,IE,M,2023-04-01,2023-04-30,4.1,percent of labour force,,,,"",eurostat,une_rt_m,IE,2023-04,2026-09-22T11:00:00+0200,2026-09-28T01:56:19+00:00,bb4d4df9950f64e0727786d80f312438f0271725bc4e491b6c54b265fe7c5399
unemployment_rate,labour_supply,IE,M,2023-05-01,2023-05-31,4.2,percent of labour force,,,,"",eurostat,une_rt_m,IE,2023-05,2026-09-22T11:00:00+0200,2026-09-28T01:56:19+00:00,bb4d4df9950f64e0727786d80f312438f0271725bc4e491b6c54b265fe7c5399
unemployment_rate,labour_supply,IE,M,2023-06-01,2023-06-30,4.3,percent of labour force,,,,"",eurostat,une_rt_m,IE,2023-06,2026-09-22T11:00:00+0200,2026-09-28T01:56:19+00:00,bb4d4df9950f64e0727786d80f312438f0271725bc4e491b6c54b265fe7c5399
unemployment_rate,labour_supply,IE,M,2023-07-01,2023-07-31,4.3,percent of labour force,,,,"",eurostat,une_rt_m,IE,2023-07,2026-09-22T11:00:00+0200,2026-09-28T01:56:19+00:00,bb4d4df9950f64e0727786d80f312438f0271725bc4e491b6c54b265fe7c5399
unemployment_rate,labour_supply,IE,M,2023-08-01,2023-08-31,4.4,percent of labour force,,,,"",eurostat,une_rt_m,IE,2023-08,2026-09-22T11:00:00+0200,2026-09-28T01:56:19+00:00,bb4d4df9950f64e0727786d80f312438f0271725bc4e491b6c54b265fe7c5399
unemployment_rate,labour_supply,IE,M,2023-09-01,2023-09-30,4.6,percent of labour force,,,,"",eurostat,une_rt_m,IE,2023-09,2026-09-22T11:00:00+0200,2026-09-28T01:56:19+00:00,bb4d4df9950f64e0727786d80f312438f0271725bc4e491b6c54b265fe7c5399
unemployment_rate,labour_supply,IE,M,2023-10-01,2023-10-31,4.6,percent of labour force,,,,"",eurostat,une_rt_m,IE,2023-10,2026-09-22T11:00:00+0200,2026-09-28T01:56:19+00:00,bb4d4df9950f64e0727786d80f312438f0271725bc4e491b6c54b265fe7c5399
unemployment_rate,labour_supply,IE,M,2023-11-01,2023-11-30,4.5,percent of labour force,,,,"",eurostat,une_rt_m,IE,2023-11,2026-09-22T11:00:00+0200,2026-09-28T01:56:19+00:00,bb4d4df9950f64e0727786d80f312438f0271725bc4e491b6c54b265fe7c5399
unemployment_rate,labour_supply,IE,M,2023-12-01,2023-12-31,4.5,percent of labour force,,,,"",eurostat,une_rt_m,IE,2023-12,2026-09-22T11:00:00+0200,2026-09-28T01:56:19+00:00,bb4d4df9950f64e0727786d80f312438f0271725bc4e491b6c54b265fe7c5399
unemployment_rate,labour_supply,IE,M,2024-01-01,2024-01-31,4.4,percent of labour force,,,,"",eurostat,une_rt_m,IE,2024-01,2026-09-22T11:00:00+0200,2026-09-28T01:56:19+00:00,bb4d4df9950f64e0727786d80f312438f0271725bc4e491b6c54b265fe7c5399
unemployment_rate,labour_supply,IE,M,2024-02-01,2024-02-29,4.2,percent of labour force,,,,"",eurostat,une_rt_m,IE,2024-02,2026-09-22T11:00:00+0200,2026-09-28T01:56:19+00:00,bb4d4df9950f64e0727786d80f312438f0271725bc4e491b6c54b265fe7c5399
unemployment_rate,labour_supply,IE,M,2024-03-01,2024-03-31,4.2,percent of labour force,,,,"",eurostat,une_rt_m,IE,2024-03,2026-09-22T11:00:00+0200,2026-09-28T01:56:19+00:00,bb4d4df9950f64e0727786d80f312438f0271725bc4e491b6c54b265fe7c5399
unemployment_rate,labour_supply,IE,M,2024-04-01,2024-04-30,4.4,percent of labour force,,,,"",eurostat,une_rt_m,IE,2024-04,2026-09-22T11:00:00+0200,2026-09-28T01:56:19+00:00,bb4d4df9950f64e0727786d80f312438f0271725bc4e491b6c54b265fe7c5399
unemployment_rate,labour_supply,IE,M,2024-05-01,2024-05-31,4.4,percent of labour force,,,,"",eurostat,une_rt_m,IE,2024-05,2026-09-22T11:00:00+0200,2026-09-28T01:56:19+00:00,bb4d4df9950f64e0727786d80f312438f0271725bc4e491b6c54b265fe7c5399
unemployment_rate,labour_supply,IE,M,2024-06-01,2024-06-30,4.4,percent of labour force,,,,"",eurostat,une_rt_m,IE,2024-06,2026-09-22T11:00:00+0200,2026-09-28T01:56:19+00:00,bb4d4df9950f64e0727786d80f312438f0271725bc4e491b6c54b265fe7c5399
unemployment_rate,labour_supply,IE,M,2024-07-01,2024-07-31,4.4,percent of labour force,,,,"",eurostat,une_rt_m,IE,2024-07,2026-09-22T11:00:00+0200,2026-09-28T01:56:19+00:00,bb4d4df9950f64e0727786d80f312438f0271725bc4e491b6c54b265fe7c5399
unemployment_rate,labour_supply,IE,M,2024-08-01,2024-08-31,4.1,percent of labour force,,,,"",eurostat,une_rt_m,IE,2024-08,2026-09-22T11:00:00+0200,2026-09-28T01:56:19+00:00,bb4d4df9950f64e0727786d80f312438f0271725bc4e491b6c54b265fe7c5399
unemployment_rate,labour_supply,IE,M,2024-09-01,2024-09-30,4.1,percent of labour force,,,,"",eurostat,une_rt_m,IE,2024-09,2026-09-22T11:00:00+0200,2026-09-28T01:56:19+00:00,bb4d4df9950f64e0727786d80f312438f0271725bc4e491b6c54b265fe7c5399
unemployment_rate,labour_supply,IE,M,2024-10-01,2024-10-31,4.3,percent of labour force,,,,"",eurostat,une_rt_m,IE,2024-10,2026-09-22T11:00:00+0200,2026-09-28T01:56:19+00:00,bb4d4df9950f64e0727786d80f312438f0271725bc4e491b6c54b265fe7c5399
unemployment_rate,labour_supply,IE,M,2024-11-01,2024-11-30,4.3,percent of labour force,,,,"",eurostat,une_rt_m,IE,2024-11,2026-09-22T11:00:00+0200,2026-09-28T01:56:19+00:00,bb4d4df9950f64e0727786d80f312438f0271725bc4e491b6c54b265fe7c5399
unemployment_rate,labour_supply,IE,M,2024-12-01,2024-12-31,4.5,percent of labour force,,,,"",eurostat,une_rt_m,IE,2024-12,2026-09-22T11:00:00+0200,2026-09-28T01:56:19+00:00,bb4d4df9950f64e0727786d80f312438f0271725bc4e491b6c54b265fe7c5399
unemployment_rate,labour_supply,IE,M,2025-01-01,2025-01-31,4.4,percent of labour force,,,,"",eurostat,une_rt_m,IE,2025-01,2026-09-22T11:00:00+0200,2026-09-28T01:56:19+00:00,bb4d4df9950f64e0727786d80f312438f0271725bc4e491b6c54b265fe7c5399
unemployment_rate,labour_supply,IE,M,2025-02-01,2025-02-28,4.4,percent of labour force,,,,"",eurostat,une_rt_m,IE,2025-02,2026-09-22T11:00:00+0200,2026-09-28T01:56:19+00:00,bb4d4df9950f64e0727786d80f312438f0271725bc4e491b6c54b265fe7c5399
unemployment_rate,labour_supply,IE,M,2025-03-01,2025-03-31,4.5,percent of labour force,,,,"",eurostat,une_rt_m,IE,2025-03,2026-09-22T11:00:00+0200,2026-09-28T01:56:19+00:00,bb4d4df9950f64e0727786d80f312438f0271725bc4e491b6c54b265fe7c5399
unemployment_rate,labour_supply,IE,M,2025-04-01,2025-04-30,4.6,percent of labour force,,,,"",eurostat,une_rt_m,IE,2025-04,2026-09-22T11:00:00+0200,2026-09-28T01:56:19+00:00,bb4d4df9950f64e0727786d80f312438f0271725bc4e491b6c54b265fe7c5399
unemployment_rate,labour_supply,IE,M,2025-05-01,2025-05-31,4.6,percent of labour force,,,,"",eurostat,une_rt_m,IE,2025-05,2026-09-22T11:00:00+0200,2026-09-28T01:56:19+00:00,bb4d4df9950f64e0727786d80f312438f0271725bc4e491b6c54b265fe7c5399
unemployment_rate,labour_supply,IE,M,2025-06-01,2025-06-30,4.6,percent of labour force,,,,"",eurostat,une_rt_m,IE,2025-06,2026-09-22T11:00:00+0200,2026-09-28T01:56:19+00:00,bb4d4df9950f64e0727786d80f312438f0271725bc4e491b6c54b265fe7c5399
unemployment_rate,labour_supply,IE,M,2025-07-01,2025-07-31,5.0,percent of labour force,,,,"",eurostat,une_rt_m,IE,2025-07,2026-09-22T11:00:00+0200,2026-09-28T01:56:19+00:00,bb4d4df9950f64e0727786d80f312438f0271725bc4e491b6c54b265fe7c5399
unemployment_rate,labour_supply,IE,M,2025-08-01,2025-08-31,4.9,percent of labour force,,,,"",eurostat,une_rt_m,IE,2025-08,2026-09-22T11:00:00+0200,2026-09-28T01:56:19+00:00,bb4d4df9950f64e0727786d80f312438f0271725bc4e491b6c54b265fe7c5399
unemployment_rate,labour_supply,IE,M,2025-09-01,2025-09-30,4.9,percent of labour force,,,,"",eurostat,une_rt_m,IE,2025-09,2026-09-22T11:00:00+0200,2026-09-28T01:56:19+00:00,bb4d4df9950f64e0727786d80f312438f0271725bc4e491b6c54b265fe7c5399
unemployment_rate,labour_supply,IE,M,2025-10-01,2025-10-31,4.7,percent of labour force,,,,"",eurostat,une_rt_m,IE,2025-10,2026-09-22T11:00:00+0200,2026-09-28T01:56:19+00:00,bb4d4df9950f64e0727786d80f312438f0271725bc4e491b6c54b265fe7c5399
unemployment_rate,labour_supply,IE,M,2025-11-01,2025-11-30,4.6,percent of labour force,,,,"",eurostat,une_rt_m,IE,2025-11,2026-09-22T11:00:00+0200,2026-09-28T01:56:19+00:00,bb4d4df9950f64e0727786d80f312438f0271725bc4e491b6c54b265fe7c5399
unemployment_rate,labour_supply,IE,M,2025-12-01,2025-12-31,4.8,percent of labour force,,,,"",eurostat,une_rt_m,IE,2025-12,2026-09-22T11:00:00+0200,2026-09-28T01:56:19+00:00,bb4d4df9950f64e0727786d80f312438f0271725bc4e491b6c54b265fe7c5399
unemployment_rate,labour_supply,IE,M,2026-01-01,2026-01-31,5.0,percent of labour force,,,,"",eurostat,une_rt_m,IE,2026-01,2026-09-22T11:00:00+0200,2026-09-28T01:56:19+00:00,bb4d4df9950f64e0727786d80f312438f0271725bc4e491b6c54b265fe7c5399
unemployment_rate,labour_supply,IE,M,2026-02-01,2026-02-28,5.0,percent of labour force,,,,"",eurostat,une_rt_m,IE,2026-02,2026-09-22T11:00:00+0200,2026-09-28T01:56:19+00:00,bb4d4df9950f64e0727786d80f312438f0271725bc4e491b6c54b265fe7c5399
unemployment_rate,labour_supply,IE,M,2026-03-01,2026-03-31,5.0,percent of labour force,,,,"",eurostat,une_rt_m,IE,2026-03,2026-09-22T11:00:00+0200,2026-09-28T01:56:19+00:00,bb4d4df9950f64e0727786d80f312438f0271725bc4e491b6c54b265fe7c5399
unemployment_rate,labour_supply,IE,M,2026-04-01,2026-04-30,4.9,percent of labour force,,,,"",eurostat,une_rt_m,IE,2026-04,2026-09-22T11:00:00+0200,2026-09-28T01:56:19+00:00,bb4d4df9950f64e0727786d80f312438f0271725bc4e491b6c54b265fe7c5399
unemployment_rate,labour_supply,IE,M,2026-05-01,2026-05-31,4.9,percent of labour force,,,,"",eurostat,une_rt_m,IE,2026-05,2026-09-22T11:00:00+0200,2026-09-28T01:56:19+00:00,bb4d4df9950f64e0727786d80f312438f0271725bc4e491b6c54b265fe7c5399
unemployment_rate,labour_supply,IE,M,2026-06-01,2026-06-30,4.9,percent of labour force,,,,"",eurostat,une_rt_m,IE,2026-06,2026-09-22T11:00:00+0200,2026-09-28T01:56:19+00:00,bb4d4df9950f64e0727786d80f312438f0271725bc4e491b6c54b265fe7c5399
unemployment_rate,labour_supply,IE,M,2026-07-01,2026-07-31,5.0,percent of labour force,,,,"",eurostat,une_rt_m,IE,2026-07,2026-09-22T11:00:00+0200,2026-09-28T01:56:19+00:00,bb4d4df9950f64e0727786d80f312438f0271725bc4e491b6c54b265fe7c5399
unemployment_rate,labour_supply,IE,M,2026-08-01,2026-08-31,5.0,percent of labour force,,,,"",eurostat,une_rt_m,IE,2026-08,2026-09-22T11:00:00+0200,2026-09-28T01:56:19+00:00,bb4d4df9950f64e0727786d80f312438f0271725bc4e491b6c54b265fe7c5399
unemployment_rate,labour_supply,IT,M,2019-01-01,2019-01-31,10.3,percent of labour force,,,,"",eurostat,une_rt_m,IT,2019-01,2026-09-22T11:00:00+0200,2026-09-28T01:56:19+00:00,bb4d4df9950f64e0727786d80f312438f0271725bc4e491b6c54b265fe7c5399
unemployment_rate,labour_supply,IT,M,2019-02-01,2019-02-28,10.4,percent of labour force,,,,"",eurostat,une_rt_m,IT,2019-02,2026-09-22T11:00:00+0200,2026-09-28T01:56:19+00:00,bb4d4df9950f64e0727786d80f312438f0271725bc4e491b6c54b265fe7c5399
unemployment_rate,labour_supply,IT,M,2019-03-01,2019-03-31,10.2,percent of labour force,,,,"",eurostat,une_rt_m,IT,2019-03,2026-09-22T11:00:00+0200,2026-09-28T01:56:19+00:00,bb4d4df9950f64e0727786d80f312438f0271725bc4e491b6c54b265fe7c5399
unemployment_rate,labour_supply,IT,M,2019-04-01,2019-04-30,10.4,percent of labour force,,,,"",eurostat,une_rt_m,IT,2019-04,2026-09-22T11:00:00+0200,2026-09-28T01:56:19+00:00,bb4d4df9950f64e0727786d80f312438f0271725bc4e491b6c54b265fe7c5399
unemployment_rate,labour_supply,IT,M,2019-05-01,2019-05-31,10.0,percent of labour force,,,,"",eurostat,une_rt_m,IT,2019-05,2026-09-22T11:00:00+0200,2026-09-28T01:56:19+00:00,bb4d4df9950f64e0727786d80f312438f0271725bc4e491b6c54b265fe7c5399
unemployment_rate,labour_supply,IT,M,2019-06-01,2019-06-30,9.6,percent of labour force,,,,"",eurostat,une_rt_m,IT,2019-06,2026-09-22T11:00:00+0200,2026-09-28T01:56:19+00:00,bb4d4df9950f64e0727786d80f312438f0271725bc4e491b6c54b265fe7c5399
unemployment_rate,labour_supply,IT,M,2019-07-01,2019-07-31,9.6,percent of labour force,,,,"",eurostat,une_rt_m,IT,2019-07,2026-09-22T11:00:00+0200,2026-09-28T01:56:19+00:00,bb4d4df9950f64e0727786d80f312438f0271725bc4e491b6c54b265fe7c5399
unemployment_rate,labour_supply,IT,M,2019-08-01,2019-08-31,9.5,percent of labour force,,,,"",eurostat,une_rt_m,IT,2019-08,2026-09-22T11:00:00+0200,2026-09-28T01:56:19+00:00,bb4d4df9950f64e0727786d80f312438f0271725bc4e491b6c54b265fe7c5399
unemployment_rate,labour_supply,IT,M,2019-09-01,2019-09-30,9.8,percent of labour force,,,,"",eurostat,une_rt_m,IT,2019-09,2026-09-22T11:00:00+0200,2026-09-28T01:56:19+00:00,bb4d4df9950f64e0727786d80f312438f0271725bc4e491b6c54b265fe7c5399
unemployment_rate,labour_supply,IT,M,2019-10-01,2019-10-31,9.5,percent of labour force,,,,"",eurostat,une_rt_m,IT,2019-10,2026-09-22T11:00:00+0200,2026-09-28T01:56:19+00:00,bb4d4df9950f64e0727786d80f312438f0271725bc4e491b6c54b265fe7c5399
unemployment_rate,labour_supply,IT,M,2019-11-01,2019-11-30,9.8,percent of labour force,,,,"",eurostat,une_rt_m,IT,2019-11,2026-09-22T11:00:00+0200,2026-09-28T01:56:19+00:00,bb4d4df9950f64e0727786d80f312438f0271725bc4e491b6c54b265fe7c5399
unemployment_rate,labour_supply,IT,M,2019-12-01,2019-12-31,9.8,percent of labour force,,,,"",eurostat,une_rt_m,IT,2019-12,2026-09-22T11:00:00+0200,2026-09-28T01:56:19+00:00,bb4d4df9950f64e0727786d80f312438f0271725bc4e491b6c54b265fe7c5399
unemployment_rate,labour_supply,IT,M,2020-01-01,2020-01-31,9.6,percent of labour force,,,,"",eurostat,une_rt_m,IT,2020-01,2026-09-22T11:00:00+0200,2026-09-28T01:56:19+00:00,bb4d4df9950f64e0727786d80f312438f0271725bc4e491b6c54b265fe7c5399
unemployment_rate,labour_supply,IT,M,2020-02-01,2020-02-29,9.5,percent of labour force,,,,"",eurostat,une_rt_m,IT,2020-02,2026-09-22T11:00:00+0200,2026-09-28T01:56:19+00:00,bb4d4df9950f64e0727786d80f312438f0271725bc4e491b6c54b265fe7c5399
unemployment_rate,labour_supply,IT,M,2020-03-01,2020-03-31,7.6,percent of labour force,,,,"",eurostat,une_rt_m,IT,2020-03,2026-09-22T11:00:00+0200,2026-09-28T01:56:19+00:00,bb4d4df9950f64e0727786d80f312438f0271725bc4e491b6c54b265fe7c5399
unemployment_rate,labour_supply,IT,M,2020-04-01,2020-04-30,7.7,percent of labour force,,,,"",eurostat,une_rt_m,IT,2020-04,2026-09-22T11:00:00+0200,2026-09-28T01:56:19+00:00,bb4d4df9950f64e0727786d80f312438f0271725bc4e491b6c54b265fe7c5399
unemployment_rate,labour_supply,IT,M,2020-05-01,2020-05-31,8.8,percent of labour force,,,,"",eurostat,une_rt_m,IT,2020-05,2026-09-22T11:00:00+0200,2026-09-28T01:56:19+00:00,bb4d4df9950f64e0727786d80f312438f0271725bc4e491b6c54b265fe7c5399
unemployment_rate,labour_supply,IT,M,2020-06-01,2020-06-30,9.5,percent of labour force,,,,"",eurostat,une_rt_m,IT,2020-06,2026-09-22T11:00:00+0200,2026-09-28T01:56:19+00:00,bb4d4df9950f64e0727786d80f312438f0271725bc4e491b6c54b265fe7c5399
unemployment_rate,labour_supply,IT,M,2020-07-01,2020-07-31,10.2,percent of labour force,,,,"",eurostat,une_rt_m,IT,2020-07,2026-09-22T11:00:00+0200,2026-09-28T01:56:19+00:00,bb4d4df9950f64e0727786d80f312438f0271725bc4e491b6c54b265fe7c5399
unemployment_rate,labour_supply,IT,M,2020-08-01,2020-08-31,10.1,percent of labour force,,,,"",eurostat,une_rt_m,IT,2020-08,2026-09-22T11:00:00+0200,2026-09-28T01:56:19+00:00,bb4d4df9950f64e0727786d80f312438f0271725bc4e491b6c54b265fe7c5399
unemployment_rate,labour_supply,IT,M,2020-09-01,2020-09-30,10.0,percent of labour force,,,,"",eurostat,une_rt_m,IT,2020-09,2026-09-22T11:00:00+0200,2026-09-28T01:56:19+00:00,bb4d4df9950f64e0727786d80f312438f0271725bc4e491b6c54b265fe7c5399
unemployment_rate,labour_supply,IT,M,2020-10-01,2020-10-31,10.0,percent of labour force,,,,"",eurostat,une_rt_m,IT,2020-10,2026-09-22T11:00:00+0200,2026-09-28T01:56:19+00:00,bb4d4df9950f64e0727786d80f312438f0271725bc4e491b6c54b265fe7c5399
unemployment_rate,labour_supply,IT,M,2020-11-01,2020-11-30,9.5,percent of labour force,,,,"",eurostat,une_rt_m,IT,2020-11,2026-09-22T11:00:00+0200,2026-09-28T01:56:19+00:00,bb4d4df9950f64e0727786d80f312438f0271725bc4e491b6c54b265fe7c5399
unemployment_rate,labour_supply,IT,M,2020-12-01,2020-12-31,9.8,percent of labour force,,,,"",eurostat,une_rt_m,IT,2020-12,2026-09-22T11:00:00+0200,2026-09-28T01:56:19+00:00,bb4d4df9950f64e0727786d80f312438f0271725bc4e491b6c54b265fe7c5399
unemployment_rate,labour_supply,IT,M,2021-01-01,2021-01-31,10.1,percent of labour force,,,,"",eurostat,une_rt_m,IT,2021-01,2026-09-22T11:00:00+0200,2026-09-28T01:56:19+00:00,bb4d4df9950f64e0727786d80f312438f0271725bc4e491b6c54b265fe7c5399
unemployment_rate,labour_supply,IT,M,2021-02-01,2021-02-28,10.2,percent of labour force,,,,"",eurostat,une_rt_m,IT,2021-02,2026-09-22T11:00:00+0200,2026-09-28T01:56:19+00:00,bb4d4df9950f64e0727786d80f312438f0271725bc4e491b6c54b265fe7c5399
unemployment_rate,labour_supply,IT,M,2021-03-01,2021-03-31,10.1,percent of labour force,,,,"",eurostat,une_rt_m,IT,2021-03,2026-09-22T11:00:00+0200,2026-09-28T01:56:19+00:00,bb4d4df9950f64e0727786d80f312438f0271725bc4e491b6c54b265fe7c5399
unemployment_rate,labour_supply,IT,M,2021-04-01,2021-04-30,10.3,percent of labour force,,,,"",eurostat,une_rt_m,IT,2021-04,2026-09-22T11:00:00+0200,2026-09-28T01:56:19+00:00,bb4d4df9950f64e0727786d80f312438f0271725bc4e491b6c54b265fe7c5399
unemployment_rate,labour_supply,IT,M,2021-05-01,2021-05-31,9.9,percent of labour force,,,,"",eurostat,une_rt_m,IT,2021-05,2026-09-22T11:00:00+0200,2026-09-28T01:56:19+00:00,bb4d4df9950f64e0727786d80f312438f0271725bc4e491b6c54b265fe7c5399
unemployment_rate,labour_supply,IT,M,2021-06-01,2021-06-30,9.5,percent of labour force,,,,"",eurostat,une_rt_m,IT,2021-06,2026-09-22T11:00:00+0200,2026-09-28T01:56:19+00:00,bb4d4df9950f64e0727786d80f312438f0271725bc4e491b6c54b265fe7c5399
unemployment_rate,labour_supply,IT,M,2021-07-01,2021-07-31,9.1,percent of labour force,,,,"",eurostat,une_rt_m,IT,2021-07,2026-09-22T11:00:00+0200,2026-09-28T01:56:19+00:00,bb4d4df9950f64e0727786d80f312438f0271725bc4e491b6c54b265fe7c5399
unemployment_rate,labour_supply,IT,M,2021-08-01,2021-08-31,9.1,percent of labour force,,,,"",eurostat,une_rt_m,IT,2021-08,2026-09-22T11:00:00+0200,2026-09-28T01:56:19+00:00,bb4d4df9950f64e0727786d80f312438f0271725bc4e491b6c54b265fe7c5399
unemployment_rate,labour_supply,IT,M,2021-09-01,2021-09-30,9.1,percent of labour force,,,,"",eurostat,une_rt_m,IT,2021-09,2026-09-22T11:00:00+0200,2026-09-28T01:56:19+00:00,bb4d4df9950f64e0727786d80f312438f0271725bc4e491b6c54b265fe7c5399
unemployment_rate,labour_supply,IT,M,2021-10-01,2021-10-31,9.1,percent of labour force,,,,"",eurostat,une_rt_m,IT,2021-10,2026-09-22T11:00:00+0200,2026-09-28T01:56:19+00:00,bb4d4df9950f64e0727786d80f312438f0271725bc4e491b6c54b265fe7c5399
unemployment_rate,labour_supply,IT,M,2021-11-01,2021-11-30,9.1,percent of labour force,,,,"",eurostat,une_rt_m,IT,2021-11,2026-09-22T11:00:00+0200,2026-09-28T01:56:19+00:00,bb4d4df9950f64e0727786d80f312438f0271725bc4e491b6c54b265fe7c5399
unemployment_rate,labour_supply,IT,M,2021-12-01,2021-12-31,8.9,percent of labour force,,,,"",eurostat,une_rt_m,IT,2021-12,2026-09-22T11:00:00+0200,2026-09-28T01:56:19+00:00,bb4d4df9950f64e0727786d80f312438f0271725bc4e491b6c54b265fe7c5399
unemployment_rate,labour_supply,IT,M,2022-01-01,2022-01-31,8.5,percent of labour force,,,,"",eurostat,une_rt_m,IT,2022-01,2026-09-22T11:00:00+0200,2026-09-28T01:56:19+00:00,bb4d4df9950f64e0727786d80f312438f0271725bc4e491b6c54b265fe7c5399
unemployment_rate,labour_supply,IT,M,2022-02-01,2022-02-28,8.3,percent of labour force,,,,"",eurostat,une_rt_m,IT,2022-02,2026-09-22T11:00:00+0200,2026-09-28T01:56:19+00:00,bb4d4df9950f64e0727786d80f312438f0271725bc4e491b6c54b265fe7c5399
unemployment_rate,labour_supply,IT,M,2022-03-01,2022-03-31,8.3,percent of labour force,,,,"",eurostat,une_rt_m,IT,2022-03,2026-09-22T11:00:00+0200,2026-09-28T01:56:19+00:00,bb4d4df9950f64e0727786d80f312438f0271725bc4e491b6c54b265fe7c5399
unemployment_rate,labour_supply,IT,M,2022-04-01,2022-04-30,8.1,percent of labour force,,,,"",eurostat,une_rt_m,IT,2022-04,2026-09-22T11:00:00+0200,2026-09-28T01:56:19+00:00,bb4d4df9950f64e0727786d80f312438f0271725bc4e491b6c54b265fe7c5399
unemployment_rate,labour_supply,IT,M,2022-05-01,2022-05-31,8.1,percent of labour force,,,,"",eurostat,une_rt_m,IT,2022-05,2026-09-22T11:00:00+0200,2026-09-28T01:56:19+00:00,bb4d4df9950f64e0727786d80f312438f0271725bc4e491b6c54b265fe7c5399
unemployment_rate,labour_supply,IT,M,2022-06-01,2022-06-30,8.2,percent of labour force,,,,"",eurostat,une_rt_m,IT,2022-06,2026-09-22T11:00:00+0200,2026-09-28T01:56:19+00:00,bb4d4df9950f64e0727786d80f312438f0271725bc4e491b6c54b265fe7c5399
unemployment_rate,labour_supply,IT,M,2022-07-01,2022-07-31,8.0,percent of labour force,,,,"",eurostat,une_rt_m,IT,2022-07,2026-09-22T11:00:00+0200,2026-09-28T01:56:19+00:00,bb4d4df9950f64e0727786d80f312438f0271725bc4e491b6c54b265fe7c5399
unemployment_rate,labour_supply,IT,M,2022-08-01,2022-08-31,8.1,percent of labour force,,,,"",eurostat,une_rt_m,IT,2022-08,2026-09-22T11:00:00+0200,2026-09-28T01:56:19+00:00,bb4d4df9950f64e0727786d80f312438f0271725bc4e491b6c54b265fe7c5399
unemployment_rate,labour_supply,IT,M,2022-09-01,2022-09-30,8.0,percent of labour force,,,,"",eurostat,une_rt_m,IT,2022-09,2026-09-22T11:00:00+0200,2026-09-28T01:56:19+00:00,bb4d4df9950f64e0727786d80f312438f0271725bc4e491b6c54b265fe7c5399
unemployment_rate,labour_supply,IT,M,2022-10-01,2022-10-31,7.8,percent of labour force,,,,"",eurostat,une_rt_m,IT,2022-10,2026-09-22T11:00:00+0200,2026-09-28T01:56:19+00:00,bb4d4df9950f64e0727786d80f312438f0271725bc4e491b6c54b265fe7c5399
unemployment_rate,labour_supply,IT,M,2022-11-01,2022-11-30,7.8,percent of labour force,,,,"",eurostat,une_rt_m,IT,2022-11,2026-09-22T11:00:00+0200,2026-09-28T01:56:19+00:00,bb4d4df9950f64e0727786d80f312438f0271725bc4e491b6c54b265fe7c5399
unemployment_rate,labour_supply,IT,M,2022-12-01,2022-12-31,7.9,percent of labour force,,,,"",eurostat,une_rt_m,IT,2022-12,2026-09-22T11:00:00+0200,2026-09-28T01:56:19+00:00,bb4d4df9950f64e0727786d80f312438f0271725bc4e491b6c54b265fe7c5399
unemployment_rate,labour_supply,IT,M,2023-01-01,2023-01-31,7.9,percent of labour force,,,,"",eurostat,une_rt_m,IT,2023-01,2026-09-22T11:00:00+0200,2026-09-28T01:56:19+00:00,bb4d4df9950f64e0727786d80f312438f0271725bc4e491b6c54b265fe7c5399
unemployment_rate,labour_supply,IT,M,2023-02-01,2023-02-28,7.8,percent of labour force,,,,"",eurostat,une_rt_m,IT,2023-02,2026-09-22T11:00:00+0200,2026-09-28T01:56:19+00:00,bb4d4df9950f64e0727786d80f312438f0271725bc4e491b6c54b265fe7c5399
unemployment_rate,labour_supply,IT,M,2023-03-01,2023-03-31,7.9,percent of labour force,,,,"",eurostat,une_rt_m,IT,2023-03,2026-09-22T11:00:00+0200,2026-09-28T01:56:19+00:00,bb4d4df9950f64e0727786d80f312438f0271725bc4e491b6c54b265fe7c5399
unemployment_rate,labour_supply,IT,M,2023-04-01,2023-04-30,7.9,percent of labour force,,,,"",eurostat,une_rt_m,IT,2023-04,2026-09-22T11:00:00+0200,2026-09-28T01:56:19+00:00,bb4d4df9950f64e0727786d80f312438f0271725bc4e491b6c54b265fe7c5399
unemployment_rate,labour_supply,IT,M,2023-05-01,2023-05-31,7.8,percent of labour force,,,,"",eurostat,une_rt_m,IT,2023-05,2026-09-22T11:00:00+0200,2026-09-28T01:56:19+00:00,bb4d4df9950f64e0727786d80f312438f0271725bc4e491b6c54b265fe7c5399
unemployment_rate,labour_supply,IT,M,2023-06-01,2023-06-30,7.5,percent of labour force,,,,"",eurostat,une_rt_m,IT,2023-06,2026-09-22T11:00:00+0200,2026-09-28T01:56:19+00:00,bb4d4df9950f64e0727786d80f312438f0271725bc4e491b6c54b265fe7c5399
unemployment_rate,labour_supply,IT,M,2023-07-01,2023-07-31,7.8,percent of labour force,,,,"",eurostat,une_rt_m,IT,2023-07,2026-09-22T11:00:00+0200,2026-09-28T01:56:19+00:00,bb4d4df9950f64e0727786d80f312438f0271725bc4e491b6c54b265fe7c5399
unemployment_rate,labour_supply,IT,M,2023-08-01,2023-08-31,7.6,percent of labour force,,,,"",eurostat,une_rt_m,IT,2023-08,2026-09-22T11:00:00+0200,2026-09-28T01:56:19+00:00,bb4d4df9950f64e0727786d80f312438f0271725bc4e491b6c54b265fe7c5399
unemployment_rate,labour_supply,IT,M,2023-09-01,2023-09-30,7.7,percent of labour force,,,,"",eurostat,une_rt_m,IT,2023-09,2026-09-22T11:00:00+0200,2026-09-28T01:56:19+00:00,bb4d4df9950f64e0727786d80f312438f0271725bc4e491b6c54b265fe7c5399
unemployment_rate,labour_supply,IT,M,2023-10-01,2023-10-31,7.7,percent of labour force,,,,"",eurostat,une_rt_m,IT,2023-10,2026-09-22T11:00:00+0200,2026-09-28T01:56:19+00:00,bb4d4df9950f64e0727786d80f312438f0271725bc4e491b6c54b265fe7c5399
unemployment_rate,labour_supply,IT,M,2023-11-01,2023-11-30,7.5,percent of labour force,,,,"",eurostat,une_rt_m,IT,2023-11,2026-09-22T11:00:00+0200,2026-09-28T01:56:19+00:00,bb4d4df9950f64e0727786d80f312438f0271725bc4e491b6c54b265fe7c5399
unemployment_rate,labour_supply,IT,M,2023-12-01,2023-12-31,7.1,percent of labour force,,,,"",eurostat,une_rt_m,IT,2023-12,2026-09-22T11:00:00+0200,2026-09-28T01:56:19+00:00,bb4d4df9950f64e0727786d80f312438f0271725bc4e491b6c54b265fe7c5399
unemployment_rate,labour_supply,IT,M,2024-01-01,2024-01-31,7.1,percent of labour force,,,,"",eurostat,une_rt_m,IT,2024-01,2026-09-22T11:00:00+0200,2026-09-28T01:56:19+00:00,bb4d4df9950f64e0727786d80f312438f0271725bc4e491b6c54b265fe7c5399
unemployment_rate,labour_supply,IT,M,2024-02-01,2024-02-29,7.3,percent of labour force,,,,"",eurostat,une_rt_m,IT,2024-02,2026-09-22T11:00:00+0200,2026-09-28T01:56:19+00:00,bb4d4df9950f64e0727786d80f312438f0271725bc4e491b6c54b265fe7c5399
unemployment_rate,labour_supply,IT,M,2024-03-01,2024-03-31,6.9,percent of labour force,,,,"",eurostat,une_rt_m,IT,2024-03,2026-09-22T11:00:00+0200,2026-09-28T01:56:19+00:00,bb4d4df9950f64e0727786d80f312438f0271725bc4e491b6c54b265fe7c5399
unemployment_rate,labour_supply,IT,M,2024-04-01,2024-04-30,6.8,percent of labour force,,,,"",eurostat,une_rt_m,IT,2024-04,2026-09-22T11:00:00+0200,2026-09-28T01:56:19+00:00,bb4d4df9950f64e0727786d80f312438f0271725bc4e491b6c54b265fe7c5399
unemployment_rate,labour_supply,IT,M,2024-05-01,2024-05-31,6.5,percent of labour force,,,,"",eurostat,une_rt_m,IT,2024-05,2026-09-22T11:00:00+0200,2026-09-28T01:56:19+00:00,bb4d4df9950f64e0727786d80f312438f0271725bc4e491b6c54b265fe7c5399
unemployment_rate,labour_supply,IT,M,2024-06-01,2024-06-30,6.7,percent of labour force,,,,"",eurostat,une_rt_m,IT,2024-06,2026-09-22T11:00:00+0200,2026-09-28T01:56:19+00:00,bb4d4df9950f64e0727786d80f312438f0271725bc4e491b6c54b265fe7c5399
unemployment_rate,labour_supply,IT,M,2024-07-01,2024-07-31,6.4,percent of labour force,,,,"",eurostat,une_rt_m,IT,2024-07,2026-09-22T11:00:00+0200,2026-09-28T01:56:19+00:00,bb4d4df9950f64e0727786d80f312438f0271725bc4e491b6c54b265fe7c5399
unemployment_rate,labour_supply,IT,M,2024-08-01,2024-08-31,6.4,percent of labour force,,,,"",eurostat,une_rt_m,IT,2024-08,2026-09-22T11:00:00+0200,2026-09-28T01:56:19+00:00,bb4d4df9950f64e0727786d80f312438f0271725bc4e491b6c54b265fe7c5399
unemployment_rate,labour_supply,IT,M,2024-09-01,2024-09-30,6.1,percent of labour force,,,,"",eurostat,une_rt_m,IT,2024-09,2026-09-22T11:00:00+0200,2026-09-28T01:56:19+00:00,bb4d4df9950f64e0727786d80f312438f0271725bc4e491b6c54b265fe7c5399
unemployment_rate,labour_supply,IT,M,2024-10-01,2024-10-31,6.1,percent of labour force,,,,"",eurostat,une_rt_m,IT,2024-10,2026-09-22T11:00:00+0200,2026-09-28T01:56:19+00:00,bb4d4df9950f64e0727786d80f312438f0271725bc4e491b6c54b265fe7c5399
unemployment_rate,labour_supply,IT,M,2024-11-01,2024-11-30,6.2,percent of labour force,,,,"",eurostat,une_rt_m,IT,2024-11,2026-09-22T11:00:00+0200,2026-09-28T01:56:19+00:00,bb4d4df9950f64e0727786d80f312438f0271725bc4e491b6c54b265fe7c5399
unemployment_rate,labour_supply,IT,M,2024-12-01,2024-12-31,6.4,percent of labour force,,,,"",eurostat,une_rt_m,IT,2024-12,2026-09-22T11:00:00+0200,2026-09-28T01:56:19+00:00,bb4d4df9950f64e0727786d80f312438f0271725bc4e491b6c54b265fe7c5399
unemployment_rate,labour_supply,IT,M,2025-01-01,2025-01-31,6.5,percent of labour force,,,,"",eurostat,une_rt_m,IT,2025-01,2026-09-22T11:00:00+0200,2026-09-28T01:56:19+00:00,bb4d4df9950f64e0727786d80f312438f0271725bc4e491b6c54b265fe7c5399
unemployment_rate,labour_supply,IT,M,2025-02-01,2025-02-28,6.1,percent of labour force,,,,"",eurostat,une_rt_m,IT,2025-02,2026-09-22T11:00:00+0200,2026-09-28T01:56:19+00:00,bb4d4df9950f64e0727786d80f312438f0271725bc4e491b6c54b265fe7c5399
unemployment_rate,labour_supply,IT,M,2025-03-01,2025-03-31,6.3,percent of labour force,,,,"",eurostat,une_rt_m,IT,2025-03,2026-09-22T11:00:00+0200,2026-09-28T01:56:19+00:00,bb4d4df9950f64e0727786d80f312438f0271725bc4e491b6c54b265fe7c5399
unemployment_rate,labour_supply,IT,M,2025-04-01,2025-04-30,6.2,percent of labour force,,,,"",eurostat,une_rt_m,IT,2025-04,2026-09-22T11:00:00+0200,2026-09-28T01:56:19+00:00,bb4d4df9950f64e0727786d80f312438f0271725bc4e491b6c54b265fe7c5399
unemployment_rate,labour_supply,IT,M,2025-05-01,2025-05-31,6.4,percent of labour force,,,,"",eurostat,une_rt_m,IT,2025-05,2026-09-22T11:00:00+0200,2026-09-28T01:56:19+00:00,bb4d4df9950f64e0727786d80f312438f0271725bc4e491b6c54b265fe7c5399
unemployment_rate,labour_supply,IT,M,2025-06-01,2025-06-30,5.9,percent of labour force,,,,"",eurostat,une_rt_m,IT,2025-06,2026-09-22T11:00:00+0200,2026-09-28T01:56:19+00:00,bb4d4df9950f64e0727786d80f312438f0271725bc4e491b6c54b265fe7c5399
unemployment_rate,labour_supply,IT,M,2025-07-01,2025-07-31,5.9,percent of labour force,,,,"",eurostat,une_rt_m,IT,2025-07,2026-09-22T11:00:00+0200,2026-09-28T01:56:19+00:00,bb4d4df9950f64e0727786d80f312438f0271725bc4e491b6c54b265fe7c5399
unemployment_rate,labour_supply,IT,M,2025-08-01,2025-08-31,5.9,percent of labour force,,,,"",eurostat,une_rt_m,IT,2025-08,2026-09-22T11:00:00+0200,2026-09-28T01:56:19+00:00,bb4d4df9950f64e0727786d80f312438f0271725bc4e491b6c54b265fe7c5399
unemployment_rate,labour_supply,IT,M,2025-09-01,2025-09-30,6.0,percent of labour force,,,,"",eurostat,une_rt_m,IT,2025-09,2026-09-22T11:00:00+0200,2026-09-28T01:56:19+00:00,bb4d4df9950f64e0727786d80f312438f0271725bc4e491b6c54b265fe7c5399
unemployment_rate,labour_supply,IT,M,2025-10-01,2025-10-31,5.8,percent of labour force,,,,"",eurostat,une_rt_m,IT,2025-10,2026-09-22T11:00:00+0200,2026-09-28T01:56:19+00:00,bb4d4df9950f64e0727786d80f312438f0271725bc4e491b6c54b265fe7c5399
unemployment_rate,labour_supply,IT,M,2025-11-01,2025-11-30,5.7,percent of labour force,,,,"",eurostat,une_rt_m,IT,2025-11,2026-09-22T11:00:00+0200,2026-09-28T01:56:19+00:00,bb4d4df9950f64e0727786d80f312438f0271725bc4e491b6c54b265fe7c5399
unemployment_rate,labour_supply,IT,M,2025-12-01,2025-12-31,5.7,percent of labour force,,,,"",eurostat,une_rt_m,IT,2025-12,2026-09-22T11:00:00+0200,2026-09-28T01:56:19+00:00,bb4d4df9950f64e0727786d80f312438f0271725bc4e491b6c54b265fe7c5399
unemployment_rate,labour_supply,IT,M,2026-01-01,2026-01-31,5.5,percent of labour force,,,,"",eurostat,une_rt_m,IT,2026-01,2026-09-22T11:00:00+0200,2026-09-28T01:56:19+00:00,bb4d4df9950f64e0727786d80f312438f0271725bc4e491b6c54b265fe7c5399
unemployment_rate,labour_supply,IT,M,2026-02-01,2026-02-28,5.6,percent of labour force,,,,"",eurostat,une_rt_m,IT,2026-02,2026-09-22T11:00:00+0200,2026-09-28T01:56:19+00:00,bb4d4df9950f64e0727786d80f312438f0271725bc4e491b6c54b265fe7c5399
unemployment_rate,labour_supply,IT,M,2026-03-01,2026-03-31,5.5,percent of labour force,,,,"",eurostat,une_rt_m,IT,2026-03,2026-09-22T11:00:00+0200,2026-09-28T01:56:19+00:00,bb4d4df9950f64e0727786d80f312438f0271725bc4e491b6c54b265fe7c5399
unemployment_rate,labour_supply,IT,M,2026-04-01,2026-04-30,5.5,percent of labour force,,,,"",eurostat,une_rt_m,IT,2026-04,2026-09-22T11:00:00+0200,2026-09-28T01:56:19+00:00,bb4d4df9950f64e0727786d80f312438f0271725bc4e491b6c54b265fe7c5399
unemployment_rate,labour_supply,IT,M,2026-05-01,2026-05-31,5.4,percent of labour force,,,,"",eurostat,une_rt_m,IT,2026-05,2026-09-22T11:00:00+0200,2026-09-28T01:56:19+00:00,bb4d4df9950f64e0727786d80f312438f0271725bc4e491b6c54b265fe7c5399
unemployment_rate,labour_supply,IT,M,2026-06-01,2026-06-30,5.8,percent of labour force,,,,"",eurostat,une_rt_m,IT,2026-06,2026-09-22T11:00:00+0200,2026-09-28T01:56:19+00:00,bb4d4df9950f64e0727786d80f312438f0271725bc4e491b6c54b265fe7c5399
unemployment_rate,labour_supply,IT,M,2026-07-01,2026-07-31,5.8,percent of labour force,,,,"",eurostat,une_rt_m,IT,2026-07,2026-09-22T11:00:00+0200,2026-09-28T01:56:19+00:00,bb4d4df9950f64e0727786d80f312438f0271725bc4e491b6c54b265fe7c5399
unemployment_rate,labour_supply,PL,M,2019-01-01,2019-01-31,3.7,percent of labour force,,,,"",eurostat,une_rt_m,PL,2019-01,2026-09-22T11:00:00+0200,2026-09-28T01:56:19+00:00,bb4d4df9950f64e0727786d80f312438f0271725bc4e491b6c54b265fe7c5399
unemployment_rate,labour_supply,PL,M,2019-02-01,2019-02-28,3.6,percent of labour force,,,,"",eurostat,une_rt_m,PL,2019-02,2026-09-22T11:00:00+0200,2026-09-28T01:56:19+00:00,bb4d4df9950f64e0727786d80f312438f0271725bc4e491b6c54b265fe7c5399
unemployment_rate,labour_supply,PL,M,2019-03-01,2019-03-31,3.5,percent of labour force,,,,"",eurostat,une_rt_m,PL,2019-03,2026-09-22T11:00:00+0200,2026-09-28T01:56:19+00:00,bb4d4df9950f64e0727786d80f312438f0271725bc4e491b6c54b265fe7c5399
unemployment_rate,labour_supply,PL,M,2019-04-01,2019-04-30,3.4,percent of labour force,,,,"",eurostat,une_rt_m,PL,2019-04,2026-09-22T11:00:00+0200,2026-09-28T01:56:19+00:00,bb4d4df9950f64e0727786d80f312438f0271725bc4e491b6c54b265fe7c5399
unemployment_rate,labour_supply,PL,M,2019-05-01,2019-05-31,3.3,percent of labour force,,,,"",eurostat,une_rt_m,PL,2019-05,2026-09-22T11:00:00+0200,2026-09-28T01:56:19+00:00,bb4d4df9950f64e0727786d80f312438f0271725bc4e491b6c54b265fe7c5399
unemployment_rate,labour_supply,PL,M,2019-06-01,2019-06-30,3.2,percent of labour force,,,,"",eurostat,une_rt_m,PL,2019-06,2026-09-22T11:00:00+0200,2026-09-28T01:56:19+00:00,bb4d4df9950f64e0727786d80f312438f0271725bc4e491b6c54b265fe7c5399
unemployment_rate,labour_supply,PL,M,2019-07-01,2019-07-31,3.2,percent of labour force,,,,"",eurostat,une_rt_m,PL,2019-07,2026-09-22T11:00:00+0200,2026-09-28T01:56:19+00:00,bb4d4df9950f64e0727786d80f312438f0271725bc4e491b6c54b265fe7c5399
unemployment_rate,labour_supply,PL,M,2019-08-01,2019-08-31,3.1,percent of labour force,,,,"",eurostat,une_rt_m,PL,2019-08,2026-09-22T11:00:00+0200,2026-09-28T01:56:19+00:00,bb4d4df9950f64e0727786d80f312438f0271725bc4e491b6c54b265fe7c5399
unemployment_rate,labour_supply,PL,M,2019-09-01,2019-09-30,3.1,percent of labour force,,,,"",eurostat,une_rt_m,PL,2019-09,2026-09-22T11:00:00+0200,2026-09-28T01:56:19+00:00,bb4d4df9950f64e0727786d80f312438f0271725bc4e491b6c54b265fe7c5399
unemployment_rate,labour_supply,PL,M,2019-10-01,2019-10-31,3.0,percent of labour force,,,,"",eurostat,une_rt_m,PL,2019-10,2026-09-22T11:00:00+0200,2026-09-28T01:56:19+00:00,bb4d4df9950f64e0727786d80f312438f0271725bc4e491b6c54b265fe7c5399
unemployment_rate,labour_supply,PL,M,2019-11-01,2019-11-30,3.0,percent of labour force,,,,"",eurostat,une_rt_m,PL,2019-11,2026-09-22T11:00:00+0200,2026-09-28T01:56:19+00:00,bb4d4df9950f64e0727786d80f312438f0271725bc4e491b6c54b265fe7c5399
unemployment_rate,labour_supply,PL,M,2019-12-01,2019-12-31,2.9,percent of labour force,,,,"",eurostat,une_rt_m,PL,2019-12,2026-09-22T11:00:00+0200,2026-09-28T01:56:19+00:00,bb4d4df9950f64e0727786d80f312438f0271725bc4e491b6c54b265fe7c5399
unemployment_rate,labour_supply,PL,M,2020-01-01,2020-01-31,2.9,percent of labour force,,,,"",eurostat,une_rt_m,PL,2020-01,2026-09-22T11:00:00+0200,2026-09-28T01:56:19+00:00,bb4d4df9950f64e0727786d80f312438f0271725bc4e491b6c54b265fe7c5399
unemployment_rate,labour_supply,PL,M,2020-02-01,2020-02-29,2.8,percent of labour force,,,,"",eurostat,une_rt_m,PL,2020-02,2026-09-22T11:00:00+0200,2026-09-28T01:56:19+00:00,bb4d4df9950f64e0727786d80f312438f0271725bc4e491b6c54b265fe7c5399
unemployment_rate,labour_supply,PL,M,2020-03-01,2020-03-31,2.9,percent of labour force,,,,"",eurostat,une_rt_m,PL,2020-03,2026-09-22T11:00:00+0200,2026-09-28T01:56:19+00:00,bb4d4df9950f64e0727786d80f312438f0271725bc4e491b6c54b265fe7c5399
unemployment_rate,labour_supply,PL,M,2020-04-01,2020-04-30,3.1,percent of labour force,,,,"",eurostat,une_rt_m,PL,2020-04,2026-09-22T11:00:00+0200,2026-09-28T01:56:19+00:00,bb4d4df9950f64e0727786d80f312438f0271725bc4e491b6c54b265fe7c5399
unemployment_rate,labour_supply,PL,M,2020-05-01,2020-05-31,3.3,percent of labour force,,,,"",eurostat,une_rt_m,PL,2020-05,2026-09-22T11:00:00+0200,2026-09-28T01:56:19+00:00,bb4d4df9950f64e0727786d80f312438f0271725bc4e491b6c54b265fe7c5399
unemployment_rate,labour_supply,PL,M,2020-06-01,2020-06-30,3.4,percent of labour force,,,,"",eurostat,une_rt_m,PL,2020-06,2026-09-22T11:00:00+0200,2026-09-28T01:56:19+00:00,bb4d4df9950f64e0727786d80f312438f0271725bc4e491b6c54b265fe7c5399
unemployment_rate,labour_supply,PL,M,2020-07-01,2020-07-31,3.4,percent of labour force,,,,"",eurostat,une_rt_m,PL,2020-07,2026-09-22T11:00:00+0200,2026-09-28T01:56:19+00:00,bb4d4df9950f64e0727786d80f312438f0271725bc4e491b6c54b265fe7c5399
unemployment_rate,labour_supply,PL,M,2020-08-01,2020-08-31,3.4,percent of labour force,,,,"",eurostat,une_rt_m,PL,2020-08,2026-09-22T11:00:00+0200,2026-09-28T01:56:19+00:00,bb4d4df9950f64e0727786d80f312438f0271725bc4e491b6c54b265fe7c5399
unemployment_rate,labour_supply,PL,M,2020-09-01,2020-09-30,3.3,percent of labour force,,,,"",eurostat,une_rt_m,PL,2020-09,2026-09-22T11:00:00+0200,2026-09-28T01:56:19+00:00,bb4d4df9950f64e0727786d80f312438f0271725bc4e491b6c54b265fe7c5399
unemployment_rate,labour_supply,PL,M,2020-10-01,2020-10-31,3.2,percent of labour force,,,,"",eurostat,une_rt_m,PL,2020-10,2026-09-22T11:00:00+0200,2026-09-28T01:56:19+00:00,bb4d4df9950f64e0727786d80f312438f0271725bc4e491b6c54b265fe7c5399
unemployment_rate,labour_supply,PL,M,2020-11-01,2020-11-30,3.2,percent of labour force,,,,"",eurostat,une_rt_m,PL,2020-11,2026-09-22T11:00:00+0200,2026-09-28T01:56:19+00:00,bb4d4df9950f64e0727786d80f312438f0271725bc4e491b6c54b265fe7c5399
unemployment_rate,labour_supply,PL,M,2020-12-01,2020-12-31,3.3,percent of labour force,,,,"",eurostat,une_rt_m,PL,2020-12,2026-09-22T11:00:00+0200,2026-09-28T01:56:19+00:00,bb4d4df9950f64e0727786d80f312438f0271725bc4e491b6c54b265fe7c5399
unemployment_rate,labour_supply,PL,M,2021-01-01,2021-01-31,3.6,percent of labour force,,,,"",eurostat,une_rt_m,PL,2021-01,2026-09-22T11:00:00+0200,2026-09-28T01:56:19+00:00,bb4d4df9950f64e0727786d80f312438f0271725bc4e491b6c54b265fe7c5399
unemployment_rate,labour_supply,PL,M,2021-02-01,2021-02-28,3.8,percent of labour force,,,,"",eurostat,une_rt_m,PL,2021-02,2026-09-22T11:00:00+0200,2026-09-28T01:56:19+00:00,bb4d4df9950f64e0727786d80f312438f0271725bc4e491b6c54b265fe7c5399
unemployment_rate,labour_supply,PL,M,2021-03-01,2021-03-31,3.9,percent of labour force,,,,"",eurostat,une_rt_m,PL,2021-03,2026-09-22T11:00:00+0200,2026-09-28T01:56:19+00:00,bb4d4df9950f64e0727786d80f312438f0271725bc4e491b6c54b265fe7c5399
unemployment_rate,labour_supply,PL,M,2021-04-01,2021-04-30,3.8,percent of labour force,,,,"",eurostat,une_rt_m,PL,2021-04,2026-09-22T11:00:00+0200,2026-09-28T01:56:19+00:00,bb4d4df9950f64e0727786d80f312438f0271725bc4e491b6c54b265fe7c5399
unemployment_rate,labour_supply,PL,M,2021-05-01,2021-05-31,3.7,percent of labour force,,,,"",eurostat,une_rt_m,PL,2021-05,2026-09-22T11:00:00+0200,2026-09-28T01:56:19+00:00,bb4d4df9950f64e0727786d80f312438f0271725bc4e491b6c54b265fe7c5399
unemployment_rate,labour_supply,PL,M,2021-06-01,2021-06-30,3.5,percent of labour force,,,,"",eurostat,une_rt_m,PL,2021-06,2026-09-22T11:00:00+0200,2026-09-28T01:56:19+00:00,bb4d4df9950f64e0727786d80f312438f0271725bc4e491b6c54b265fe7c5399
unemployment_rate,labour_supply,PL,M,2021-07-01,2021-07-31,3.3,percent of labour force,,,,"",eurostat,une_rt_m,PL,2021-07,2026-09-22T11:00:00+0200,2026-09-28T01:56:19+00:00,bb4d4df9950f64e0727786d80f312438f0271725bc4e491b6c54b265fe7c5399
unemployment_rate,labour_supply,PL,M,2021-08-01,2021-08-31,3.1,percent of labour force,,,,"",eurostat,une_rt_m,PL,2021-08,2026-09-22T11:00:00+0200,2026-09-28T01:56:19+00:00,bb4d4df9950f64e0727786d80f312438f0271725bc4e491b6c54b265fe7c5399
unemployment_rate,labour_supply,PL,M,2021-09-01,2021-09-30,3.0,percent of labour force,,,,"",eurostat,une_rt_m,PL,2021-09,2026-09-22T11:00:00+0200,2026-09-28T01:56:19+00:00,bb4d4df9950f64e0727786d80f312438f0271725bc4e491b6c54b265fe7c5399
unemployment_rate,labour_supply,PL,M,2021-10-01,2021-10-31,3.0,percent of labour force,,,,"",eurostat,une_rt_m,PL,2021-10,2026-09-22T11:00:00+0200,2026-09-28T01:56:19+00:00,bb4d4df9950f64e0727786d80f312438f0271725bc4e491b6c54b265fe7c5399
unemployment_rate,labour_supply,PL,M,2021-11-01,2021-11-30,3.0,percent of labour force,,,,"",eurostat,une_rt_m,PL,2021-11,2026-09-22T11:00:00+0200,2026-09-28T01:56:19+00:00,bb4d4df9950f64e0727786d80f312438f0271725bc4e491b6c54b265fe7c5399
unemployment_rate,labour_supply,PL,M,2021-12-01,2021-12-31,2.9,percent of labour force,,,,"",eurostat,une_rt_m,PL,2021-12,2026-09-22T11:00:00+0200,2026-09-28T01:56:19+00:00,bb4d4df9950f64e0727786d80f312438f0271725bc4e491b6c54b265fe7c5399
unemployment_rate,labour_supply,PL,M,2022-01-01,2022-01-31,2.9,percent of labour force,,,,"",eurostat,une_rt_m,PL,2022-01,2026-09-22T11:00:00+0200,2026-09-28T01:56:19+00:00,bb4d4df9950f64e0727786d80f312438f0271725bc4e491b6c54b265fe7c5399
unemployment_rate,labour_supply,PL,M,2022-02-01,2022-02-28,2.8,percent of labour force,,,,"",eurostat,une_rt_m,PL,2022-02,2026-09-22T11:00:00+0200,2026-09-28T01:56:19+00:00,bb4d4df9950f64e0727786d80f312438f0271725bc4e491b6c54b265fe7c5399
unemployment_rate,labour_supply,PL,M,2022-03-01,2022-03-31,2.8,percent of labour force,,,,"",eurostat,une_rt_m,PL,2022-03,2026-09-22T11:00:00+0200,2026-09-28T01:56:19+00:00,bb4d4df9950f64e0727786d80f312438f0271725bc4e491b6c54b265fe7c5399
unemployment_rate,labour_supply,PL,M,2022-04-01,2022-04-30,2.8,percent of labour force,,,,"",eurostat,une_rt_m,PL,2022-04,2026-09-22T11:00:00+0200,2026-09-28T01:56:19+00:00,bb4d4df9950f64e0727786d80f312438f0271725bc4e491b6c54b265fe7c5399
unemployment_rate,labour_supply,PL,M,2022-05-01,2022-05-31,2.8,percent of labour force,,,,"",eurostat,une_rt_m,PL,2022-05,2026-09-22T11:00:00+0200,2026-09-28T01:56:19+00:00,bb4d4df9950f64e0727786d80f312438f0271725bc4e491b6c54b265fe7c5399
unemployment_rate,labour_supply,PL,M,2022-06-01,2022-06-30,2.8,percent of labour force,,,,"",eurostat,une_rt_m,PL,2022-06,2026-09-22T11:00:00+0200,2026-09-28T01:56:19+00:00,bb4d4df9950f64e0727786d80f312438f0271725bc4e491b6c54b265fe7c5399
unemployment_rate,labour_supply,PL,M,2022-07-01,2022-07-31,2.9,percent of labour force,,,,"",eurostat,une_rt_m,PL,2022-07,2026-09-22T11:00:00+0200,2026-09-28T01:56:19+00:00,bb4d4df9950f64e0727786d80f312438f0271725bc4e491b6c54b265fe7c5399
unemployment_rate,labour_supply,PL,M,2022-08-01,2022-08-31,3.0,percent of labour force,,,,"",eurostat,une_rt_m,PL,2022-08,2026-09-22T11:00:00+0200,2026-09-28T01:56:19+00:00,bb4d4df9950f64e0727786d80f312438f0271725bc4e491b6c54b265fe7c5399
unemployment_rate,labour_supply,PL,M,2022-09-01,2022-09-30,3.0,percent of labour force,,,,"",eurostat,une_rt_m,PL,2022-09,2026-09-22T11:00:00+0200,2026-09-28T01:56:19+00:00,bb4d4df9950f64e0727786d80f312438f0271725bc4e491b6c54b265fe7c5399
unemployment_rate,labour_supply,PL,M,2022-10-01,2022-10-31,3.0,percent of labour force,,,,"",eurostat,une_rt_m,PL,2022-10,2026-09-22T11:00:00+0200,2026-09-28T01:56:19+00:00,bb4d4df9950f64e0727786d80f312438f0271725bc4e491b6c54b265fe7c5399
unemployment_rate,labour_supply,PL,M,2022-11-01,2022-11-30,2.9,percent of labour force,,,,"",eurostat,une_rt_m,PL,2022-11,2026-09-22T11:00:00+0200,2026-09-28T01:56:19+00:00,bb4d4df9950f64e0727786d80f312438f0271725bc4e491b6c54b265fe7c5399
unemployment_rate,labour_supply,PL,M,2022-12-01,2022-12-31,2.8,percent of labour force,,,,"",eurostat,une_rt_m,PL,2022-12,2026-09-22T11:00:00+0200,2026-09-28T01:56:19+00:00,bb4d4df9950f64e0727786d80f312438f0271725bc4e491b6c54b265fe7c5399
unemployment_rate,labour_supply,PL,M,2023-01-01,2023-01-31,2.7,percent of labour force,,,,"",eurostat,une_rt_m,PL,2023-01,2026-09-22T11:00:00+0200,2026-09-28T01:56:19+00:00,bb4d4df9950f64e0727786d80f312438f0271725bc4e491b6c54b265fe7c5399
unemployment_rate,labour_supply,PL,M,2023-02-01,2023-02-28,2.6,percent of labour force,,,,"",eurostat,une_rt_m,PL,2023-02,2026-09-22T11:00:00+0200,2026-09-28T01:56:19+00:00,bb4d4df9950f64e0727786d80f312438f0271725bc4e491b6c54b265fe7c5399
unemployment_rate,labour_supply,PL,M,2023-03-01,2023-03-31,2.7,percent of labour force,,,,"",eurostat,une_rt_m,PL,2023-03,2026-09-22T11:00:00+0200,2026-09-28T01:56:19+00:00,bb4d4df9950f64e0727786d80f312438f0271725bc4e491b6c54b265fe7c5399
unemployment_rate,labour_supply,PL,M,2023-04-01,2023-04-30,2.7,percent of labour force,,,,"",eurostat,une_rt_m,PL,2023-04,2026-09-22T11:00:00+0200,2026-09-28T01:56:19+00:00,bb4d4df9950f64e0727786d80f312438f0271725bc4e491b6c54b265fe7c5399
unemployment_rate,labour_supply,PL,M,2023-05-01,2023-05-31,2.8,percent of labour force,,,,"",eurostat,une_rt_m,PL,2023-05,2026-09-22T11:00:00+0200,2026-09-28T01:56:19+00:00,bb4d4df9950f64e0727786d80f312438f0271725bc4e491b6c54b265fe7c5399
unemployment_rate,labour_supply,PL,M,2023-06-01,2023-06-30,2.8,percent of labour force,,,,"",eurostat,une_rt_m,PL,2023-06,2026-09-22T11:00:00+0200,2026-09-28T01:56:19+00:00,bb4d4df9950f64e0727786d80f312438f0271725bc4e491b6c54b265fe7c5399
unemployment_rate,labour_supply,PL,M,2023-07-01,2023-07-31,2.7,percent of labour force,,,,"",eurostat,une_rt_m,PL,2023-07,2026-09-22T11:00:00+0200,2026-09-28T01:56:19+00:00,bb4d4df9950f64e0727786d80f312438f0271725bc4e491b6c54b265fe7c5399
unemployment_rate,labour_supply,PL,M,2023-08-01,2023-08-31,2.8,percent of labour force,,,,"",eurostat,une_rt_m,PL,2023-08,2026-09-22T11:00:00+0200,2026-09-28T01:56:19+00:00,bb4d4df9950f64e0727786d80f312438f0271725bc4e491b6c54b265fe7c5399
unemployment_rate,labour_supply,PL,M,2023-09-01,2023-09-30,2.9,percent of labour force,,,,"",eurostat,une_rt_m,PL,2023-09,2026-09-22T11:00:00+0200,2026-09-28T01:56:19+00:00,bb4d4df9950f64e0727786d80f312438f0271725bc4e491b6c54b265fe7c5399
unemployment_rate,labour_supply,PL,M,2023-10-01,2023-10-31,3.0,percent of labour force,,,,"",eurostat,une_rt_m,PL,2023-10,2026-09-22T11:00:00+0200,2026-09-28T01:56:19+00:00,bb4d4df9950f64e0727786d80f312438f0271725bc4e491b6c54b265fe7c5399
unemployment_rate,labour_supply,PL,M,2023-11-01,2023-11-30,3.1,percent of labour force,,,,"",eurostat,une_rt_m,PL,2023-11,2026-09-22T11:00:00+0200,2026-09-28T01:56:19+00:00,bb4d4df9950f64e0727786d80f312438f0271725bc4e491b6c54b265fe7c5399
unemployment_rate,labour_supply,PL,M,2023-12-01,2023-12-31,3.1,percent of labour force,,,,"",eurostat,une_rt_m,PL,2023-12,2026-09-22T11:00:00+0200,2026-09-28T01:56:19+00:00,bb4d4df9950f64e0727786d80f312438f0271725bc4e491b6c54b265fe7c5399
unemployment_rate,labour_supply,PL,M,2024-01-01,2024-01-31,3.0,percent of labour force,,,,"",eurostat,une_rt_m,PL,2024-01,2026-09-22T11:00:00+0200,2026-09-28T01:56:19+00:00,bb4d4df9950f64e0727786d80f312438f0271725bc4e491b6c54b265fe7c5399
unemployment_rate,labour_supply,PL,M,2024-02-01,2024-02-29,2.9,percent of labour force,,,,"",eurostat,une_rt_m,PL,2024-02,2026-09-22T11:00:00+0200,2026-09-28T01:56:19+00:00,bb4d4df9950f64e0727786d80f312438f0271725bc4e491b6c54b265fe7c5399
unemployment_rate,labour_supply,PL,M,2024-03-01,2024-03-31,2.8,percent of labour force,,,,"",eurostat,une_rt_m,PL,2024-03,2026-09-22T11:00:00+0200,2026-09-28T01:56:19+00:00,bb4d4df9950f64e0727786d80f312438f0271725bc4e491b6c54b265fe7c5399
unemployment_rate,labour_supply,PL,M,2024-04-01,2024-04-30,2.8,percent of labour force,,,,"",eurostat,une_rt_m,PL,2024-04,2026-09-22T11:00:00+0200,2026-09-28T01:56:19+00:00,bb4d4df9950f64e0727786d80f312438f0271725bc4e491b6c54b265fe7c5399
unemployment_rate,labour_supply,PL,M,2024-05-01,2024-05-31,2.8,percent of labour force,,,,"",eurostat,une_rt_m,PL,2024-05,2026-09-22T11:00:00+0200,2026-09-28T01:56:19+00:00,bb4d4df9950f64e0727786d80f312438f0271725bc4e491b6c54b265fe7c5399
unemployment_rate,labour_supply,PL,M,2024-06-01,2024-06-30,2.9,percent of labour force,,,,"",eurostat,une_rt_m,PL,2024-06,2026-09-22T11:00:00+0200,2026-09-28T01:56:19+00:00,bb4d4df9950f64e0727786d80f312438f0271725bc4e491b6c54b265fe7c5399
unemployment_rate,labour_supply,PL,M,2024-07-01,2024-07-31,3.0,percent of labour force,,,,"",eurostat,une_rt_m,PL,2024-07,2026-09-22T11:00:00+0200,2026-09-28T01:56:19+00:00,bb4d4df9950f64e0727786d80f312438f0271725bc4e491b6c54b265fe7c5399
unemployment_rate,labour_supply,PL,M,2024-08-01,2024-08-31,3.0,percent of labour force,,,,"",eurostat,une_rt_m,PL,2024-08,2026-09-22T11:00:00+0200,2026-09-28T01:56:19+00:00,bb4d4df9950f64e0727786d80f312438f0271725bc4e491b6c54b265fe7c5399
unemployment_rate,labour_supply,PL,M,2024-09-01,2024-09-30,3.0,percent of labour force,,,,"",eurostat,une_rt_m,PL,2024-09,2026-09-22T11:00:00+0200,2026-09-28T01:56:19+00:00,bb4d4df9950f64e0727786d80f312438f0271725bc4e491b6c54b265fe7c5399
unemployment_rate,labour_supply,PL,M,2024-10-01,2024-10-31,2.8,percent of labour force,,,,"",eurostat,une_rt_m,PL,2024-10,2026-09-22T11:00:00+0200,2026-09-28T01:56:19+00:00,bb4d4df9950f64e0727786d80f312438f0271725bc4e491b6c54b265fe7c5399
unemployment_rate,labour_supply,PL,M,2024-11-01,2024-11-30,2.8,percent of labour force,,,,"",eurostat,une_rt_m,PL,2024-11,2026-09-22T11:00:00+0200,2026-09-28T01:56:19+00:00,bb4d4df9950f64e0727786d80f312438f0271725bc4e491b6c54b265fe7c5399
unemployment_rate,labour_supply,PL,M,2024-12-01,2024-12-31,2.9,percent of labour force,,,,"",eurostat,une_rt_m,PL,2024-12,2026-09-22T11:00:00+0200,2026-09-28T01:56:19+00:00,bb4d4df9950f64e0727786d80f312438f0271725bc4e491b6c54b265fe7c5399
unemployment_rate,labour_supply,PL,M,2025-01-01,2025-01-31,3.1,percent of labour force,,,,"",eurostat,une_rt_m,PL,2025-01,2026-09-22T11:00:00+0200,2026-09-28T01:56:19+00:00,bb4d4df9950f64e0727786d80f312438f0271725bc4e491b6c54b265fe7c5399
unemployment_rate,labour_supply,PL,M,2025-02-01,2025-02-28,3.2,percent of labour force,,,,"",eurostat,une_rt_m,PL,2025-02,2026-09-22T11:00:00+0200,2026-09-28T01:56:19+00:00,bb4d4df9950f64e0727786d80f312438f0271725bc4e491b6c54b265fe7c5399
unemployment_rate,labour_supply,PL,M,2025-03-01,2025-03-31,3.2,percent of labour force,,,,"",eurostat,une_rt_m,PL,2025-03,2026-09-22T11:00:00+0200,2026-09-28T01:56:19+00:00,bb4d4df9950f64e0727786d80f312438f0271725bc4e491b6c54b265fe7c5399
unemployment_rate,labour_supply,PL,M,2025-04-01,2025-04-30,3.0,percent of labour force,,,,"",eurostat,une_rt_m,PL,2025-04,2026-09-22T11:00:00+0200,2026-09-28T01:56:19+00:00,bb4d4df9950f64e0727786d80f312438f0271725bc4e491b6c54b265fe7c5399
unemployment_rate,labour_supply,PL,M,2025-05-01,2025-05-31,3.0,percent of labour force,,,,"",eurostat,une_rt_m,PL,2025-05,2026-09-22T11:00:00+0200,2026-09-28T01:56:19+00:00,bb4d4df9950f64e0727786d80f312438f0271725bc4e491b6c54b265fe7c5399
unemployment_rate,labour_supply,PL,M,2025-06-01,2025-06-30,3.0,percent of labour force,,,,"",eurostat,une_rt_m,PL,2025-06,2026-09-22T11:00:00+0200,2026-09-28T01:56:19+00:00,bb4d4df9950f64e0727786d80f312438f0271725bc4e491b6c54b265fe7c5399
unemployment_rate,labour_supply,PL,M,2025-07-01,2025-07-31,3.1,percent of labour force,,,,"",eurostat,une_rt_m,PL,2025-07,2026-09-22T11:00:00+0200,2026-09-28T01:56:19+00:00,bb4d4df9950f64e0727786d80f312438f0271725bc4e491b6c54b265fe7c5399
unemployment_rate,labour_supply,PL,M,2025-08-01,2025-08-31,3.2,percent of labour force,,,,"",eurostat,une_rt_m,PL,2025-08,2026-09-22T11:00:00+0200,2026-09-28T01:56:19+00:00,bb4d4df9950f64e0727786d80f312438f0271725bc4e491b6c54b265fe7c5399
unemployment_rate,labour_supply,PL,M,2025-09-01,2025-09-30,3.2,percent of labour force,,,,"",eurostat,une_rt_m,PL,2025-09,2026-09-22T11:00:00+0200,2026-09-28T01:56:19+00:00,bb4d4df9950f64e0727786d80f312438f0271725bc4e491b6c54b265fe7c5399
unemployment_rate,labour_supply,PL,M,2025-10-01,2025-10-31,3.3,percent of labour force,,,,"",eurostat,une_rt_m,PL,2025-10,2026-09-22T11:00:00+0200,2026-09-28T01:56:19+00:00,bb4d4df9950f64e0727786d80f312438f0271725bc4e491b6c54b265fe7c5399
unemployment_rate,labour_supply,PL,M,2025-11-01,2025-11-30,3.2,percent of labour force,,,,"",eurostat,une_rt_m,PL,2025-11,2026-09-22T11:00:00+0200,2026-09-28T01:56:19+00:00,bb4d4df9950f64e0727786d80f312438f0271725bc4e491b6c54b265fe7c5399
unemployment_rate,labour_supply,PL,M,2025-12-01,2025-12-31,3.1,percent of labour force,,,,"",eurostat,une_rt_m,PL,2025-12,2026-09-22T11:00:00+0200,2026-09-28T01:56:19+00:00,bb4d4df9950f64e0727786d80f312438f0271725bc4e491b6c54b265fe7c5399
unemployment_rate,labour_supply,PL,M,2026-01-01,2026-01-31,3.0,percent of labour force,,,,"",eurostat,une_rt_m,PL,2026-01,2026-09-22T11:00:00+0200,2026-09-28T01:56:19+00:00,bb4d4df9950f64e0727786d80f312438f0271725bc4e491b6c54b265fe7c5399
unemployment_rate,labour_supply,PL,M,2026-02-01,2026-02-28,3.0,percent of labour force,,,,"",eurostat,une_rt_m,PL,2026-02,2026-09-22T11:00:00+0200,2026-09-28T01:56:19+00:00,bb4d4df9950f64e0727786d80f312438f0271725bc4e491b6c54b265fe7c5399
unemployment_rate,labour_supply,PL,M,2026-03-01,2026-03-31,3.1,percent of labour force,,,,"",eurostat,une_rt_m,PL,2026-03,2026-09-22T11:00:00+0200,2026-09-28T01:56:19+00:00,bb4d4df9950f64e0727786d80f312438f0271725bc4e491b6c54b265fe7c5399
unemployment_rate,labour_supply,PL,M,2026-04-01,2026-04-30,3.3,percent of labour force,,,,"",eurostat,une_rt_m,PL,2026-04,2026-09-22T11:00:00+0200,2026-09-28T01:56:19+00:00,bb4d4df9950f64e0727786d80f312438f0271725bc4e491b6c54b265fe7c5399
unemployment_rate,labour_supply,PL,M,2026-05-01,2026-05-31,3.4,percent of labour force,,,,"",eurostat,une_rt_m,PL,2026-05,2026-09-22T11:00:00+0200,2026-09-28T01:56:19+00:00,bb4d4df9950f64e0727786d80f312438f0271725bc4e491b6c54b265fe7c5399
unemployment_rate,labour_supply,PL,M,2026-06-01,2026-06-30,3.4,percent of labour force,,,,"",eurostat,une_rt_m,PL,2026-06,2026-09-22T11:00:00+0200,2026-09-28T01:56:19+00:00,bb4d4df9950f64e0727786d80f312438f0271725bc4e491b6c54b265fe7c5399
unemployment_rate,labour_supply,PL,M,2026-07-01,2026-07-31,3.4,percent of labour force,,,,"",eurostat,une_rt_m,PL,2026-07,2026-09-22T11:00:00+0200,2026-09-28T01:56:19+00:00,bb4d4df9950f64e0727786d80f312438f0271725bc4e491b6c54b265fe7c5399
unemployment_rate,labour_supply,RO,M,2019-01-01,2019-01-31,5.2,percent of labour force,,,,"",eurostat,une_rt_m,RO,2019-01,2026-09-22T11:00:00+0200,2026-09-28T01:56:19+00:00,bb4d4df9950f64e0727786d80f312438f0271725bc4e491b6c54b265fe7c5399
unemployment_rate,labour_supply,RO,M,2019-02-01,2019-02-28,5.0,percent of labour force,,,,"",eurostat,une_rt_m,RO,2019-02,2026-09-22T11:00:00+0200,2026-09-28T01:56:19+00:00,bb4d4df9950f64e0727786d80f312438f0271725bc4e491b6c54b265fe7c5399
unemployment_rate,labour_supply,RO,M,2019-03-01,2019-03-31,4.8,percent of labour force,,,,"",eurostat,une_rt_m,RO,2019-03,2026-09-22T11:00:00+0200,2026-09-28T01:56:19+00:00,bb4d4df9950f64e0727786d80f312438f0271725bc4e491b6c54b265fe7c5399
unemployment_rate,labour_supply,RO,M,2019-04-01,2019-04-30,4.9,percent of labour force,,,,"",eurostat,une_rt_m,RO,2019-04,2026-09-22T11:00:00+0200,2026-09-28T01:56:19+00:00,bb4d4df9950f64e0727786d80f312438f0271725bc4e491b6c54b265fe7c5399
unemployment_rate,labour_supply,RO,M,2019-05-01,2019-05-31,4.9,percent of labour force,,,,"",eurostat,une_rt_m,RO,2019-05,2026-09-22T11:00:00+0200,2026-09-28T01:56:19+00:00,bb4d4df9950f64e0727786d80f312438f0271725bc4e491b6c54b265fe7c5399
unemployment_rate,labour_supply,RO,M,2019-06-01,2019-06-30,4.8,percent of labour force,,,,"",eurostat,une_rt_m,RO,2019-06,2026-09-22T11:00:00+0200,2026-09-28T01:56:19+00:00,bb4d4df9950f64e0727786d80f312438f0271725bc4e491b6c54b265fe7c5399
unemployment_rate,labour_supply,RO,M,2019-07-01,2019-07-31,5.0,percent of labour force,,,,"",eurostat,une_rt_m,RO,2019-07,2026-09-22T11:00:00+0200,2026-09-28T01:56:19+00:00,bb4d4df9950f64e0727786d80f312438f0271725bc4e491b6c54b265fe7c5399
unemployment_rate,labour_supply,RO,M,2019-08-01,2019-08-31,4.7,percent of labour force,,,,"",eurostat,une_rt_m,RO,2019-08,2026-09-22T11:00:00+0200,2026-09-28T01:56:19+00:00,bb4d4df9950f64e0727786d80f312438f0271725bc4e491b6c54b265fe7c5399
unemployment_rate,labour_supply,RO,M,2019-09-01,2019-09-30,5.0,percent of labour force,,,,"",eurostat,une_rt_m,RO,2019-09,2026-09-22T11:00:00+0200,2026-09-28T01:56:19+00:00,bb4d4df9950f64e0727786d80f312438f0271725bc4e491b6c54b265fe7c5399
unemployment_rate,labour_supply,RO,M,2019-10-01,2019-10-31,4.8,percent of labour force,,,,"",eurostat,une_rt_m,RO,2019-10,2026-09-22T11:00:00+0200,2026-09-28T01:56:19+00:00,bb4d4df9950f64e0727786d80f312438f0271725bc4e491b6c54b265fe7c5399
unemployment_rate,labour_supply,RO,M,2019-11-01,2019-11-30,4.9,percent of labour force,,,,"",eurostat,une_rt_m,RO,2019-11,2026-09-22T11:00:00+0200,2026-09-28T01:56:19+00:00,bb4d4df9950f64e0727786d80f312438f0271725bc4e491b6c54b265fe7c5399
unemployment_rate,labour_supply,RO,M,2019-12-01,2019-12-31,4.9,percent of labour force,,,,"",eurostat,une_rt_m,RO,2019-12,2026-09-22T11:00:00+0200,2026-09-28T01:56:19+00:00,bb4d4df9950f64e0727786d80f312438f0271725bc4e491b6c54b265fe7c5399
unemployment_rate,labour_supply,RO,M,2020-01-01,2020-01-31,4.8,percent of labour force,,,,"",eurostat,une_rt_m,RO,2020-01,2026-09-22T11:00:00+0200,2026-09-28T01:56:19+00:00,bb4d4df9950f64e0727786d80f312438f0271725bc4e491b6c54b265fe7c5399
unemployment_rate,labour_supply,RO,M,2020-02-01,2020-02-29,5.3,percent of labour force,,,,"",eurostat,une_rt_m,RO,2020-02,2026-09-22T11:00:00+0200,2026-09-28T01:56:19+00:00,bb4d4df9950f64e0727786d80f312438f0271725bc4e491b6c54b265fe7c5399
unemployment_rate,labour_supply,RO,M,2020-03-01,2020-03-31,5.5,percent of labour force,,,,"",eurostat,une_rt_m,RO,2020-03,2026-09-22T11:00:00+0200,2026-09-28T01:56:19+00:00,bb4d4df9950f64e0727786d80f312438f0271725bc4e491b6c54b265fe7c5399
unemployment_rate,labour_supply,RO,M,2020-04-01,2020-04-30,6.2,percent of labour force,,,,"",eurostat,une_rt_m,RO,2020-04,2026-09-22T11:00:00+0200,2026-09-28T01:56:19+00:00,bb4d4df9950f64e0727786d80f312438f0271725bc4e491b6c54b265fe7c5399
unemployment_rate,labour_supply,RO,M,2020-05-01,2020-05-31,6.5,percent of labour force,,,,"",eurostat,une_rt_m,RO,2020-05,2026-09-22T11:00:00+0200,2026-09-28T01:56:19+00:00,bb4d4df9950f64e0727786d80f312438f0271725bc4e491b6c54b265fe7c5399
unemployment_rate,labour_supply,RO,M,2020-06-01,2020-06-30,6.7,percent of labour force,,,,"",eurostat,une_rt_m,RO,2020-06,2026-09-22T11:00:00+0200,2026-09-28T01:56:19+00:00,bb4d4df9950f64e0727786d80f312438f0271725bc4e491b6c54b265fe7c5399
unemployment_rate,labour_supply,RO,M,2020-07-01,2020-07-31,6.5,percent of labour force,,,,"",eurostat,une_rt_m,RO,2020-07,2026-09-22T11:00:00+0200,2026-09-28T01:56:19+00:00,bb4d4df9950f64e0727786d80f312438f0271725bc4e491b6c54b265fe7c5399
unemployment_rate,labour_supply,RO,M,2020-08-01,2020-08-31,6.4,percent of labour force,,,,"",eurostat,une_rt_m,RO,2020-08,2026-09-22T11:00:00+0200,2026-09-28T01:56:19+00:00,bb4d4df9950f64e0727786d80f312438f0271725bc4e491b6c54b265fe7c5399
unemployment_rate,labour_supply,RO,M,2020-09-01,2020-09-30,6.2,percent of labour force,,,,"",eurostat,une_rt_m,RO,2020-09,2026-09-22T11:00:00+0200,2026-09-28T01:56:19+00:00,bb4d4df9950f64e0727786d80f312438f0271725bc4e491b6c54b265fe7c5399
unemployment_rate,labour_supply,RO,M,2020-10-01,2020-10-31,6.1,percent of labour force,,,,"",eurostat,une_rt_m,RO,2020-10,2026-09-22T11:00:00+0200,2026-09-28T01:56:19+00:00,bb4d4df9950f64e0727786d80f312438f0271725bc4e491b6c54b265fe7c5399
unemployment_rate,labour_supply,RO,M,2020-11-01,2020-11-30,6.1,percent of labour force,,,,"",eurostat,une_rt_m,RO,2020-11,2026-09-22T11:00:00+0200,2026-09-28T01:56:19+00:00,bb4d4df9950f64e0727786d80f312438f0271725bc4e491b6c54b265fe7c5399
unemployment_rate,labour_supply,RO,M,2020-12-01,2020-12-31,6.2,percent of labour force,,,,"",eurostat,une_rt_m,RO,2020-12,2026-09-22T11:00:00+0200,2026-09-28T01:56:19+00:00,bb4d4df9950f64e0727786d80f312438f0271725bc4e491b6c54b265fe7c5399
unemployment_rate,labour_supply,RO,M,2021-01-01,2021-01-31,6.0,percent of labour force,,,,"",eurostat,une_rt_m,RO,2021-01,2026-09-22T11:00:00+0200,2026-09-28T01:56:19+00:00,bb4d4df9950f64e0727786d80f312438f0271725bc4e491b6c54b265fe7c5399
unemployment_rate,labour_supply,RO,M,2021-02-01,2021-02-28,6.1,percent of labour force,,,,"",eurostat,une_rt_m,RO,2021-02,2026-09-22T11:00:00+0200,2026-09-28T01:56:19+00:00,bb4d4df9950f64e0727786d80f312438f0271725bc4e491b6c54b265fe7c5399
unemployment_rate,labour_supply,RO,M,2021-03-01,2021-03-31,6.0,percent of labour force,,,,"",eurostat,une_rt_m,RO,2021-03,2026-09-22T11:00:00+0200,2026-09-28T01:56:19+00:00,bb4d4df9950f64e0727786d80f312438f0271725bc4e491b6c54b265fe7c5399
unemployment_rate,labour_supply,RO,M,2021-04-01,2021-04-30,5.5,percent of labour force,,,,"",eurostat,une_rt_m,RO,2021-04,2026-09-22T11:00:00+0200,2026-09-28T01:56:19+00:00,bb4d4df9950f64e0727786d80f312438f0271725bc4e491b6c54b265fe7c5399
unemployment_rate,labour_supply,RO,M,2021-05-01,2021-05-31,5.4,percent of labour force,,,,"",eurostat,une_rt_m,RO,2021-05,2026-09-22T11:00:00+0200,2026-09-28T01:56:19+00:00,bb4d4df9950f64e0727786d80f312438f0271725bc4e491b6c54b265fe7c5399
unemployment_rate,labour_supply,RO,M,2021-06-01,2021-06-30,5.2,percent of labour force,,,,"",eurostat,une_rt_m,RO,2021-06,2026-09-22T11:00:00+0200,2026-09-28T01:56:19+00:00,bb4d4df9950f64e0727786d80f312438f0271725bc4e491b6c54b265fe7c5399
unemployment_rate,labour_supply,RO,M,2021-07-01,2021-07-31,5.3,percent of labour force,,,,"",eurostat,une_rt_m,RO,2021-07,2026-09-22T11:00:00+0200,2026-09-28T01:56:19+00:00,bb4d4df9950f64e0727786d80f312438f0271725bc4e491b6c54b265fe7c5399
unemployment_rate,labour_supply,RO,M,2021-08-01,2021-08-31,5.4,percent of labour force,,,,"",eurostat,une_rt_m,RO,2021-08,2026-09-22T11:00:00+0200,2026-09-28T01:56:19+00:00,bb4d4df9950f64e0727786d80f312438f0271725bc4e491b6c54b265fe7c5399
unemployment_rate,labour_supply,RO,M,2021-09-01,2021-09-30,5.4,percent of labour force,,,,"",eurostat,une_rt_m,RO,2021-09,2026-09-22T11:00:00+0200,2026-09-28T01:56:19+00:00,bb4d4df9950f64e0727786d80f312438f0271725bc4e491b6c54b265fe7c5399
unemployment_rate,labour_supply,RO,M,2021-10-01,2021-10-31,5.7,percent of labour force,,,,"",eurostat,une_rt_m,RO,2021-10,2026-09-22T11:00:00+0200,2026-09-28T01:56:19+00:00,bb4d4df9950f64e0727786d80f312438f0271725bc4e491b6c54b265fe7c5399
unemployment_rate,labour_supply,RO,M,2021-11-01,2021-11-30,5.5,percent of labour force,,,,"",eurostat,une_rt_m,RO,2021-11,2026-09-22T11:00:00+0200,2026-09-28T01:56:19+00:00,bb4d4df9950f64e0727786d80f312438f0271725bc4e491b6c54b265fe7c5399
unemployment_rate,labour_supply,RO,M,2021-12-01,2021-12-31,5.7,percent of labour force,,,,"",eurostat,une_rt_m,RO,2021-12,2026-09-22T11:00:00+0200,2026-09-28T01:56:19+00:00,bb4d4df9950f64e0727786d80f312438f0271725bc4e491b6c54b265fe7c5399
unemployment_rate,labour_supply,RO,M,2022-01-01,2022-01-31,6.1,percent of labour force,,,,"",eurostat,une_rt_m,RO,2022-01,2026-09-22T11:00:00+0200,2026-09-28T01:56:19+00:00,bb4d4df9950f64e0727786d80f312438f0271725bc4e491b6c54b265fe7c5399
unemployment_rate,labour_supply,RO,M,2022-02-01,2022-02-28,5.9,percent of labour force,,,,"",eurostat,une_rt_m,RO,2022-02,2026-09-22T11:00:00+0200,2026-09-28T01:56:19+00:00,bb4d4df9950f64e0727786d80f312438f0271725bc4e491b6c54b265fe7c5399
unemployment_rate,labour_supply,RO,M,2022-03-01,2022-03-31,5.8,percent of labour force,,,,"",eurostat,une_rt_m,RO,2022-03,2026-09-22T11:00:00+0200,2026-09-28T01:56:19+00:00,bb4d4df9950f64e0727786d80f312438f0271725bc4e491b6c54b265fe7c5399
unemployment_rate,labour_supply,RO,M,2022-04-01,2022-04-30,5.6,percent of labour force,,,,"",eurostat,une_rt_m,RO,2022-04,2026-09-22T11:00:00+0200,2026-09-28T01:56:19+00:00,bb4d4df9950f64e0727786d80f312438f0271725bc4e491b6c54b265fe7c5399
unemployment_rate,labour_supply,RO,M,2022-05-01,2022-05-31,5.6,percent of labour force,,,,"",eurostat,une_rt_m,RO,2022-05,2026-09-22T11:00:00+0200,2026-09-28T01:56:19+00:00,bb4d4df9950f64e0727786d80f312438f0271725bc4e491b6c54b265fe7c5399
unemployment_rate,labour_supply,RO,M,2022-06-01,2022-06-30,5.5,percent of labour force,,,,"",eurostat,une_rt_m,RO,2022-06,2026-09-22T11:00:00+0200,2026-09-28T01:56:19+00:00,bb4d4df9950f64e0727786d80f312438f0271725bc4e491b6c54b265fe7c5399
unemployment_rate,labour_supply,RO,M,2022-07-01,2022-07-31,5.5,percent of labour force,,,,"",eurostat,une_rt_m,RO,2022-07,2026-09-22T11:00:00+0200,2026-09-28T01:56:19+00:00,bb4d4df9950f64e0727786d80f312438f0271725bc4e491b6c54b265fe7c5399
unemployment_rate,labour_supply,RO,M,2022-08-01,2022-08-31,5.4,percent of labour force,,,,"",eurostat,une_rt_m,RO,2022-08,2026-09-22T11:00:00+0200,2026-09-28T01:56:19+00:00,bb4d4df9950f64e0727786d80f312438f0271725bc4e491b6c54b265fe7c5399
unemployment_rate,labour_supply,RO,M,2022-09-01,2022-09-30,5.5,percent of labour force,,,,"",eurostat,une_rt_m,RO,2022-09,2026-09-22T11:00:00+0200,2026-09-28T01:56:19+00:00,bb4d4df9950f64e0727786d80f312438f0271725bc4e491b6c54b265fe7c5399
unemployment_rate,labour_supply,RO,M,2022-10-01,2022-10-31,5.5,percent of labour force,,,,"",eurostat,une_rt_m,RO,2022-10,2026-09-22T11:00:00+0200,2026-09-28T01:56:19+00:00,bb4d4df9950f64e0727786d80f312438f0271725bc4e491b6c54b265fe7c5399
unemployment_rate,labour_supply,RO,M,2022-11-01,2022-11-30,5.6,percent of labour force,,,,"",eurostat,une_rt_m,RO,2022-11,2026-09-22T11:00:00+0200,2026-09-28T01:56:19+00:00,bb4d4df9950f64e0727786d80f312438f0271725bc4e491b6c54b265fe7c5399
unemployment_rate,labour_supply,RO,M,2022-12-01,2022-12-31,5.4,percent of labour force,,,,"",eurostat,une_rt_m,RO,2022-12,2026-09-22T11:00:00+0200,2026-09-28T01:56:19+00:00,bb4d4df9950f64e0727786d80f312438f0271725bc4e491b6c54b265fe7c5399
unemployment_rate,labour_supply,RO,M,2023-01-01,2023-01-31,5.8,percent of labour force,,,,"",eurostat,une_rt_m,RO,2023-01,2026-09-22T11:00:00+0200,2026-09-28T01:56:19+00:00,bb4d4df9950f64e0727786d80f312438f0271725bc4e491b6c54b265fe7c5399
unemployment_rate,labour_supply,RO,M,2023-02-01,2023-02-28,5.6,percent of labour force,,,,"",eurostat,une_rt_m,RO,2023-02,2026-09-22T11:00:00+0200,2026-09-28T01:56:19+00:00,bb4d4df9950f64e0727786d80f312438f0271725bc4e491b6c54b265fe7c5399
unemployment_rate,labour_supply,RO,M,2023-03-01,2023-03-31,5.6,percent of labour force,,,,"",eurostat,une_rt_m,RO,2023-03,2026-09-22T11:00:00+0200,2026-09-28T01:56:19+00:00,bb4d4df9950f64e0727786d80f312438f0271725bc4e491b6c54b265fe7c5399
unemployment_rate,labour_supply,RO,M,2023-04-01,2023-04-30,5.5,percent of labour force,,,,"",eurostat,une_rt_m,RO,2023-04,2026-09-22T11:00:00+0200,2026-09-28T01:56:19+00:00,bb4d4df9950f64e0727786d80f312438f0271725bc4e491b6c54b265fe7c5399
unemployment_rate,labour_supply,RO,M,2023-05-01,2023-05-31,5.6,percent of labour force,,,,"",eurostat,une_rt_m,RO,2023-05,2026-09-22T11:00:00+0200,2026-09-28T01:56:19+00:00,bb4d4df9950f64e0727786d80f312438f0271725bc4e491b6c54b265fe7c5399
unemployment_rate,labour_supply,RO,M,2023-06-01,2023-06-30,5.7,percent of labour force,,,,"",eurostat,une_rt_m,RO,2023-06,2026-09-22T11:00:00+0200,2026-09-28T01:56:19+00:00,bb4d4df9950f64e0727786d80f312438f0271725bc4e491b6c54b265fe7c5399
unemployment_rate,labour_supply,RO,M,2023-07-01,2023-07-31,5.5,percent of labour force,,,,"",eurostat,une_rt_m,RO,2023-07,2026-09-22T11:00:00+0200,2026-09-28T01:56:19+00:00,bb4d4df9950f64e0727786d80f312438f0271725bc4e491b6c54b265fe7c5399
unemployment_rate,labour_supply,RO,M,2023-08-01,2023-08-31,5.4,percent of labour force,,,,"",eurostat,une_rt_m,RO,2023-08,2026-09-22T11:00:00+0200,2026-09-28T01:56:19+00:00,bb4d4df9950f64e0727786d80f312438f0271725bc4e491b6c54b265fe7c5399
unemployment_rate,labour_supply,RO,M,2023-09-01,2023-09-30,5.4,percent of labour force,,,,"",eurostat,une_rt_m,RO,2023-09,2026-09-22T11:00:00+0200,2026-09-28T01:56:19+00:00,bb4d4df9950f64e0727786d80f312438f0271725bc4e491b6c54b265fe7c5399
unemployment_rate,labour_supply,RO,M,2023-10-01,2023-10-31,5.5,percent of labour force,,,,"",eurostat,une_rt_m,RO,2023-10,2026-09-22T11:00:00+0200,2026-09-28T01:56:19+00:00,bb4d4df9950f64e0727786d80f312438f0271725bc4e491b6c54b265fe7c5399
unemployment_rate,labour_supply,RO,M,2023-11-01,2023-11-30,5.5,percent of labour force,,,,"",eurostat,une_rt_m,RO,2023-11,2026-09-22T11:00:00+0200,2026-09-28T01:56:19+00:00,bb4d4df9950f64e0727786d80f312438f0271725bc4e491b6c54b265fe7c5399
unemployment_rate,labour_supply,RO,M,2023-12-01,2023-12-31,5.5,percent of labour force,,,,"",eurostat,une_rt_m,RO,2023-12,2026-09-22T11:00:00+0200,2026-09-28T01:56:19+00:00,bb4d4df9950f64e0727786d80f312438f0271725bc4e491b6c54b265fe7c5399
unemployment_rate,labour_supply,RO,M,2024-01-01,2024-01-31,5.4,percent of labour force,,,,"",eurostat,une_rt_m,RO,2024-01,2026-09-22T11:00:00+0200,2026-09-28T01:56:19+00:00,bb4d4df9950f64e0727786d80f312438f0271725bc4e491b6c54b265fe7c5399
unemployment_rate,labour_supply,RO,M,2024-02-01,2024-02-29,5.2,percent of labour force,,,,"",eurostat,une_rt_m,RO,2024-02,2026-09-22T11:00:00+0200,2026-09-28T01:56:19+00:00,bb4d4df9950f64e0727786d80f312438f0271725bc4e491b6c54b265fe7c5399
unemployment_rate,labour_supply,RO,M,2024-03-01,2024-03-31,5.2,percent of labour force,,,,"",eurostat,une_rt_m,RO,2024-03,2026-09-22T11:00:00+0200,2026-09-28T01:56:19+00:00,bb4d4df9950f64e0727786d80f312438f0271725bc4e491b6c54b265fe7c5399
unemployment_rate,labour_supply,RO,M,2024-04-01,2024-04-30,5.2,percent of labour force,,,,"",eurostat,une_rt_m,RO,2024-04,2026-09-22T11:00:00+0200,2026-09-28T01:56:19+00:00,bb4d4df9950f64e0727786d80f312438f0271725bc4e491b6c54b265fe7c5399
unemployment_rate,labour_supply,RO,M,2024-05-01,2024-05-31,5.3,percent of labour force,,,,"",eurostat,une_rt_m,RO,2024-05,2026-09-22T11:00:00+0200,2026-09-28T01:56:19+00:00,bb4d4df9950f64e0727786d80f312438f0271725bc4e491b6c54b265fe7c5399
unemployment_rate,labour_supply,RO,M,2024-06-01,2024-06-30,5.2,percent of labour force,,,,"",eurostat,une_rt_m,RO,2024-06,2026-09-22T11:00:00+0200,2026-09-28T01:56:19+00:00,bb4d4df9950f64e0727786d80f312438f0271725bc4e491b6c54b265fe7c5399
unemployment_rate,labour_supply,RO,M,2024-07-01,2024-07-31,5.7,percent of labour force,,,,"",eurostat,une_rt_m,RO,2024-07,2026-09-22T11:00:00+0200,2026-09-28T01:56:19+00:00,bb4d4df9950f64e0727786d80f312438f0271725bc4e491b6c54b265fe7c5399
unemployment_rate,labour_supply,RO,M,2024-08-01,2024-08-31,5.6,percent of labour force,,,,"",eurostat,une_rt_m,RO,2024-08,2026-09-22T11:00:00+0200,2026-09-28T01:56:19+00:00,bb4d4df9950f64e0727786d80f312438f0271725bc4e491b6c54b265fe7c5399
unemployment_rate,labour_supply,RO,M,2024-09-01,2024-09-30,5.7,percent of labour force,,,,"",eurostat,une_rt_m,RO,2024-09,2026-09-22T11:00:00+0200,2026-09-28T01:56:19+00:00,bb4d4df9950f64e0727786d80f312438f0271725bc4e491b6c54b265fe7c5399
unemployment_rate,labour_supply,RO,M,2024-10-01,2024-10-31,5.7,percent of labour force,,,,"",eurostat,une_rt_m,RO,2024-10,2026-09-22T11:00:00+0200,2026-09-28T01:56:19+00:00,bb4d4df9950f64e0727786d80f312438f0271725bc4e491b6c54b265fe7c5399
unemployment_rate,labour_supply,RO,M,2024-11-01,2024-11-30,5.6,percent of labour force,,,,"",eurostat,une_rt_m,RO,2024-11,2026-09-22T11:00:00+0200,2026-09-28T01:56:19+00:00,bb4d4df9950f64e0727786d80f312438f0271725bc4e491b6c54b265fe7c5399
unemployment_rate,labour_supply,RO,M,2024-12-01,2024-12-31,5.7,percent of labour force,,,,"",eurostat,une_rt_m,RO,2024-12,2026-09-22T11:00:00+0200,2026-09-28T01:56:19+00:00,bb4d4df9950f64e0727786d80f312438f0271725bc4e491b6c54b265fe7c5399
unemployment_rate,labour_supply,RO,M,2025-01-01,2025-01-31,6.0,percent of labour force,,,,"",eurostat,une_rt_m,RO,2025-01,2026-09-22T11:00:00+0200,2026-09-28T01:56:19+00:00,bb4d4df9950f64e0727786d80f312438f0271725bc4e491b6c54b265fe7c5399
unemployment_rate,labour_supply,RO,M,2025-02-01,2025-02-28,6.1,percent of labour force,,,,"",eurostat,une_rt_m,RO,2025-02,2026-09-22T11:00:00+0200,2026-09-28T01:56:19+00:00,bb4d4df9950f64e0727786d80f312438f0271725bc4e491b6c54b265fe7c5399
unemployment_rate,labour_supply,RO,M,2025-03-01,2025-03-31,6.2,percent of labour force,,,,"",eurostat,une_rt_m,RO,2025-03,2026-09-22T11:00:00+0200,2026-09-28T01:56:19+00:00,bb4d4df9950f64e0727786d80f312438f0271725bc4e491b6c54b265fe7c5399
unemployment_rate,labour_supply,RO,M,2025-04-01,2025-04-30,6.1,percent of labour force,,,,"",eurostat,une_rt_m,RO,2025-04,2026-09-22T11:00:00+0200,2026-09-28T01:56:19+00:00,bb4d4df9950f64e0727786d80f312438f0271725bc4e491b6c54b265fe7c5399
unemployment_rate,labour_supply,RO,M,2025-05-01,2025-05-31,6.2,percent of labour force,,,,"",eurostat,une_rt_m,RO,2025-05,2026-09-22T11:00:00+0200,2026-09-28T01:56:19+00:00,bb4d4df9950f64e0727786d80f312438f0271725bc4e491b6c54b265fe7c5399
unemployment_rate,labour_supply,RO,M,2025-06-01,2025-06-30,6.2,percent of labour force,,,,"",eurostat,une_rt_m,RO,2025-06,2026-09-22T11:00:00+0200,2026-09-28T01:56:19+00:00,bb4d4df9950f64e0727786d80f312438f0271725bc4e491b6c54b265fe7c5399
unemployment_rate,labour_supply,RO,M,2025-07-01,2025-07-31,5.9,percent of labour force,,,,"",eurostat,une_rt_m,RO,2025-07,2026-09-22T11:00:00+0200,2026-09-28T01:56:19+00:00,bb4d4df9950f64e0727786d80f312438f0271725bc4e491b6c54b265fe7c5399
unemployment_rate,labour_supply,RO,M,2025-08-01,2025-08-31,6.1,percent of labour force,,,,"",eurostat,une_rt_m,RO,2025-08,2026-09-22T11:00:00+0200,2026-09-28T01:56:19+00:00,bb4d4df9950f64e0727786d80f312438f0271725bc4e491b6c54b265fe7c5399
unemployment_rate,labour_supply,RO,M,2025-09-01,2025-09-30,6.0,percent of labour force,,,,"",eurostat,une_rt_m,RO,2025-09,2026-09-22T11:00:00+0200,2026-09-28T01:56:19+00:00,bb4d4df9950f64e0727786d80f312438f0271725bc4e491b6c54b265fe7c5399
unemployment_rate,labour_supply,RO,M,2025-10-01,2025-10-31,6.1,percent of labour force,,,,"",eurostat,une_rt_m,RO,2025-10,2026-09-22T11:00:00+0200,2026-09-28T01:56:19+00:00,bb4d4df9950f64e0727786d80f312438f0271725bc4e491b6c54b265fe7c5399
unemployment_rate,labour_supply,RO,M,2025-11-01,2025-11-30,6.3,percent of labour force,,,,"",eurostat,une_rt_m,RO,2025-11,2026-09-22T11:00:00+0200,2026-09-28T01:56:19+00:00,bb4d4df9950f64e0727786d80f312438f0271725bc4e491b6c54b265fe7c5399
unemployment_rate,labour_supply,RO,M,2025-12-01,2025-12-31,6.1,percent of labour force,,,,"",eurostat,une_rt_m,RO,2025-12,2026-09-22T11:00:00+0200,2026-09-28T01:56:19+00:00,bb4d4df9950f64e0727786d80f312438f0271725bc4e491b6c54b265fe7c5399
unemployment_rate,labour_supply,RO,M,2026-01-01,2026-01-31,6.3,percent of labour force,,,,"",eurostat,une_rt_m,RO,2026-01,2026-09-22T11:00:00+0200,2026-09-28T01:56:19+00:00,bb4d4df9950f64e0727786d80f312438f0271725bc4e491b6c54b265fe7c5399
unemployment_rate,labour_supply,RO,M,2026-02-01,2026-02-28,6.3,percent of labour force,,,,"",eurostat,une_rt_m,RO,2026-02,2026-09-22T11:00:00+0200,2026-09-28T01:56:19+00:00,bb4d4df9950f64e0727786d80f312438f0271725bc4e491b6c54b265fe7c5399
unemployment_rate,labour_supply,RO,M,2026-03-01,2026-03-31,6.5,percent of labour force,,,,"",eurostat,une_rt_m,RO,2026-03,2026-09-22T11:00:00+0200,2026-09-28T01:56:19+00:00,bb4d4df9950f64e0727786d80f312438f0271725bc4e491b6c54b265fe7c5399
unemployment_rate,labour_supply,RO,M,2026-04-01,2026-04-30,6.8,percent of labour force,,,,"",eurostat,une_rt_m,RO,2026-04,2026-09-22T11:00:00+0200,2026-09-28T01:56:19+00:00,bb4d4df9950f64e0727786d80f312438f0271725bc4e491b6c54b265fe7c5399
unemployment_rate,labour_supply,RO,M,2026-05-01,2026-05-31,6.7,percent of labour force,,,,"",eurostat,une_rt_m,RO,2026-05,2026-09-22T11:00:00+0200,2026-09-28T01:56:19+00:00,bb4d4df9950f64e0727786d80f312438f0271725bc4e491b6c54b265fe7c5399
unemployment_rate,labour_supply,RO,M,2026-06-01,2026-06-30,6.8,percent of labour force,,,,"",eurostat,une_rt_m,RO,2026-06,2026-09-22T11:00:00+0200,2026-09-28T01:56:19+00:00,bb4d4df9950f64e0727786d80f312438f0271725bc4e491b6c54b265fe7c5399
unemployment_rate,labour_supply,RO,M,2026-07-01,2026-07-31,6.4,percent of labour force,,,,"",eurostat,une_rt_m,RO,2026-07,2026-09-22T11:00:00+0200,2026-09-28T01:56:19+00:00,bb4d4df9950f64e0727786d80f312438f0271725bc4e491b6c54b265fe7c5399
