as_of_date,country_code,indicator_id,value,signal_frequency,signal_period_start,signal_period_end,available_from,signal_age_days,signal_status,signal_status_label
2020-01-01,BG,economic_sentiment,102.4,M,2019-11-01,2019-11-30,2019-12-10,32,,
2020-02-01,BG,economic_sentiment,104.2,M,2019-12-01,2019-12-31,2020-01-10,32,,
2020-03-01,BG,economic_sentiment,102.5,M,2020-01-01,2020-01-31,2020-02-10,30,,
2020-04-01,BG,economic_sentiment,98.7,M,2020-02-01,2020-02-29,2020-03-10,32,,
2020-05-01,BG,economic_sentiment,95.5,M,2020-03-01,2020-03-31,2020-04-10,31,,
2020-06-01,BG,economic_sentiment,53.9,M,2020-04-01,2020-04-30,2020-05-10,32,,
2020-07-01,BG,economic_sentiment,61.7,M,2020-05-01,2020-05-31,2020-06-10,31,,
2020-08-01,BG,economic_sentiment,72.4,M,2020-06-01,2020-06-30,2020-07-10,32,,
2020-09-01,BG,economic_sentiment,75.5,M,2020-07-01,2020-07-31,2020-08-10,32,,
2020-10-01,BG,economic_sentiment,78.2,M,2020-08-01,2020-08-31,2020-09-10,31,,
2020-11-01,BG,economic_sentiment,84.5,M,2020-09-01,2020-09-30,2020-10-10,32,,
2020-12-01,BG,economic_sentiment,85.0,M,2020-10-01,2020-10-31,2020-11-10,31,,
2021-01-01,BG,economic_sentiment,83.1,M,2020-11-01,2020-11-30,2020-12-10,32,,
2021-02-01,BG,economic_sentiment,80.2,M,2020-12-01,2020-12-31,2021-01-10,32,,
2021-03-01,BG,economic_sentiment,83.8,M,2021-01-01,2021-01-31,2021-02-10,29,,
2021-04-01,BG,economic_sentiment,85.7,M,2021-02-01,2021-02-28,2021-03-10,32,,
2021-05-01,BG,economic_sentiment,92.3,M,2021-03-01,2021-03-31,2021-04-10,31,,
2021-06-01,BG,economic_sentiment,93.0,M,2021-04-01,2021-04-30,2021-05-10,32,,
2021-07-01,BG,economic_sentiment,95.1,M,2021-05-01,2021-05-31,2021-06-10,31,,
2021-08-01,BG,economic_sentiment,99.3,M,2021-06-01,2021-06-30,2021-07-10,32,,
2021-09-01,BG,economic_sentiment,102.1,M,2021-07-01,2021-07-31,2021-08-10,32,,
2021-10-01,BG,economic_sentiment,100.6,M,2021-08-01,2021-08-31,2021-09-10,31,,
2021-11-01,BG,economic_sentiment,100.0,M,2021-09-01,2021-09-30,2021-10-10,32,,
2021-12-01,BG,economic_sentiment,97.8,M,2021-10-01,2021-10-31,2021-11-10,31,,
2022-01-01,BG,economic_sentiment,94.8,M,2021-11-01,2021-11-30,2021-12-10,32,,
2022-02-01,BG,economic_sentiment,99.8,M,2021-12-01,2021-12-31,2022-01-10,32,,
2022-03-01,BG,economic_sentiment,101.0,M,2022-01-01,2022-01-31,2022-02-10,29,,
2022-04-01,BG,economic_sentiment,101.2,M,2022-02-01,2022-02-28,2022-03-10,32,,
2022-05-01,BG,economic_sentiment,94.4,M,2022-03-01,2022-03-31,2022-04-10,31,,
2022-06-01,BG,economic_sentiment,95.2,M,2022-04-01,2022-04-30,2022-05-10,32,,
2022-07-01,BG,economic_sentiment,94.3,M,2022-05-01,2022-05-31,2022-06-10,31,,
2022-08-01,BG,economic_sentiment,98.2,M,2022-06-01,2022-06-30,2022-07-10,32,,
2022-09-01,BG,economic_sentiment,99.1,M,2022-07-01,2022-07-31,2022-08-10,32,,
2022-10-01,BG,economic_sentiment,98.4,M,2022-08-01,2022-08-31,2022-09-10,31,,
2022-11-01,BG,economic_sentiment,98.1,M,2022-09-01,2022-09-30,2022-10-10,32,,
2022-12-01,BG,economic_sentiment,98.7,M,2022-10-01,2022-10-31,2022-11-10,31,,
2023-01-01,BG,economic_sentiment,102.5,M,2022-11-01,2022-11-30,2022-12-10,32,,
2023-02-01,BG,economic_sentiment,102.5,M,2022-12-01,2022-12-31,2023-01-10,32,,
2023-03-01,BG,economic_sentiment,100.8,M,2023-01-01,2023-01-31,2023-02-10,29,,
2023-04-01,BG,economic_sentiment,101.6,M,2023-02-01,2023-02-28,2023-03-10,32,,
2023-05-01,BG,economic_sentiment,103.5,M,2023-03-01,2023-03-31,2023-04-10,31,,
2023-06-01,BG,economic_sentiment,102.2,M,2023-04-01,2023-04-30,2023-05-10,32,,
2023-07-01,BG,economic_sentiment,103.0,M,2023-05-01,2023-05-31,2023-06-10,31,,
2023-08-01,BG,economic_sentiment,103.1,M,2023-06-01,2023-06-30,2023-07-10,32,,
2023-09-01,BG,economic_sentiment,105.7,M,2023-07-01,2023-07-31,2023-08-10,32,,
2023-10-01,BG,economic_sentiment,104.5,M,2023-08-01,2023-08-31,2023-09-10,31,,
2023-11-01,BG,economic_sentiment,104.9,M,2023-09-01,2023-09-30,2023-10-10,32,,
2023-12-01,BG,economic_sentiment,106.1,M,2023-10-01,2023-10-31,2023-11-10,31,,
2024-01-01,BG,economic_sentiment,104.7,M,2023-11-01,2023-11-30,2023-12-10,32,,
2024-02-01,BG,economic_sentiment,106.7,M,2023-12-01,2023-12-31,2024-01-10,32,,
2024-03-01,BG,economic_sentiment,105.3,M,2024-01-01,2024-01-31,2024-02-10,30,,
2024-04-01,BG,economic_sentiment,102.6,M,2024-02-01,2024-02-29,2024-03-10,32,,
2024-05-01,BG,economic_sentiment,104.7,M,2024-03-01,2024-03-31,2024-04-10,31,,
2024-06-01,BG,economic_sentiment,104.0,M,2024-04-01,2024-04-30,2024-05-10,32,,
2024-07-01,BG,economic_sentiment,104.4,M,2024-05-01,2024-05-31,2024-06-10,31,,
2024-08-01,BG,economic_sentiment,105.8,M,2024-06-01,2024-06-30,2024-07-10,32,,
2024-09-01,BG,economic_sentiment,104.9,M,2024-07-01,2024-07-31,2024-08-10,32,,
2024-10-01,BG,economic_sentiment,105.1,M,2024-08-01,2024-08-31,2024-09-10,31,,
2024-11-01,BG,economic_sentiment,107.1,M,2024-09-01,2024-09-30,2024-10-10,32,,
2024-12-01,BG,economic_sentiment,106.7,M,2024-10-01,2024-10-31,2024-11-10,31,,
2025-01-01,BG,economic_sentiment,105.3,M,2024-11-01,2024-11-30,2024-12-10,32,,
2025-02-01,BG,economic_sentiment,105.4,M,2024-12-01,2024-12-31,2025-01-10,32,,
2025-03-01,BG,economic_sentiment,104.3,M,2025-01-01,2025-01-31,2025-02-10,29,,
2025-04-01,BG,economic_sentiment,104.6,M,2025-02-01,2025-02-28,2025-03-10,32,,
2025-05-01,BG,economic_sentiment,105.1,M,2025-03-01,2025-03-31,2025-04-10,31,,
2025-06-01,BG,economic_sentiment,102.5,M,2025-04-01,2025-04-30,2025-05-10,32,,
2025-07-01,BG,economic_sentiment,103.3,M,2025-05-01,2025-05-31,2025-06-10,31,,
2025-08-01,BG,economic_sentiment,103.8,M,2025-06-01,2025-06-30,2025-07-10,32,,
2025-09-01,BG,economic_sentiment,103.1,M,2025-07-01,2025-07-31,2025-08-10,32,,
2025-10-01,BG,economic_sentiment,103.1,M,2025-08-01,2025-08-31,2025-09-10,31,,
2025-11-01,BG,economic_sentiment,102.9,M,2025-09-01,2025-09-30,2025-10-10,32,,
2025-12-01,BG,economic_sentiment,101.2,M,2025-10-01,2025-10-31,2025-11-10,31,,
2020-01-01,GR,economic_sentiment,107.7,M,2019-11-01,2019-11-30,2019-12-10,32,,
2020-02-01,GR,economic_sentiment,110.7,M,2019-12-01,2019-12-31,2020-01-10,32,,
2020-03-01,GR,economic_sentiment,108.7,M,2020-01-01,2020-01-31,2020-02-10,30,,
2020-04-01,GR,economic_sentiment,112.3,M,2020-02-01,2020-02-29,2020-03-10,32,,
2020-05-01,GR,economic_sentiment,107.0,M,2020-03-01,2020-03-31,2020-04-10,31,,
2020-06-01,GR,economic_sentiment,95.9,M,2020-04-01,2020-04-30,2020-05-10,32,,
2020-07-01,GR,economic_sentiment,83.5,M,2020-05-01,2020-05-31,2020-06-10,31,,
2020-08-01,GR,economic_sentiment,84.4,M,2020-06-01,2020-06-30,2020-07-10,32,,
2020-09-01,GR,economic_sentiment,88.4,M,2020-07-01,2020-07-31,2020-08-10,32,,
2020-10-01,GR,economic_sentiment,88.5,M,2020-08-01,2020-08-31,2020-09-10,31,,
2020-11-01,GR,economic_sentiment,88.7,M,2020-09-01,2020-09-30,2020-10-10,32,,
2020-12-01,GR,economic_sentiment,93.0,M,2020-10-01,2020-10-31,2020-11-10,31,,
2021-01-01,GR,economic_sentiment,91.1,M,2020-11-01,2020-11-30,2020-12-10,32,,
2021-02-01,GR,economic_sentiment,93.6,M,2020-12-01,2020-12-31,2021-01-10,32,,
2021-03-01,GR,economic_sentiment,92.0,M,2021-01-01,2021-01-31,2021-02-10,29,,
2021-04-01,GR,economic_sentiment,93.7,M,2021-02-01,2021-02-28,2021-03-10,32,,
2021-05-01,GR,economic_sentiment,97.5,M,2021-03-01,2021-03-31,2021-04-10,31,,
2021-06-01,GR,economic_sentiment,96.6,M,2021-04-01,2021-04-30,2021-05-10,32,,
2021-07-01,GR,economic_sentiment,106.6,M,2021-05-01,2021-05-31,2021-06-10,31,,
2021-08-01,GR,economic_sentiment,106.7,M,2021-06-01,2021-06-30,2021-07-10,32,,
2021-09-01,GR,economic_sentiment,111.3,M,2021-07-01,2021-07-31,2021-08-10,32,,
2021-10-01,GR,economic_sentiment,113.6,M,2021-08-01,2021-08-31,2021-09-10,31,,
2021-11-01,GR,economic_sentiment,109.3,M,2021-09-01,2021-09-30,2021-10-10,32,,
2021-12-01,GR,economic_sentiment,112.7,M,2021-10-01,2021-10-31,2021-11-10,31,,
2022-01-01,GR,economic_sentiment,112.4,M,2021-11-01,2021-11-30,2021-12-10,32,,
2022-02-01,GR,economic_sentiment,109.8,M,2021-12-01,2021-12-31,2022-01-10,32,,
2022-03-01,GR,economic_sentiment,113.1,M,2022-01-01,2022-01-31,2022-02-10,29,,
2022-04-01,GR,economic_sentiment,113.5,M,2022-02-01,2022-02-28,2022-03-10,32,,
2022-05-01,GR,economic_sentiment,111.3,M,2022-03-01,2022-03-31,2022-04-10,31,,
2022-06-01,GR,economic_sentiment,103.0,M,2022-04-01,2022-04-30,2022-05-10,32,,
2022-07-01,GR,economic_sentiment,106.8,M,2022-05-01,2022-05-31,2022-06-10,31,,
2022-08-01,GR,economic_sentiment,103.0,M,2022-06-01,2022-06-30,2022-07-10,32,,
2022-09-01,GR,economic_sentiment,99.4,M,2022-07-01,2022-07-31,2022-08-10,32,,
2022-10-01,GR,economic_sentiment,99.8,M,2022-08-01,2022-08-31,2022-09-10,31,,
2022-11-01,GR,economic_sentiment,104.4,M,2022-09-01,2022-09-30,2022-10-10,32,,
2022-12-01,GR,economic_sentiment,97.8,M,2022-10-01,2022-10-31,2022-11-10,31,,
2023-01-01,GR,economic_sentiment,100.4,M,2022-11-01,2022-11-30,2022-12-10,32,,
2023-02-01,GR,economic_sentiment,103.3,M,2022-12-01,2022-12-31,2023-01-10,32,,
2023-03-01,GR,economic_sentiment,105.7,M,2023-01-01,2023-01-31,2023-02-10,29,,
2023-04-01,GR,economic_sentiment,107.0,M,2023-02-01,2023-02-28,2023-03-10,32,,
2023-05-01,GR,economic_sentiment,106.1,M,2023-03-01,2023-03-31,2023-04-10,31,,
2023-06-01,GR,economic_sentiment,108.0,M,2023-04-01,2023-04-30,2023-05-10,32,,
2023-07-01,GR,economic_sentiment,107.1,M,2023-05-01,2023-05-31,2023-06-10,31,,
2023-08-01,GR,economic_sentiment,109.0,M,2023-06-01,2023-06-30,2023-07-10,32,,
2023-09-01,GR,economic_sentiment,110.1,M,2023-07-01,2023-07-31,2023-08-10,32,,
2023-10-01,GR,economic_sentiment,110.7,M,2023-08-01,2023-08-31,2023-09-10,31,,
2023-11-01,GR,economic_sentiment,106.0,M,2023-09-01,2023-09-30,2023-10-10,32,,
2023-12-01,GR,economic_sentiment,104.7,M,2023-10-01,2023-10-31,2023-11-10,31,,
2024-01-01,GR,economic_sentiment,104.5,M,2023-11-01,2023-11-30,2023-12-10,32,,
2024-02-01,GR,economic_sentiment,105.0,M,2023-12-01,2023-12-31,2024-01-10,32,,
2024-03-01,GR,economic_sentiment,106.6,M,2024-01-01,2024-01-31,2024-02-10,30,,
2024-04-01,GR,economic_sentiment,104.3,M,2024-02-01,2024-02-29,2024-03-10,32,,
2024-05-01,GR,economic_sentiment,108.1,M,2024-03-01,2024-03-31,2024-04-10,31,,
2024-06-01,GR,economic_sentiment,108.1,M,2024-04-01,2024-04-30,2024-05-10,32,,
2024-07-01,GR,economic_sentiment,110.0,M,2024-05-01,2024-05-31,2024-06-10,31,,
2024-08-01,GR,economic_sentiment,109.5,M,2024-06-01,2024-06-30,2024-07-10,32,,
2024-09-01,GR,economic_sentiment,105.9,M,2024-07-01,2024-07-31,2024-08-10,32,,
2024-10-01,GR,economic_sentiment,105.6,M,2024-08-01,2024-08-31,2024-09-10,31,,
2024-11-01,GR,economic_sentiment,110.1,M,2024-09-01,2024-09-30,2024-10-10,32,,
2024-12-01,GR,economic_sentiment,107.3,M,2024-10-01,2024-10-31,2024-11-10,31,,
2025-01-01,GR,economic_sentiment,106.4,M,2024-11-01,2024-11-30,2024-12-10,32,,
2025-02-01,GR,economic_sentiment,106.0,M,2024-12-01,2024-12-31,2025-01-10,32,,
2025-03-01,GR,economic_sentiment,107.9,M,2025-01-01,2025-01-31,2025-02-10,29,,
2025-04-01,GR,economic_sentiment,106.1,M,2025-02-01,2025-02-28,2025-03-10,32,,
2025-05-01,GR,economic_sentiment,107.4,M,2025-03-01,2025-03-31,2025-04-10,31,,
2025-06-01,GR,economic_sentiment,107.1,M,2025-04-01,2025-04-30,2025-05-10,32,,
2025-07-01,GR,economic_sentiment,106.7,M,2025-05-01,2025-05-31,2025-06-10,31,,
2025-08-01,GR,economic_sentiment,105.5,M,2025-06-01,2025-06-30,2025-07-10,32,,
2025-09-01,GR,economic_sentiment,108.5,M,2025-07-01,2025-07-31,2025-08-10,32,,
2025-10-01,GR,economic_sentiment,109.7,M,2025-08-01,2025-08-31,2025-09-10,31,,
2025-11-01,GR,economic_sentiment,105.9,M,2025-09-01,2025-09-30,2025-10-10,32,,
2025-12-01,GR,economic_sentiment,107.1,M,2025-10-01,2025-10-31,2025-11-10,31,,
2020-01-01,IE,economic_sentiment,101.7,M,2019-11-01,2019-11-30,2019-12-10,32,,
2020-02-01,IE,economic_sentiment,99.7,M,2019-12-01,2019-12-31,2020-01-10,32,,
2020-03-01,IE,economic_sentiment,103.4,M,2020-01-01,2020-01-31,2020-02-10,30,,
2020-04-01,IE,economic_sentiment,102.7,M,2020-02-01,2020-02-29,2020-03-10,32,,
2020-05-01,IE,economic_sentiment,93.6,M,2020-03-01,2020-03-31,2020-04-10,31,,
2020-06-01,IE,economic_sentiment,58.8,M,2020-04-01,2020-04-30,2020-05-10,32,,
2020-07-01,IE,economic_sentiment,68.4,M,2020-05-01,2020-05-31,2020-06-10,31,,
2020-08-01,IE,economic_sentiment,77.8,M,2020-06-01,2020-06-30,2020-07-10,32,,
2020-09-01,IE,economic_sentiment,82.5,M,2020-07-01,2020-07-31,2020-08-10,32,,
2020-10-01,IE,economic_sentiment,87.3,M,2020-08-01,2020-08-31,2020-09-10,31,,
2020-11-01,IE,economic_sentiment,92.4,M,2020-09-01,2020-09-30,2020-10-10,32,,
2020-12-01,IE,economic_sentiment,87.7,M,2020-10-01,2020-10-31,2020-11-10,31,,
2021-01-01,IE,economic_sentiment,94.9,M,2020-11-01,2020-11-30,2020-12-10,32,,
2021-02-01,IE,economic_sentiment,97.4,M,2020-12-01,2020-12-31,2021-01-10,32,,
2021-03-01,IE,economic_sentiment,88.9,M,2021-01-01,2021-01-31,2021-02-10,29,,
2021-04-01,IE,economic_sentiment,91.7,M,2021-02-01,2021-02-28,2021-03-10,32,,
2021-05-01,IE,economic_sentiment,97.5,M,2021-03-01,2021-03-31,2021-04-10,31,,
2021-06-01,IE,economic_sentiment,106.5,M,2021-04-01,2021-04-30,2021-05-10,32,,
2021-07-01,IE,economic_sentiment,110.9,M,2021-05-01,2021-05-31,2021-06-10,31,,
2021-08-01,IE,economic_sentiment,112.9,M,2021-06-01,2021-06-30,2021-07-10,32,,
2021-09-01,IE,economic_sentiment,115.2,M,2021-07-01,2021-07-31,2021-08-10,32,,
2021-10-01,IE,economic_sentiment,113.7,M,2021-08-01,2021-08-31,2021-09-10,31,,
2021-11-01,IE,economic_sentiment,114.7,M,2021-09-01,2021-09-30,2021-10-10,32,,
2021-12-01,IE,economic_sentiment,115.8,M,2021-10-01,2021-10-31,2021-11-10,31,,
2022-01-01,IE,economic_sentiment,108.2,M,2021-11-01,2021-11-30,2021-12-10,32,,
2022-02-01,IE,economic_sentiment,104.0,M,2021-12-01,2021-12-31,2022-01-10,32,,
2022-03-01,IE,economic_sentiment,105.4,M,2022-01-01,2022-01-31,2022-02-10,29,,
2022-04-01,IE,economic_sentiment,106.8,M,2022-02-01,2022-02-28,2022-03-10,32,,
2022-05-01,IE,economic_sentiment,104.6,M,2022-03-01,2022-03-31,2022-04-10,31,,
2022-06-01,IE,economic_sentiment,101.4,M,2022-04-01,2022-04-30,2022-05-10,32,,
2022-07-01,IE,economic_sentiment,97.8,M,2022-05-01,2022-05-31,2022-06-10,31,,
2022-08-01,IE,economic_sentiment,102.7,M,2022-06-01,2022-06-30,2022-07-10,32,,
2022-09-01,IE,economic_sentiment,92.2,M,2022-07-01,2022-07-31,2022-08-10,32,,
2022-10-01,IE,economic_sentiment,95.9,M,2022-08-01,2022-08-31,2022-09-10,31,,
2022-11-01,IE,economic_sentiment,95.7,M,2022-09-01,2022-09-30,2022-10-10,32,,
2022-12-01,IE,economic_sentiment,90.8,M,2022-10-01,2022-10-31,2022-11-10,31,,
2023-01-01,IE,economic_sentiment,91.6,M,2022-11-01,2022-11-30,2022-12-10,32,,
2023-02-01,IE,economic_sentiment,96.6,M,2022-12-01,2022-12-31,2023-01-10,32,,
2023-03-01,IE,economic_sentiment,103.8,M,2023-01-01,2023-01-31,2023-02-10,29,,
2023-04-01,IE,economic_sentiment,98.2,M,2023-02-01,2023-02-28,2023-03-10,32,,
2023-05-01,IE,economic_sentiment,99.6,M,2023-03-01,2023-03-31,2023-04-10,31,,
2023-06-01,IE,economic_sentiment,98.4,M,2023-04-01,2023-04-30,2023-05-10,32,,
2023-07-01,IE,economic_sentiment,100.6,M,2023-05-01,2023-05-31,2023-06-10,31,,
2023-08-01,IE,economic_sentiment,100.9,M,2023-06-01,2023-06-30,2023-07-10,32,,
2023-09-01,IE,economic_sentiment,100.6,M,2023-07-01,2023-07-31,2023-08-10,32,,
2023-10-01,IE,economic_sentiment,100.9,M,2023-08-01,2023-08-31,2023-09-10,31,,
2023-11-01,IE,economic_sentiment,100.0,M,2023-09-01,2023-09-30,2023-10-10,32,,
2023-12-01,IE,economic_sentiment,98.2,M,2023-10-01,2023-10-31,2023-11-10,31,,
2024-01-01,IE,economic_sentiment,98.2,M,2023-11-01,2023-11-30,2023-12-10,32,,
2024-02-01,IE,economic_sentiment,100.2,M,2023-12-01,2023-12-31,2024-01-10,32,,
2024-03-01,IE,economic_sentiment,99.3,M,2024-01-01,2024-01-31,2024-02-10,30,,
2024-04-01,IE,economic_sentiment,98.2,M,2024-02-01,2024-02-29,2024-03-10,32,,
2024-05-01,IE,economic_sentiment,97.7,M,2024-03-01,2024-03-31,2024-04-10,31,,
2024-06-01,IE,economic_sentiment,100.1,M,2024-04-01,2024-04-30,2024-05-10,32,,
2024-07-01,IE,economic_sentiment,97.8,M,2024-05-01,2024-05-31,2024-06-10,31,,
2024-08-01,IE,economic_sentiment,100.3,M,2024-06-01,2024-06-30,2024-07-10,32,,
2024-09-01,IE,economic_sentiment,100.8,M,2024-07-01,2024-07-31,2024-08-10,32,,
2024-10-01,IE,economic_sentiment,99.9,M,2024-08-01,2024-08-31,2024-09-10,31,,
2024-11-01,IE,economic_sentiment,97.0,M,2024-09-01,2024-09-30,2024-10-10,32,,
2024-12-01,IE,economic_sentiment,105.9,M,2024-10-01,2024-10-31,2024-11-10,31,,
2025-01-01,IE,economic_sentiment,102.6,M,2024-11-01,2024-11-30,2024-12-10,32,,
2025-02-01,IE,economic_sentiment,98.8,M,2024-12-01,2024-12-31,2025-01-10,32,,
2025-03-01,IE,economic_sentiment,100.6,M,2025-01-01,2025-01-31,2025-02-10,29,,
2025-04-01,IE,economic_sentiment,102.5,M,2025-02-01,2025-02-28,2025-03-10,32,,
2025-05-01,IE,economic_sentiment,102.6,M,2025-03-01,2025-03-31,2025-04-10,31,,
2025-06-01,IE,economic_sentiment,95.3,M,2025-04-01,2025-04-30,2025-05-10,32,,
2025-07-01,IE,economic_sentiment,97.7,M,2025-05-01,2025-05-31,2025-06-10,31,,
2025-08-01,IE,economic_sentiment,98.6,M,2025-06-01,2025-06-30,2025-07-10,32,,
2025-09-01,IE,economic_sentiment,100.4,M,2025-07-01,2025-07-31,2025-08-10,32,,
2025-10-01,IE,economic_sentiment,97.3,M,2025-08-01,2025-08-31,2025-09-10,31,,
2025-11-01,IE,economic_sentiment,98.1,M,2025-09-01,2025-09-30,2025-10-10,32,,
2025-12-01,IE,economic_sentiment,98.4,M,2025-10-01,2025-10-31,2025-11-10,31,,
2020-01-01,IT,economic_sentiment,99.9,M,2019-11-01,2019-11-30,2019-12-10,32,,
2020-02-01,IT,economic_sentiment,100.7,M,2019-12-01,2019-12-31,2020-01-10,32,,
2020-03-01,IT,economic_sentiment,100.2,M,2020-01-01,2020-01-31,2020-02-10,30,,
2020-04-01,IT,economic_sentiment,100.4,M,2020-02-01,2020-02-29,2020-03-10,32,,
2020-05-01,IT,economic_sentiment,80.1,M,2020-03-01,2020-03-31,2020-04-10,31,,
2020-06-01,IT,economic_sentiment,80.1,M,2020-03-01,2020-03-31,2020-04-10,62,,
2020-07-01,IT,economic_sentiment,56.1,M,2020-05-01,2020-05-31,2020-06-10,31,,
2020-08-01,IT,economic_sentiment,69.2,M,2020-06-01,2020-06-30,2020-07-10,32,,
2020-09-01,IT,economic_sentiment,78.1,M,2020-07-01,2020-07-31,2020-08-10,32,,
2020-10-01,IT,economic_sentiment,82.0,M,2020-08-01,2020-08-31,2020-09-10,31,,
2020-11-01,IT,economic_sentiment,92.8,M,2020-09-01,2020-09-30,2020-10-10,32,,
2020-12-01,IT,economic_sentiment,94.0,M,2020-10-01,2020-10-31,2020-11-10,31,,
2021-01-01,IT,economic_sentiment,83.6,M,2020-11-01,2020-11-30,2020-12-10,32,,
2021-02-01,IT,economic_sentiment,92.3,M,2020-12-01,2020-12-31,2021-01-10,32,,
2021-03-01,IT,economic_sentiment,96.3,M,2021-01-01,2021-01-31,2021-02-10,29,,
2021-04-01,IT,economic_sentiment,99.1,M,2021-02-01,2021-02-28,2021-03-10,32,,
2021-05-01,IT,economic_sentiment,101.6,M,2021-03-01,2021-03-31,2021-04-10,31,,
2021-06-01,IT,economic_sentiment,105.8,M,2021-04-01,2021-04-30,2021-05-10,32,,
2021-07-01,IT,economic_sentiment,114.1,M,2021-05-01,2021-05-31,2021-06-10,31,,
2021-08-01,IT,economic_sentiment,117.5,M,2021-06-01,2021-06-30,2021-07-10,32,,
2021-09-01,IT,economic_sentiment,119.7,M,2021-07-01,2021-07-31,2021-08-10,32,,
2021-10-01,IT,economic_sentiment,117.9,M,2021-08-01,2021-08-31,2021-09-10,31,,
2021-11-01,IT,economic_sentiment,119.0,M,2021-09-01,2021-09-30,2021-10-10,32,,
2021-12-01,IT,economic_sentiment,120.9,M,2021-10-01,2021-10-31,2021-11-10,31,,
2022-01-01,IT,economic_sentiment,118.7,M,2021-11-01,2021-11-30,2021-12-10,32,,
2022-02-01,IT,economic_sentiment,118.5,M,2021-12-01,2021-12-31,2022-01-10,32,,
2022-03-01,IT,economic_sentiment,110.8,M,2022-01-01,2022-01-31,2022-02-10,29,,
2022-04-01,IT,economic_sentiment,112.3,M,2022-02-01,2022-02-28,2022-03-10,32,,
2022-05-01,IT,economic_sentiment,103.8,M,2022-03-01,2022-03-31,2022-04-10,31,,
2022-06-01,IT,economic_sentiment,104.7,M,2022-04-01,2022-04-30,2022-05-10,32,,
2022-07-01,IT,economic_sentiment,105.7,M,2022-05-01,2022-05-31,2022-06-10,31,,
2022-08-01,IT,economic_sentiment,104.5,M,2022-06-01,2022-06-30,2022-07-10,32,,
2022-09-01,IT,economic_sentiment,100.4,M,2022-07-01,2022-07-31,2022-08-10,32,,
2022-10-01,IT,economic_sentiment,99.9,M,2022-08-01,2022-08-31,2022-09-10,31,,
2022-11-01,IT,economic_sentiment,95.5,M,2022-09-01,2022-09-30,2022-10-10,32,,
2022-12-01,IT,economic_sentiment,95.0,M,2022-10-01,2022-10-31,2022-11-10,31,,
2023-01-01,IT,economic_sentiment,100.0,M,2022-11-01,2022-11-30,2022-12-10,32,,
2023-02-01,IT,economic_sentiment,101.0,M,2022-12-01,2022-12-31,2023-01-10,32,,
2023-03-01,IT,economic_sentiment,101.5,M,2023-01-01,2023-01-31,2023-02-10,29,,
2023-04-01,IT,economic_sentiment,102.2,M,2023-02-01,2023-02-28,2023-03-10,32,,
2023-05-01,IT,economic_sentiment,103.9,M,2023-03-01,2023-03-31,2023-04-10,31,,
2023-06-01,IT,economic_sentiment,104.9,M,2023-04-01,2023-04-30,2023-05-10,32,,
2023-07-01,IT,economic_sentiment,101.5,M,2023-05-01,2023-05-31,2023-06-10,31,,
2023-08-01,IT,economic_sentiment,100.7,M,2023-06-01,2023-06-30,2023-07-10,32,,
2023-09-01,IT,economic_sentiment,100.3,M,2023-07-01,2023-07-31,2023-08-10,32,,
2023-10-01,IT,economic_sentiment,99.9,M,2023-08-01,2023-08-31,2023-09-10,31,,
2023-11-01,IT,economic_sentiment,97.8,M,2023-09-01,2023-09-30,2023-10-10,32,,
2023-12-01,IT,economic_sentiment,97.1,M,2023-10-01,2023-10-31,2023-11-10,31,,
2024-01-01,IT,economic_sentiment,97.2,M,2023-11-01,2023-11-30,2023-12-10,32,,
2024-02-01,IT,economic_sentiment,99.2,M,2023-12-01,2023-12-31,2024-01-10,32,,
2024-03-01,IT,economic_sentiment,100.5,M,2024-01-01,2024-01-31,2024-02-10,30,,
2024-04-01,IT,economic_sentiment,99.1,M,2024-02-01,2024-02-29,2024-03-10,32,,
2024-05-01,IT,economic_sentiment,100.9,M,2024-03-01,2024-03-31,2024-04-10,31,,
2024-06-01,IT,economic_sentiment,100.4,M,2024-04-01,2024-04-30,2024-05-10,32,,
2024-07-01,IT,economic_sentiment,100.8,M,2024-05-01,2024-05-31,2024-06-10,31,,
2024-08-01,IT,economic_sentiment,99.8,M,2024-06-01,2024-06-30,2024-07-10,32,,
2024-09-01,IT,economic_sentiment,100.1,M,2024-07-01,2024-07-31,2024-08-10,32,,
2024-10-01,IT,economic_sentiment,98.7,M,2024-08-01,2024-08-31,2024-09-10,31,,
2024-11-01,IT,economic_sentiment,99.8,M,2024-09-01,2024-09-30,2024-10-10,32,,
2024-12-01,IT,economic_sentiment,99.2,M,2024-10-01,2024-10-31,2024-11-10,31,,
2025-01-01,IT,economic_sentiment,98.9,M,2024-11-01,2024-11-30,2024-12-10,32,,
2025-02-01,IT,economic_sentiment,98.1,M,2024-12-01,2024-12-31,2025-01-10,32,,
2025-03-01,IT,economic_sentiment,99.7,M,2025-01-01,2025-01-31,2025-02-10,29,,
2025-04-01,IT,economic_sentiment,99.6,M,2025-02-01,2025-02-28,2025-03-10,32,,
2025-05-01,IT,economic_sentiment,97.7,M,2025-03-01,2025-03-31,2025-04-10,31,,
2025-06-01,IT,economic_sentiment,96.2,M,2025-04-01,2025-04-30,2025-05-10,32,,
2025-07-01,IT,economic_sentiment,99.1,M,2025-05-01,2025-05-31,2025-06-10,31,,
2025-08-01,IT,economic_sentiment,99.3,M,2025-06-01,2025-06-30,2025-07-10,32,,
2025-09-01,IT,economic_sentiment,99.6,M,2025-07-01,2025-07-31,2025-08-10,32,,
2025-10-01,IT,economic_sentiment,98.4,M,2025-08-01,2025-08-31,2025-09-10,31,,
2025-11-01,IT,economic_sentiment,99.2,M,2025-09-01,2025-09-30,2025-10-10,32,,
2025-12-01,IT,economic_sentiment,100.6,M,2025-10-01,2025-10-31,2025-11-10,31,,
2020-01-01,PL,economic_sentiment,107.4,M,2019-11-01,2019-11-30,2019-12-10,32,,
2020-02-01,PL,economic_sentiment,105.7,M,2019-12-01,2019-12-31,2020-01-10,32,,
2020-03-01,PL,economic_sentiment,106.1,M,2020-01-01,2020-01-31,2020-02-10,30,,
2020-04-01,PL,economic_sentiment,104.8,M,2020-02-01,2020-02-29,2020-03-10,32,,
2020-05-01,PL,economic_sentiment,101.1,M,2020-03-01,2020-03-31,2020-04-10,31,,
2020-06-01,PL,economic_sentiment,49.5,M,2020-04-01,2020-04-30,2020-05-10,32,,
2020-07-01,PL,economic_sentiment,52.2,M,2020-05-01,2020-05-31,2020-06-10,31,,
2020-08-01,PL,economic_sentiment,66.6,M,2020-06-01,2020-06-30,2020-07-10,32,,
2020-09-01,PL,economic_sentiment,78.0,M,2020-07-01,2020-07-31,2020-08-10,32,,
2020-10-01,PL,economic_sentiment,85.2,M,2020-08-01,2020-08-31,2020-09-10,31,,
2020-11-01,PL,economic_sentiment,89.5,M,2020-09-01,2020-09-30,2020-10-10,32,,
2020-12-01,PL,economic_sentiment,91.0,M,2020-10-01,2020-10-31,2020-11-10,31,,
2021-01-01,PL,economic_sentiment,79.8,M,2020-11-01,2020-11-30,2020-12-10,32,,
2021-02-01,PL,economic_sentiment,86.3,M,2020-12-01,2020-12-31,2021-01-10,32,,
2021-03-01,PL,economic_sentiment,86.8,M,2021-01-01,2021-01-31,2021-02-10,29,,
2021-04-01,PL,economic_sentiment,90.5,M,2021-02-01,2021-02-28,2021-03-10,32,,
2021-05-01,PL,economic_sentiment,94.3,M,2021-03-01,2021-03-31,2021-04-10,31,,
2021-06-01,PL,economic_sentiment,95.0,M,2021-04-01,2021-04-30,2021-05-10,32,,
2021-07-01,PL,economic_sentiment,100.3,M,2021-05-01,2021-05-31,2021-06-10,31,,
2021-08-01,PL,economic_sentiment,103.9,M,2021-06-01,2021-06-30,2021-07-10,32,,
2021-09-01,PL,economic_sentiment,105.6,M,2021-07-01,2021-07-31,2021-08-10,32,,
2021-10-01,PL,economic_sentiment,104.6,M,2021-08-01,2021-08-31,2021-09-10,31,,
2021-11-01,PL,economic_sentiment,105.2,M,2021-09-01,2021-09-30,2021-10-10,32,,
2021-12-01,PL,economic_sentiment,104.2,M,2021-10-01,2021-10-31,2021-11-10,31,,
2022-01-01,PL,economic_sentiment,102.0,M,2021-11-01,2021-11-30,2021-12-10,32,,
2022-02-01,PL,economic_sentiment,101.7,M,2021-12-01,2021-12-31,2022-01-10,32,,
2022-03-01,PL,economic_sentiment,97.9,M,2022-01-01,2022-01-31,2022-02-10,29,,
2022-04-01,PL,economic_sentiment,98.8,M,2022-02-01,2022-02-28,2022-03-10,32,,
2022-05-01,PL,economic_sentiment,91.0,M,2022-03-01,2022-03-31,2022-04-10,31,,
2022-06-01,PL,economic_sentiment,92.8,M,2022-04-01,2022-04-30,2022-05-10,32,,
2022-07-01,PL,economic_sentiment,93.3,M,2022-05-01,2022-05-31,2022-06-10,31,,
2022-08-01,PL,economic_sentiment,88.9,M,2022-06-01,2022-06-30,2022-07-10,32,,
2022-09-01,PL,economic_sentiment,87.9,M,2022-07-01,2022-07-31,2022-08-10,32,,
2022-10-01,PL,economic_sentiment,86.8,M,2022-08-01,2022-08-31,2022-09-10,31,,
2022-11-01,PL,economic_sentiment,83.7,M,2022-09-01,2022-09-30,2022-10-10,32,,
2022-12-01,PL,economic_sentiment,83.1,M,2022-10-01,2022-10-31,2022-11-10,31,,
2023-01-01,PL,economic_sentiment,83.1,M,2022-11-01,2022-11-30,2022-12-10,32,,
2023-02-01,PL,economic_sentiment,84.9,M,2022-12-01,2022-12-31,2023-01-10,32,,
2023-03-01,PL,economic_sentiment,83.5,M,2023-01-01,2023-01-31,2023-02-10,29,,
2023-04-01,PL,economic_sentiment,85.5,M,2023-02-01,2023-02-28,2023-03-10,32,,
2023-05-01,PL,economic_sentiment,86.7,M,2023-03-01,2023-03-31,2023-04-10,31,,
2023-06-01,PL,economic_sentiment,88.8,M,2023-04-01,2023-04-30,2023-05-10,32,,
2023-07-01,PL,economic_sentiment,89.0,M,2023-05-01,2023-05-31,2023-06-10,31,,
2023-08-01,PL,economic_sentiment,89.8,M,2023-06-01,2023-06-30,2023-07-10,32,,
2023-09-01,PL,economic_sentiment,90.9,M,2023-07-01,2023-07-31,2023-08-10,32,,
2023-10-01,PL,economic_sentiment,92.0,M,2023-08-01,2023-08-31,2023-09-10,31,,
2023-11-01,PL,economic_sentiment,93.3,M,2023-09-01,2023-09-30,2023-10-10,32,,
2023-12-01,PL,economic_sentiment,94.9,M,2023-10-01,2023-10-31,2023-11-10,31,,
2024-01-01,PL,economic_sentiment,96.6,M,2023-11-01,2023-11-30,2023-12-10,32,,
2024-02-01,PL,economic_sentiment,97.4,M,2023-12-01,2023-12-31,2024-01-10,32,,
2024-03-01,PL,economic_sentiment,99.0,M,2024-01-01,2024-01-31,2024-02-10,30,,
2024-04-01,PL,economic_sentiment,99.5,M,2024-02-01,2024-02-29,2024-03-10,32,,
2024-05-01,PL,economic_sentiment,99.6,M,2024-03-01,2024-03-31,2024-04-10,31,,
2024-06-01,PL,economic_sentiment,100.6,M,2024-04-01,2024-04-30,2024-05-10,32,,
2024-07-01,PL,economic_sentiment,98.2,M,2024-05-01,2024-05-31,2024-06-10,31,,
2024-08-01,PL,economic_sentiment,98.7,M,2024-06-01,2024-06-30,2024-07-10,32,,
2024-09-01,PL,economic_sentiment,97.8,M,2024-07-01,2024-07-31,2024-08-10,32,,
2024-10-01,PL,economic_sentiment,97.7,M,2024-08-01,2024-08-31,2024-09-10,31,,
2024-11-01,PL,economic_sentiment,98.3,M,2024-09-01,2024-09-30,2024-10-10,32,,
2024-12-01,PL,economic_sentiment,96.8,M,2024-10-01,2024-10-31,2024-11-10,31,,
2025-01-01,PL,economic_sentiment,97.2,M,2024-11-01,2024-11-30,2024-12-10,32,,
2025-02-01,PL,economic_sentiment,97.6,M,2024-12-01,2024-12-31,2025-01-10,32,,
2025-03-01,PL,economic_sentiment,96.2,M,2025-01-01,2025-01-31,2025-02-10,29,,
2025-04-01,PL,economic_sentiment,97.7,M,2025-02-01,2025-02-28,2025-03-10,32,,
2025-05-01,PL,economic_sentiment,98.6,M,2025-03-01,2025-03-31,2025-04-10,31,,
2025-06-01,PL,economic_sentiment,97.8,M,2025-04-01,2025-04-30,2025-05-10,32,,
2025-07-01,PL,economic_sentiment,98.0,M,2025-05-01,2025-05-31,2025-06-10,31,,
2025-08-01,PL,economic_sentiment,99.4,M,2025-06-01,2025-06-30,2025-07-10,32,,
2025-09-01,PL,economic_sentiment,98.8,M,2025-07-01,2025-07-31,2025-08-10,32,,
2025-10-01,PL,economic_sentiment,97.9,M,2025-08-01,2025-08-31,2025-09-10,31,,
2025-11-01,PL,economic_sentiment,99.2,M,2025-09-01,2025-09-30,2025-10-10,32,,
2025-12-01,PL,economic_sentiment,98.1,M,2025-10-01,2025-10-31,2025-11-10,31,,
2020-01-01,RO,economic_sentiment,105.8,M,2019-11-01,2019-11-30,2019-12-10,32,,
2020-02-01,RO,economic_sentiment,106.3,M,2019-12-01,2019-12-31,2020-01-10,32,,
2020-03-01,RO,economic_sentiment,106.0,M,2020-01-01,2020-01-31,2020-02-10,30,,
2020-04-01,RO,economic_sentiment,104.6,M,2020-02-01,2020-02-29,2020-03-10,32,,
2020-05-01,RO,economic_sentiment,100.5,M,2020-03-01,2020-03-31,2020-04-10,31,,
2020-06-01,RO,economic_sentiment,57.4,M,2020-04-01,2020-04-30,2020-05-10,32,,
2020-07-01,RO,economic_sentiment,69.9,M,2020-05-01,2020-05-31,2020-06-10,31,,
2020-08-01,RO,economic_sentiment,80.1,M,2020-06-01,2020-06-30,2020-07-10,32,,
2020-09-01,RO,economic_sentiment,86.2,M,2020-07-01,2020-07-31,2020-08-10,32,,
2020-10-01,RO,economic_sentiment,91.2,M,2020-08-01,2020-08-31,2020-09-10,31,,
2020-11-01,RO,economic_sentiment,94.7,M,2020-09-01,2020-09-30,2020-10-10,32,,
2020-12-01,RO,economic_sentiment,93.9,M,2020-10-01,2020-10-31,2020-11-10,31,,
2021-01-01,RO,economic_sentiment,90.4,M,2020-11-01,2020-11-30,2020-12-10,32,,
2021-02-01,RO,economic_sentiment,91.8,M,2020-12-01,2020-12-31,2021-01-10,32,,
2021-03-01,RO,economic_sentiment,94.7,M,2021-01-01,2021-01-31,2021-02-10,29,,
2021-04-01,RO,economic_sentiment,95.7,M,2021-02-01,2021-02-28,2021-03-10,32,,
2021-05-01,RO,economic_sentiment,96.1,M,2021-03-01,2021-03-31,2021-04-10,31,,
2021-06-01,RO,economic_sentiment,98.7,M,2021-04-01,2021-04-30,2021-05-10,32,,
2021-07-01,RO,economic_sentiment,104.1,M,2021-05-01,2021-05-31,2021-06-10,31,,
2021-08-01,RO,economic_sentiment,104.2,M,2021-06-01,2021-06-30,2021-07-10,32,,
2021-09-01,RO,economic_sentiment,104.8,M,2021-07-01,2021-07-31,2021-08-10,32,,
2021-10-01,RO,economic_sentiment,104.0,M,2021-08-01,2021-08-31,2021-09-10,31,,
2021-11-01,RO,economic_sentiment,102.5,M,2021-09-01,2021-09-30,2021-10-10,32,,
2021-12-01,RO,economic_sentiment,100.9,M,2021-10-01,2021-10-31,2021-11-10,31,,
2022-01-01,RO,economic_sentiment,99.3,M,2021-11-01,2021-11-30,2021-12-10,32,,
2022-02-01,RO,economic_sentiment,101.5,M,2021-12-01,2021-12-31,2022-01-10,32,,
2022-03-01,RO,economic_sentiment,100.4,M,2022-01-01,2022-01-31,2022-02-10,29,,
2022-04-01,RO,economic_sentiment,100.8,M,2022-02-01,2022-02-28,2022-03-10,32,,
2022-05-01,RO,economic_sentiment,99.7,M,2022-03-01,2022-03-31,2022-04-10,31,,
2022-06-01,RO,economic_sentiment,99.7,M,2022-04-01,2022-04-30,2022-05-10,32,,
2022-07-01,RO,economic_sentiment,98.8,M,2022-05-01,2022-05-31,2022-06-10,31,,
2022-08-01,RO,economic_sentiment,97.9,M,2022-06-01,2022-06-30,2022-07-10,32,,
2022-09-01,RO,economic_sentiment,98.8,M,2022-07-01,2022-07-31,2022-08-10,32,,
2022-10-01,RO,economic_sentiment,96.9,M,2022-08-01,2022-08-31,2022-09-10,31,,
2022-11-01,RO,economic_sentiment,97.9,M,2022-09-01,2022-09-30,2022-10-10,32,,
2022-12-01,RO,economic_sentiment,97.9,M,2022-10-01,2022-10-31,2022-11-10,31,,
2023-01-01,RO,economic_sentiment,99.7,M,2022-11-01,2022-11-30,2022-12-10,32,,
2023-02-01,RO,economic_sentiment,98.1,M,2022-12-01,2022-12-31,2023-01-10,32,,
2023-03-01,RO,economic_sentiment,97.5,M,2023-01-01,2023-01-31,2023-02-10,29,,
2023-04-01,RO,economic_sentiment,99.0,M,2023-02-01,2023-02-28,2023-03-10,32,,
2023-05-01,RO,economic_sentiment,99.3,M,2023-03-01,2023-03-31,2023-04-10,31,,
2023-06-01,RO,economic_sentiment,99.5,M,2023-04-01,2023-04-30,2023-05-10,32,,
2023-07-01,RO,economic_sentiment,99.5,M,2023-05-01,2023-05-31,2023-06-10,31,,
2023-08-01,RO,economic_sentiment,101.4,M,2023-06-01,2023-06-30,2023-07-10,32,,
2023-09-01,RO,economic_sentiment,100.8,M,2023-07-01,2023-07-31,2023-08-10,32,,
2023-10-01,RO,economic_sentiment,100.7,M,2023-08-01,2023-08-31,2023-09-10,31,,
2023-11-01,RO,economic_sentiment,100.7,M,2023-09-01,2023-09-30,2023-10-10,32,,
2023-12-01,RO,economic_sentiment,100.5,M,2023-10-01,2023-10-31,2023-11-10,31,,
2024-01-01,RO,economic_sentiment,100.9,M,2023-11-01,2023-11-30,2023-12-10,32,,
2024-02-01,RO,economic_sentiment,102.4,M,2023-12-01,2023-12-31,2024-01-10,32,,
2024-03-01,RO,economic_sentiment,102.4,M,2024-01-01,2024-01-31,2024-02-10,30,,
2024-04-01,RO,economic_sentiment,101.5,M,2024-02-01,2024-02-29,2024-03-10,32,,
2024-05-01,RO,economic_sentiment,103.7,M,2024-03-01,2024-03-31,2024-04-10,31,,
2024-06-01,RO,economic_sentiment,105.3,M,2024-04-01,2024-04-30,2024-05-10,32,,
2024-07-01,RO,economic_sentiment,103.0,M,2024-05-01,2024-05-31,2024-06-10,31,,
2024-08-01,RO,economic_sentiment,104.5,M,2024-06-01,2024-06-30,2024-07-10,32,,
2024-09-01,RO,economic_sentiment,102.6,M,2024-07-01,2024-07-31,2024-08-10,32,,
2024-10-01,RO,economic_sentiment,103.9,M,2024-08-01,2024-08-31,2024-09-10,31,,
2024-11-01,RO,economic_sentiment,103.2,M,2024-09-01,2024-09-30,2024-10-10,32,,
2024-12-01,RO,economic_sentiment,105.8,M,2024-10-01,2024-10-31,2024-11-10,31,,
2025-01-01,RO,economic_sentiment,105.4,M,2024-11-01,2024-11-30,2024-12-10,32,,
2025-02-01,RO,economic_sentiment,102.5,M,2024-12-01,2024-12-31,2025-01-10,32,,
2025-03-01,RO,economic_sentiment,99.7,M,2025-01-01,2025-01-31,2025-02-10,29,,
2025-04-01,RO,economic_sentiment,100.8,M,2025-02-01,2025-02-28,2025-03-10,32,,
2025-05-01,RO,economic_sentiment,102.8,M,2025-03-01,2025-03-31,2025-04-10,31,,
2025-06-01,RO,economic_sentiment,101.0,M,2025-04-01,2025-04-30,2025-05-10,32,,
2025-07-01,RO,economic_sentiment,99.3,M,2025-05-01,2025-05-31,2025-06-10,31,,
2025-08-01,RO,economic_sentiment,96.7,M,2025-06-01,2025-06-30,2025-07-10,32,,
2025-09-01,RO,economic_sentiment,94.5,M,2025-07-01,2025-07-31,2025-08-10,32,,
2025-10-01,RO,economic_sentiment,94.2,M,2025-08-01,2025-08-31,2025-09-10,31,,
2025-11-01,RO,economic_sentiment,94.1,M,2025-09-01,2025-09-30,2025-10-10,32,,
2025-12-01,RO,economic_sentiment,91.9,M,2025-10-01,2025-10-31,2025-11-10,31,,
2020-01-01,BG,gdp_growth,,,,,,,,
2020-02-01,BG,gdp_growth,,,,,,,,
2020-03-01,BG,gdp_growth,,,,,,,,
2020-04-01,BG,gdp_growth,,,,,,,,
2020-05-01,BG,gdp_growth,,,,,,,,
2020-06-01,BG,gdp_growth,,,,,,,,
2020-07-01,BG,gdp_growth,,,,,,,,
2020-08-01,BG,gdp_growth,3.79331964589196,A,2019-01-01,2019-12-31,2020-07-18,214,,
2020-09-01,BG,gdp_growth,3.79331964589196,A,2019-01-01,2019-12-31,2020-07-18,245,,
2020-10-01,BG,gdp_growth,3.79331964589196,A,2019-01-01,2019-12-31,2020-07-18,275,,
2020-11-01,BG,gdp_growth,3.79331964589196,A,2019-01-01,2019-12-31,2020-07-18,306,,
2020-12-01,BG,gdp_growth,3.79331964589196,A,2019-01-01,2019-12-31,2020-07-18,336,,
2021-01-01,BG,gdp_growth,3.79331964589196,A,2019-01-01,2019-12-31,2020-07-18,367,,
2021-02-01,BG,gdp_growth,3.79331964589196,A,2019-01-01,2019-12-31,2020-07-18,398,,
2021-03-01,BG,gdp_growth,3.79331964589196,A,2019-01-01,2019-12-31,2020-07-18,426,,
2021-04-01,BG,gdp_growth,3.79331964589196,A,2019-01-01,2019-12-31,2020-07-18,457,,
2021-05-01,BG,gdp_growth,3.79331964589196,A,2019-01-01,2019-12-31,2020-07-18,487,,
2021-06-01,BG,gdp_growth,3.79331964589196,A,2019-01-01,2019-12-31,2020-07-18,518,,
2021-07-01,BG,gdp_growth,3.79331964589196,A,2019-01-01,2019-12-31,2020-07-18,548,,
2021-08-01,BG,gdp_growth,-3.13323543125917,A,2020-01-01,2020-12-31,2021-07-19,213,,
2021-09-01,BG,gdp_growth,-3.13323543125917,A,2020-01-01,2020-12-31,2021-07-19,244,,
2021-10-01,BG,gdp_growth,-3.13323543125917,A,2020-01-01,2020-12-31,2021-07-19,274,,
2021-11-01,BG,gdp_growth,-3.13323543125917,A,2020-01-01,2020-12-31,2021-07-19,305,,
2021-12-01,BG,gdp_growth,-3.13323543125917,A,2020-01-01,2020-12-31,2021-07-19,335,,
2022-01-01,BG,gdp_growth,-3.13323543125917,A,2020-01-01,2020-12-31,2021-07-19,366,,
2022-02-01,BG,gdp_growth,-3.13323543125917,A,2020-01-01,2020-12-31,2021-07-19,397,,
2022-03-01,BG,gdp_growth,-3.13323543125917,A,2020-01-01,2020-12-31,2021-07-19,425,,
2022-04-01,BG,gdp_growth,-3.13323543125917,A,2020-01-01,2020-12-31,2021-07-19,456,,
2022-05-01,BG,gdp_growth,-3.13323543125917,A,2020-01-01,2020-12-31,2021-07-19,486,,
2022-06-01,BG,gdp_growth,-3.13323543125917,A,2020-01-01,2020-12-31,2021-07-19,517,,
2022-07-01,BG,gdp_growth,-3.13323543125917,A,2020-01-01,2020-12-31,2021-07-19,547,,
2022-08-01,BG,gdp_growth,7.82817310703665,A,2021-01-01,2021-12-31,2022-07-19,213,,
2022-09-01,BG,gdp_growth,7.82817310703665,A,2021-01-01,2021-12-31,2022-07-19,244,,
2022-10-01,BG,gdp_growth,7.82817310703665,A,2021-01-01,2021-12-31,2022-07-19,274,,
2022-11-01,BG,gdp_growth,7.82817310703665,A,2021-01-01,2021-12-31,2022-07-19,305,,
2022-12-01,BG,gdp_growth,7.82817310703665,A,2021-01-01,2021-12-31,2022-07-19,335,,
2023-01-01,BG,gdp_growth,7.82817310703665,A,2021-01-01,2021-12-31,2022-07-19,366,,
2023-02-01,BG,gdp_growth,7.82817310703665,A,2021-01-01,2021-12-31,2022-07-19,397,,
2023-03-01,BG,gdp_growth,7.82817310703665,A,2021-01-01,2021-12-31,2022-07-19,425,,
2023-04-01,BG,gdp_growth,7.82817310703665,A,2021-01-01,2021-12-31,2022-07-19,456,,
2023-05-01,BG,gdp_growth,7.82817310703665,A,2021-01-01,2021-12-31,2022-07-19,486,,
2023-06-01,BG,gdp_growth,7.82817310703665,A,2021-01-01,2021-12-31,2022-07-19,517,,
2023-07-01,BG,gdp_growth,7.82817310703665,A,2021-01-01,2021-12-31,2022-07-19,547,,
2023-08-01,BG,gdp_growth,4.08386398118941,A,2022-01-01,2022-12-31,2023-07-19,213,,
2023-09-01,BG,gdp_growth,4.08386398118941,A,2022-01-01,2022-12-31,2023-07-19,244,,
2023-10-01,BG,gdp_growth,4.08386398118941,A,2022-01-01,2022-12-31,2023-07-19,274,,
2023-11-01,BG,gdp_growth,4.08386398118941,A,2022-01-01,2022-12-31,2023-07-19,305,,
2023-12-01,BG,gdp_growth,4.08386398118941,A,2022-01-01,2022-12-31,2023-07-19,335,,
2024-01-01,BG,gdp_growth,4.08386398118941,A,2022-01-01,2022-12-31,2023-07-19,366,,
2024-02-01,BG,gdp_growth,4.08386398118941,A,2022-01-01,2022-12-31,2023-07-19,397,,
2024-03-01,BG,gdp_growth,4.08386398118941,A,2022-01-01,2022-12-31,2023-07-19,426,,
2024-04-01,BG,gdp_growth,4.08386398118941,A,2022-01-01,2022-12-31,2023-07-19,457,,
2024-05-01,BG,gdp_growth,4.08386398118941,A,2022-01-01,2022-12-31,2023-07-19,487,,
2024-06-01,BG,gdp_growth,4.08386398118941,A,2022-01-01,2022-12-31,2023-07-19,518,,
2024-07-01,BG,gdp_growth,4.08386398118941,A,2022-01-01,2022-12-31,2023-07-19,548,,
2024-08-01,BG,gdp_growth,1.68151075832925,A,2023-01-01,2023-12-31,2024-07-18,214,,
2024-09-01,BG,gdp_growth,1.68151075832925,A,2023-01-01,2023-12-31,2024-07-18,245,,
2024-10-01,BG,gdp_growth,1.68151075832925,A,2023-01-01,2023-12-31,2024-07-18,275,,
2024-11-01,BG,gdp_growth,1.68151075832925,A,2023-01-01,2023-12-31,2024-07-18,306,,
2024-12-01,BG,gdp_growth,1.68151075832925,A,2023-01-01,2023-12-31,2024-07-18,336,,
2025-01-01,BG,gdp_growth,1.68151075832925,A,2023-01-01,2023-12-31,2024-07-18,367,,
2025-02-01,BG,gdp_growth,1.68151075832925,A,2023-01-01,2023-12-31,2024-07-18,398,,
2025-03-01,BG,gdp_growth,1.68151075832925,A,2023-01-01,2023-12-31,2024-07-18,426,,
2025-04-01,BG,gdp_growth,1.68151075832925,A,2023-01-01,2023-12-31,2024-07-18,457,,
2025-05-01,BG,gdp_growth,1.68151075832925,A,2023-01-01,2023-12-31,2024-07-18,487,,
2025-06-01,BG,gdp_growth,1.68151075832925,A,2023-01-01,2023-12-31,2024-07-18,518,,
2025-07-01,BG,gdp_growth,1.68151075832925,A,2023-01-01,2023-12-31,2024-07-18,548,,
2025-08-01,BG,gdp_growth,3.38708962009333,A,2024-01-01,2024-12-31,2025-07-19,213,,
2025-09-01,BG,gdp_growth,3.38708962009333,A,2024-01-01,2024-12-31,2025-07-19,244,,
2025-10-01,BG,gdp_growth,3.38708962009333,A,2024-01-01,2024-12-31,2025-07-19,274,,
2025-11-01,BG,gdp_growth,3.38708962009333,A,2024-01-01,2024-12-31,2025-07-19,305,,
2025-12-01,BG,gdp_growth,3.38708962009333,A,2024-01-01,2024-12-31,2025-07-19,335,,
2020-01-01,GR,gdp_growth,,,,,,,,
2020-02-01,GR,gdp_growth,,,,,,,,
2020-03-01,GR,gdp_growth,,,,,,,,
2020-04-01,GR,gdp_growth,,,,,,,,
2020-05-01,GR,gdp_growth,,,,,,,,
2020-06-01,GR,gdp_growth,,,,,,,,
2020-07-01,GR,gdp_growth,,,,,,,,
2020-08-01,GR,gdp_growth,2.27718065334808,A,2019-01-01,2019-12-31,2020-07-18,214,,
2020-09-01,GR,gdp_growth,2.27718065334808,A,2019-01-01,2019-12-31,2020-07-18,245,,
2020-10-01,GR,gdp_growth,2.27718065334808,A,2019-01-01,2019-12-31,2020-07-18,275,,
2020-11-01,GR,gdp_growth,2.27718065334808,A,2019-01-01,2019-12-31,2020-07-18,306,,
2020-12-01,GR,gdp_growth,2.27718065334808,A,2019-01-01,2019-12-31,2020-07-18,336,,
2021-01-01,GR,gdp_growth,2.27718065334808,A,2019-01-01,2019-12-31,2020-07-18,367,,
2021-02-01,GR,gdp_growth,2.27718065334808,A,2019-01-01,2019-12-31,2020-07-18,398,,
2021-03-01,GR,gdp_growth,2.27718065334808,A,2019-01-01,2019-12-31,2020-07-18,426,,
2021-04-01,GR,gdp_growth,2.27718065334808,A,2019-01-01,2019-12-31,2020-07-18,457,,
2021-05-01,GR,gdp_growth,2.27718065334808,A,2019-01-01,2019-12-31,2020-07-18,487,,
2021-06-01,GR,gdp_growth,2.27718065334808,A,2019-01-01,2019-12-31,2020-07-18,518,,
2021-07-01,GR,gdp_growth,2.27718065334808,A,2019-01-01,2019-12-31,2020-07-18,548,,
2021-08-01,GR,gdp_growth,-9.19623149726978,A,2020-01-01,2020-12-31,2021-07-19,213,,
2021-09-01,GR,gdp_growth,-9.19623149726978,A,2020-01-01,2020-12-31,2021-07-19,244,,
2021-10-01,GR,gdp_growth,-9.19623149726978,A,2020-01-01,2020-12-31,2021-07-19,274,,
2021-11-01,GR,gdp_growth,-9.19623149726978,A,2020-01-01,2020-12-31,2021-07-19,305,,
2021-12-01,GR,gdp_growth,-9.19623149726978,A,2020-01-01,2020-12-31,2021-07-19,335,,
2022-01-01,GR,gdp_growth,-9.19623149726978,A,2020-01-01,2020-12-31,2021-07-19,366,,
2022-02-01,GR,gdp_growth,-9.19623149726978,A,2020-01-01,2020-12-31,2021-07-19,397,,
2022-03-01,GR,gdp_growth,-9.19623149726978,A,2020-01-01,2020-12-31,2021-07-19,425,,
2022-04-01,GR,gdp_growth,-9.19623149726978,A,2020-01-01,2020-12-31,2021-07-19,456,,
2022-05-01,GR,gdp_growth,-9.19623149726978,A,2020-01-01,2020-12-31,2021-07-19,486,,
2022-06-01,GR,gdp_growth,-9.19623149726978,A,2020-01-01,2020-12-31,2021-07-19,517,,
2022-07-01,GR,gdp_growth,-9.19623149726978,A,2020-01-01,2020-12-31,2021-07-19,547,,
2022-08-01,GR,gdp_growth,8.65449786002131,A,2021-01-01,2021-12-31,2022-07-19,213,,
2022-09-01,GR,gdp_growth,8.65449786002131,A,2021-01-01,2021-12-31,2022-07-19,244,,
2022-10-01,GR,gdp_growth,8.65449786002131,A,2021-01-01,2021-12-31,2022-07-19,274,,
2022-11-01,GR,gdp_growth,8.65449786002131,A,2021-01-01,2021-12-31,2022-07-19,305,,
2022-12-01,GR,gdp_growth,8.65449786002131,A,2021-01-01,2021-12-31,2022-07-19,335,,
2023-01-01,GR,gdp_growth,8.65449786002131,A,2021-01-01,2021-12-31,2022-07-19,366,,
2023-02-01,GR,gdp_growth,8.65449786002131,A,2021-01-01,2021-12-31,2022-07-19,397,,
2023-03-01,GR,gdp_growth,8.65449786002131,A,2021-01-01,2021-12-31,2022-07-19,425,,
2023-04-01,GR,gdp_growth,8.65449786002131,A,2021-01-01,2021-12-31,2022-07-19,456,,
2023-05-01,GR,gdp_growth,8.65449786002131,A,2021-01-01,2021-12-31,2022-07-19,486,,
2023-06-01,GR,gdp_growth,8.65449786002131,A,2021-01-01,2021-12-31,2022-07-19,517,,
2023-07-01,GR,gdp_growth,8.65449786002131,A,2021-01-01,2021-12-31,2022-07-19,547,,
2023-08-01,GR,gdp_growth,5.52198580589408,A,2022-01-01,2022-12-31,2023-07-19,213,,
2023-09-01,GR,gdp_growth,5.52198580589408,A,2022-01-01,2022-12-31,2023-07-19,244,,
2023-10-01,GR,gdp_growth,5.52198580589408,A,2022-01-01,2022-12-31,2023-07-19,274,,
2023-11-01,GR,gdp_growth,5.52198580589408,A,2022-01-01,2022-12-31,2023-07-19,305,,
2023-12-01,GR,gdp_growth,5.52198580589408,A,2022-01-01,2022-12-31,2023-07-19,335,,
2024-01-01,GR,gdp_growth,5.52198580589408,A,2022-01-01,2022-12-31,2023-07-19,366,,
2024-02-01,GR,gdp_growth,5.52198580589408,A,2022-01-01,2022-12-31,2023-07-19,397,,
2024-03-01,GR,gdp_growth,5.52198580589408,A,2022-01-01,2022-12-31,2023-07-19,426,,
2024-04-01,GR,gdp_growth,5.52198580589408,A,2022-01-01,2022-12-31,2023-07-19,457,,
2024-05-01,GR,gdp_growth,5.52198580589408,A,2022-01-01,2022-12-31,2023-07-19,487,,
2024-06-01,GR,gdp_growth,5.52198580589408,A,2022-01-01,2022-12-31,2023-07-19,518,,
2024-07-01,GR,gdp_growth,5.52198580589408,A,2022-01-01,2022-12-31,2023-07-19,548,,
2024-08-01,GR,gdp_growth,2.13591131996631,A,2023-01-01,2023-12-31,2024-07-18,214,,
2024-09-01,GR,gdp_growth,2.13591131996631,A,2023-01-01,2023-12-31,2024-07-18,245,,
2024-10-01,GR,gdp_growth,2.13591131996631,A,2023-01-01,2023-12-31,2024-07-18,275,,
2024-11-01,GR,gdp_growth,2.13591131996631,A,2023-01-01,2023-12-31,2024-07-18,306,,
2024-12-01,GR,gdp_growth,2.13591131996631,A,2023-01-01,2023-12-31,2024-07-18,336,,
2025-01-01,GR,gdp_growth,2.13591131996631,A,2023-01-01,2023-12-31,2024-07-18,367,,
2025-02-01,GR,gdp_growth,2.13591131996631,A,2023-01-01,2023-12-31,2024-07-18,398,,
2025-03-01,GR,gdp_growth,2.13591131996631,A,2023-01-01,2023-12-31,2024-07-18,426,,
2025-04-01,GR,gdp_growth,2.13591131996631,A,2023-01-01,2023-12-31,2024-07-18,457,,
2025-05-01,GR,gdp_growth,2.13591131996631,A,2023-01-01,2023-12-31,2024-07-18,487,,
2025-06-01,GR,gdp_growth,2.13591131996631,A,2023-01-01,2023-12-31,2024-07-18,518,,
2025-07-01,GR,gdp_growth,2.13591131996631,A,2023-01-01,2023-12-31,2024-07-18,548,,
2025-08-01,GR,gdp_growth,2.0865743380603,A,2024-01-01,2024-12-31,2025-07-19,213,,
2025-09-01,GR,gdp_growth,2.0865743380603,A,2024-01-01,2024-12-31,2025-07-19,244,,
2025-10-01,GR,gdp_growth,2.0865743380603,A,2024-01-01,2024-12-31,2025-07-19,274,,
2025-11-01,GR,gdp_growth,2.0865743380603,A,2024-01-01,2024-12-31,2025-07-19,305,,
2025-12-01,GR,gdp_growth,2.0865743380603,A,2024-01-01,2024-12-31,2025-07-19,335,,
2020-01-01,IE,gdp_growth,,,,,,,,
2020-02-01,IE,gdp_growth,,,,,,,,
2020-03-01,IE,gdp_growth,,,,,,,,
2020-04-01,IE,gdp_growth,,,,,,,,
2020-05-01,IE,gdp_growth,,,,,,,,
2020-06-01,IE,gdp_growth,,,,,,,,
2020-07-01,IE,gdp_growth,,,,,,,,
2020-08-01,IE,gdp_growth,4.97288003766816,A,2019-01-01,2019-12-31,2020-07-18,214,,
2020-09-01,IE,gdp_growth,4.97288003766816,A,2019-01-01,2019-12-31,2020-07-18,245,,
2020-10-01,IE,gdp_growth,4.97288003766816,A,2019-01-01,2019-12-31,2020-07-18,275,,
2020-11-01,IE,gdp_growth,4.97288003766816,A,2019-01-01,2019-12-31,2020-07-18,306,,
2020-12-01,IE,gdp_growth,4.97288003766816,A,2019-01-01,2019-12-31,2020-07-18,336,,
2021-01-01,IE,gdp_growth,4.97288003766816,A,2019-01-01,2019-12-31,2020-07-18,367,,
2021-02-01,IE,gdp_growth,4.97288003766816,A,2019-01-01,2019-12-31,2020-07-18,398,,
2021-03-01,IE,gdp_growth,4.97288003766816,A,2019-01-01,2019-12-31,2020-07-18,426,,
2021-04-01,IE,gdp_growth,4.97288003766816,A,2019-01-01,2019-12-31,2020-07-18,457,,
2021-05-01,IE,gdp_growth,4.97288003766816,A,2019-01-01,2019-12-31,2020-07-18,487,,
2021-06-01,IE,gdp_growth,4.97288003766816,A,2019-01-01,2019-12-31,2020-07-18,518,,
2021-07-01,IE,gdp_growth,4.97288003766816,A,2019-01-01,2019-12-31,2020-07-18,548,,
2021-08-01,IE,gdp_growth,7.15369505735335,A,2020-01-01,2020-12-31,2021-07-19,213,,
2021-09-01,IE,gdp_growth,7.15369505735335,A,2020-01-01,2020-12-31,2021-07-19,244,,
2021-10-01,IE,gdp_growth,7.15369505735335,A,2020-01-01,2020-12-31,2021-07-19,274,,
2021-11-01,IE,gdp_growth,7.15369505735335,A,2020-01-01,2020-12-31,2021-07-19,305,,
2021-12-01,IE,gdp_growth,7.15369505735335,A,2020-01-01,2020-12-31,2021-07-19,335,,
2022-01-01,IE,gdp_growth,7.15369505735335,A,2020-01-01,2020-12-31,2021-07-19,366,,
2022-02-01,IE,gdp_growth,7.15369505735335,A,2020-01-01,2020-12-31,2021-07-19,397,,
2022-03-01,IE,gdp_growth,7.15369505735335,A,2020-01-01,2020-12-31,2021-07-19,425,,
2022-04-01,IE,gdp_growth,7.15369505735335,A,2020-01-01,2020-12-31,2021-07-19,456,,
2022-05-01,IE,gdp_growth,7.15369505735335,A,2020-01-01,2020-12-31,2021-07-19,486,,
2022-06-01,IE,gdp_growth,7.15369505735335,A,2020-01-01,2020-12-31,2021-07-19,517,,
2022-07-01,IE,gdp_growth,7.15369505735335,A,2020-01-01,2020-12-31,2021-07-19,547,,
2022-08-01,IE,gdp_growth,16.2581881158197,A,2021-01-01,2021-12-31,2022-07-19,213,,
2022-09-01,IE,gdp_growth,16.2581881158197,A,2021-01-01,2021-12-31,2022-07-19,244,,
2022-10-01,IE,gdp_growth,16.2581881158197,A,2021-01-01,2021-12-31,2022-07-19,274,,
2022-11-01,IE,gdp_growth,16.2581881158197,A,2021-01-01,2021-12-31,2022-07-19,305,,
2022-12-01,IE,gdp_growth,16.2581881158197,A,2021-01-01,2021-12-31,2022-07-19,335,,
2023-01-01,IE,gdp_growth,16.2581881158197,A,2021-01-01,2021-12-31,2022-07-19,366,,
2023-02-01,IE,gdp_growth,16.2581881158197,A,2021-01-01,2021-12-31,2022-07-19,397,,
2023-03-01,IE,gdp_growth,16.2581881158197,A,2021-01-01,2021-12-31,2022-07-19,425,,
2023-04-01,IE,gdp_growth,16.2581881158197,A,2021-01-01,2021-12-31,2022-07-19,456,,
2023-05-01,IE,gdp_growth,16.2581881158197,A,2021-01-01,2021-12-31,2022-07-19,486,,
2023-06-01,IE,gdp_growth,16.2581881158197,A,2021-01-01,2021-12-31,2022-07-19,517,,
2023-07-01,IE,gdp_growth,16.2581881158197,A,2021-01-01,2021-12-31,2022-07-19,547,,
2023-08-01,IE,gdp_growth,7.51113888415304,A,2022-01-01,2022-12-31,2023-07-19,213,,
2023-09-01,IE,gdp_growth,7.51113888415304,A,2022-01-01,2022-12-31,2023-07-19,244,,
2023-10-01,IE,gdp_growth,7.51113888415304,A,2022-01-01,2022-12-31,2023-07-19,274,,
2023-11-01,IE,gdp_growth,7.51113888415304,A,2022-01-01,2022-12-31,2023-07-19,305,,
2023-12-01,IE,gdp_growth,7.51113888415304,A,2022-01-01,2022-12-31,2023-07-19,335,,
2024-01-01,IE,gdp_growth,7.51113888415304,A,2022-01-01,2022-12-31,2023-07-19,366,,
2024-02-01,IE,gdp_growth,7.51113888415304,A,2022-01-01,2022-12-31,2023-07-19,397,,
2024-03-01,IE,gdp_growth,7.51113888415304,A,2022-01-01,2022-12-31,2023-07-19,426,,
2024-04-01,IE,gdp_growth,7.51113888415304,A,2022-01-01,2022-12-31,2023-07-19,457,,
2024-05-01,IE,gdp_growth,7.51113888415304,A,2022-01-01,2022-12-31,2023-07-19,487,,
2024-06-01,IE,gdp_growth,7.51113888415304,A,2022-01-01,2022-12-31,2023-07-19,518,,
2024-07-01,IE,gdp_growth,7.51113888415304,A,2022-01-01,2022-12-31,2023-07-19,548,,
2024-08-01,IE,gdp_growth,-2.53637409313261,A,2023-01-01,2023-12-31,2024-07-18,214,,
2024-09-01,IE,gdp_growth,-2.53637409313261,A,2023-01-01,2023-12-31,2024-07-18,245,,
2024-10-01,IE,gdp_growth,-2.53637409313261,A,2023-01-01,2023-12-31,2024-07-18,275,,
2024-11-01,IE,gdp_growth,-2.53637409313261,A,2023-01-01,2023-12-31,2024-07-18,306,,
2024-12-01,IE,gdp_growth,-2.53637409313261,A,2023-01-01,2023-12-31,2024-07-18,336,,
2025-01-01,IE,gdp_growth,-2.53637409313261,A,2023-01-01,2023-12-31,2024-07-18,367,,
2025-02-01,IE,gdp_growth,-2.53637409313261,A,2023-01-01,2023-12-31,2024-07-18,398,,
2025-03-01,IE,gdp_growth,-2.53637409313261,A,2023-01-01,2023-12-31,2024-07-18,426,,
2025-04-01,IE,gdp_growth,-2.53637409313261,A,2023-01-01,2023-12-31,2024-07-18,457,,
2025-05-01,IE,gdp_growth,-2.53637409313261,A,2023-01-01,2023-12-31,2024-07-18,487,,
2025-06-01,IE,gdp_growth,-2.53637409313261,A,2023-01-01,2023-12-31,2024-07-18,518,,
2025-07-01,IE,gdp_growth,-2.53637409313261,A,2023-01-01,2023-12-31,2024-07-18,548,,
2025-08-01,IE,gdp_growth,2.59946721553708,A,2024-01-01,2024-12-31,2025-07-19,213,,
2025-09-01,IE,gdp_growth,2.59946721553708,A,2024-01-01,2024-12-31,2025-07-19,244,,
2025-10-01,IE,gdp_growth,2.59946721553708,A,2024-01-01,2024-12-31,2025-07-19,274,,
2025-11-01,IE,gdp_growth,2.59946721553708,A,2024-01-01,2024-12-31,2025-07-19,305,,
2025-12-01,IE,gdp_growth,2.59946721553708,A,2024-01-01,2024-12-31,2025-07-19,335,,
2020-01-01,IT,gdp_growth,,,,,,,,
2020-02-01,IT,gdp_growth,,,,,,,,
2020-03-01,IT,gdp_growth,,,,,,,,
2020-04-01,IT,gdp_growth,,,,,,,,
2020-05-01,IT,gdp_growth,,,,,,,,
2020-06-01,IT,gdp_growth,,,,,,,,
2020-07-01,IT,gdp_growth,,,,,,,,
2020-08-01,IT,gdp_growth,0.429162533780342,A,2019-01-01,2019-12-31,2020-07-18,214,,
2020-09-01,IT,gdp_growth,0.429162533780342,A,2019-01-01,2019-12-31,2020-07-18,245,,
2020-10-01,IT,gdp_growth,0.429162533780342,A,2019-01-01,2019-12-31,2020-07-18,275,,
2020-11-01,IT,gdp_growth,0.429162533780342,A,2019-01-01,2019-12-31,2020-07-18,306,,
2020-12-01,IT,gdp_growth,0.429162533780342,A,2019-01-01,2019-12-31,2020-07-18,336,,
2021-01-01,IT,gdp_growth,0.429162533780342,A,2019-01-01,2019-12-31,2020-07-18,367,,
2021-02-01,IT,gdp_growth,0.429162533780342,A,2019-01-01,2019-12-31,2020-07-18,398,,
2021-03-01,IT,gdp_growth,0.429162533780342,A,2019-01-01,2019-12-31,2020-07-18,426,,
2021-04-01,IT,gdp_growth,0.429162533780342,A,2019-01-01,2019-12-31,2020-07-18,457,,
2021-05-01,IT,gdp_growth,0.429162533780342,A,2019-01-01,2019-12-31,2020-07-18,487,,
2021-06-01,IT,gdp_growth,0.429162533780342,A,2019-01-01,2019-12-31,2020-07-18,518,,
2021-07-01,IT,gdp_growth,0.429162533780342,A,2019-01-01,2019-12-31,2020-07-18,548,,
2021-08-01,IT,gdp_growth,-8.86822122185345,A,2020-01-01,2020-12-31,2021-07-19,213,,
2021-09-01,IT,gdp_growth,-8.86822122185345,A,2020-01-01,2020-12-31,2021-07-19,244,,
2021-10-01,IT,gdp_growth,-8.86822122185345,A,2020-01-01,2020-12-31,2021-07-19,274,,
2021-11-01,IT,gdp_growth,-8.86822122185345,A,2020-01-01,2020-12-31,2021-07-19,305,,
2021-12-01,IT,gdp_growth,-8.86822122185345,A,2020-01-01,2020-12-31,2021-07-19,335,,
2022-01-01,IT,gdp_growth,-8.86822122185345,A,2020-01-01,2020-12-31,2021-07-19,366,,
2022-02-01,IT,gdp_growth,-8.86822122185345,A,2020-01-01,2020-12-31,2021-07-19,397,,
2022-03-01,IT,gdp_growth,-8.86822122185345,A,2020-01-01,2020-12-31,2021-07-19,425,,
2022-04-01,IT,gdp_growth,-8.86822122185345,A,2020-01-01,2020-12-31,2021-07-19,456,,
2022-05-01,IT,gdp_growth,-8.86822122185345,A,2020-01-01,2020-12-31,2021-07-19,486,,
2022-06-01,IT,gdp_growth,-8.86822122185345,A,2020-01-01,2020-12-31,2021-07-19,517,,
2022-07-01,IT,gdp_growth,-8.86822122185345,A,2020-01-01,2020-12-31,2021-07-19,547,,
2022-08-01,IT,gdp_growth,8.93106210800055,A,2021-01-01,2021-12-31,2022-07-19,213,,
2022-09-01,IT,gdp_growth,8.93106210800055,A,2021-01-01,2021-12-31,2022-07-19,244,,
2022-10-01,IT,gdp_growth,8.93106210800055,A,2021-01-01,2021-12-31,2022-07-19,274,,
2022-11-01,IT,gdp_growth,8.93106210800055,A,2021-01-01,2021-12-31,2022-07-19,305,,
2022-12-01,IT,gdp_growth,8.93106210800055,A,2021-01-01,2021-12-31,2022-07-19,335,,
2023-01-01,IT,gdp_growth,8.93106210800055,A,2021-01-01,2021-12-31,2022-07-19,366,,
2023-02-01,IT,gdp_growth,8.93106210800055,A,2021-01-01,2021-12-31,2022-07-19,397,,
2023-03-01,IT,gdp_growth,8.93106210800055,A,2021-01-01,2021-12-31,2022-07-19,425,,
2023-04-01,IT,gdp_growth,8.93106210800055,A,2021-01-01,2021-12-31,2022-07-19,456,,
2023-05-01,IT,gdp_growth,8.93106210800055,A,2021-01-01,2021-12-31,2022-07-19,486,,
2023-06-01,IT,gdp_growth,8.93106210800055,A,2021-01-01,2021-12-31,2022-07-19,517,,
2023-07-01,IT,gdp_growth,8.93106210800055,A,2021-01-01,2021-12-31,2022-07-19,547,,
2023-08-01,IT,gdp_growth,4.82117669913565,A,2022-01-01,2022-12-31,2023-07-19,213,,
2023-09-01,IT,gdp_growth,4.82117669913565,A,2022-01-01,2022-12-31,2023-07-19,244,,
2023-10-01,IT,gdp_growth,4.82117669913565,A,2022-01-01,2022-12-31,2023-07-19,274,,
2023-11-01,IT,gdp_growth,4.82117669913565,A,2022-01-01,2022-12-31,2023-07-19,305,,
2023-12-01,IT,gdp_growth,4.82117669913565,A,2022-01-01,2022-12-31,2023-07-19,335,,
2024-01-01,IT,gdp_growth,4.82117669913565,A,2022-01-01,2022-12-31,2023-07-19,366,,
2024-02-01,IT,gdp_growth,4.82117669913565,A,2022-01-01,2022-12-31,2023-07-19,397,,
2024-03-01,IT,gdp_growth,4.82117669913565,A,2022-01-01,2022-12-31,2023-07-19,426,,
2024-04-01,IT,gdp_growth,4.82117669913565,A,2022-01-01,2022-12-31,2023-07-19,457,,
2024-05-01,IT,gdp_growth,4.82117669913565,A,2022-01-01,2022-12-31,2023-07-19,487,,
2024-06-01,IT,gdp_growth,4.82117669913565,A,2022-01-01,2022-12-31,2023-07-19,518,,
2024-07-01,IT,gdp_growth,4.82117669913565,A,2022-01-01,2022-12-31,2023-07-19,548,,
2024-08-01,IT,gdp_growth,0.922796543670316,A,2023-01-01,2023-12-31,2024-07-18,214,,
2024-09-01,IT,gdp_growth,0.922796543670316,A,2023-01-01,2023-12-31,2024-07-18,245,,
2024-10-01,IT,gdp_growth,0.922796543670316,A,2023-01-01,2023-12-31,2024-07-18,275,,
2024-11-01,IT,gdp_growth,0.922796543670316,A,2023-01-01,2023-12-31,2024-07-18,306,,
2024-12-01,IT,gdp_growth,0.922796543670316,A,2023-01-01,2023-12-31,2024-07-18,336,,
2025-01-01,IT,gdp_growth,0.922796543670316,A,2023-01-01,2023-12-31,2024-07-18,367,,
2025-02-01,IT,gdp_growth,0.922796543670316,A,2023-01-01,2023-12-31,2024-07-18,398,,
2025-03-01,IT,gdp_growth,0.922796543670316,A,2023-01-01,2023-12-31,2024-07-18,426,,
2025-04-01,IT,gdp_growth,0.922796543670316,A,2023-01-01,2023-12-31,2024-07-18,457,,
2025-05-01,IT,gdp_growth,0.922796543670316,A,2023-01-01,2023-12-31,2024-07-18,487,,
2025-06-01,IT,gdp_growth,0.922796543670316,A,2023-01-01,2023-12-31,2024-07-18,518,,
2025-07-01,IT,gdp_growth,0.922796543670316,A,2023-01-01,2023-12-31,2024-07-18,548,,
2025-08-01,IT,gdp_growth,0.783039135276795,A,2024-01-01,2024-12-31,2025-07-19,213,,
2025-09-01,IT,gdp_growth,0.783039135276795,A,2024-01-01,2024-12-31,2025-07-19,244,,
2025-10-01,IT,gdp_growth,0.783039135276795,A,2024-01-01,2024-12-31,2025-07-19,274,,
2025-11-01,IT,gdp_growth,0.783039135276795,A,2024-01-01,2024-12-31,2025-07-19,305,,
2025-12-01,IT,gdp_growth,0.783039135276795,A,2024-01-01,2024-12-31,2025-07-19,335,,
2020-01-01,PL,gdp_growth,,,,,,,,
2020-02-01,PL,gdp_growth,,,,,,,,
2020-03-01,PL,gdp_growth,,,,,,,,
2020-04-01,PL,gdp_growth,,,,,,,,
2020-05-01,PL,gdp_growth,,,,,,,,
2020-06-01,PL,gdp_growth,,,,,,,,
2020-07-01,PL,gdp_growth,,,,,,,,
2020-08-01,PL,gdp_growth,4.58045817256199,A,2019-01-01,2019-12-31,2020-07-18,214,,
2020-09-01,PL,gdp_growth,4.58045817256199,A,2019-01-01,2019-12-31,2020-07-18,245,,
2020-10-01,PL,gdp_growth,4.58045817256199,A,2019-01-01,2019-12-31,2020-07-18,275,,
2020-11-01,PL,gdp_growth,4.58045817256199,A,2019-01-01,2019-12-31,2020-07-18,306,,
2020-12-01,PL,gdp_growth,4.58045817256199,A,2019-01-01,2019-12-31,2020-07-18,336,,
2021-01-01,PL,gdp_growth,4.58045817256199,A,2019-01-01,2019-12-31,2020-07-18,367,,
2021-02-01,PL,gdp_growth,4.58045817256199,A,2019-01-01,2019-12-31,2020-07-18,398,,
2021-03-01,PL,gdp_growth,4.58045817256199,A,2019-01-01,2019-12-31,2020-07-18,426,,
2021-04-01,PL,gdp_growth,4.58045817256199,A,2019-01-01,2019-12-31,2020-07-18,457,,
2021-05-01,PL,gdp_growth,4.58045817256199,A,2019-01-01,2019-12-31,2020-07-18,487,,
2021-06-01,PL,gdp_growth,4.58045817256199,A,2019-01-01,2019-12-31,2020-07-18,518,,
2021-07-01,PL,gdp_growth,4.58045817256199,A,2019-01-01,2019-12-31,2020-07-18,548,,
2021-08-01,PL,gdp_growth,-2.03556882399977,A,2020-01-01,2020-12-31,2021-07-19,213,,
2021-09-01,PL,gdp_growth,-2.03556882399977,A,2020-01-01,2020-12-31,2021-07-19,244,,
2021-10-01,PL,gdp_growth,-2.03556882399977,A,2020-01-01,2020-12-31,2021-07-19,274,,
2021-11-01,PL,gdp_growth,-2.03556882399977,A,2020-01-01,2020-12-31,2021-07-19,305,,
2021-12-01,PL,gdp_growth,-2.03556882399977,A,2020-01-01,2020-12-31,2021-07-19,335,,
2022-01-01,PL,gdp_growth,-2.03556882399977,A,2020-01-01,2020-12-31,2021-07-19,366,,
2022-02-01,PL,gdp_growth,-2.03556882399977,A,2020-01-01,2020-12-31,2021-07-19,397,,
2022-03-01,PL,gdp_growth,-2.03556882399977,A,2020-01-01,2020-12-31,2021-07-19,425,,
2022-04-01,PL,gdp_growth,-2.03556882399977,A,2020-01-01,2020-12-31,2021-07-19,456,,
2022-05-01,PL,gdp_growth,-2.03556882399977,A,2020-01-01,2020-12-31,2021-07-19,486,,
2022-06-01,PL,gdp_growth,-2.03556882399977,A,2020-01-01,2020-12-31,2021-07-19,517,,
2022-07-01,PL,gdp_growth,-2.03556882399977,A,2020-01-01,2020-12-31,2021-07-19,547,,
2022-08-01,PL,gdp_growth,6.92718266052501,A,2021-01-01,2021-12-31,2022-07-19,213,,
2022-09-01,PL,gdp_growth,6.92718266052501,A,2021-01-01,2021-12-31,2022-07-19,244,,
2022-10-01,PL,gdp_growth,6.92718266052501,A,2021-01-01,2021-12-31,2022-07-19,274,,
2022-11-01,PL,gdp_growth,6.92718266052501,A,2021-01-01,2021-12-31,2022-07-19,305,,
2022-12-01,PL,gdp_growth,6.92718266052501,A,2021-01-01,2021-12-31,2022-07-19,335,,
2023-01-01,PL,gdp_growth,6.92718266052501,A,2021-01-01,2021-12-31,2022-07-19,366,,
2023-02-01,PL,gdp_growth,6.92718266052501,A,2021-01-01,2021-12-31,2022-07-19,397,,
2023-03-01,PL,gdp_growth,6.92718266052501,A,2021-01-01,2021-12-31,2022-07-19,425,,
2023-04-01,PL,gdp_growth,6.92718266052501,A,2021-01-01,2021-12-31,2022-07-19,456,,
2023-05-01,PL,gdp_growth,6.92718266052501,A,2021-01-01,2021-12-31,2022-07-19,486,,
2023-06-01,PL,gdp_growth,6.92718266052501,A,2021-01-01,2021-12-31,2022-07-19,517,,
2023-07-01,PL,gdp_growth,6.92718266052501,A,2021-01-01,2021-12-31,2022-07-19,547,,
2023-08-01,PL,gdp_growth,5.25545697386036,A,2022-01-01,2022-12-31,2023-07-19,213,,
2023-09-01,PL,gdp_growth,5.25545697386036,A,2022-01-01,2022-12-31,2023-07-19,244,,
2023-10-01,PL,gdp_growth,5.25545697386036,A,2022-01-01,2022-12-31,2023-07-19,274,,
2023-11-01,PL,gdp_growth,5.25545697386036,A,2022-01-01,2022-12-31,2023-07-19,305,,
2023-12-01,PL,gdp_growth,5.25545697386036,A,2022-01-01,2022-12-31,2023-07-19,335,,
2024-01-01,PL,gdp_growth,5.25545697386036,A,2022-01-01,2022-12-31,2023-07-19,366,,
2024-02-01,PL,gdp_growth,5.25545697386036,A,2022-01-01,2022-12-31,2023-07-19,397,,
2024-03-01,PL,gdp_growth,5.25545697386036,A,2022-01-01,2022-12-31,2023-07-19,426,,
2024-04-01,PL,gdp_growth,5.25545697386036,A,2022-01-01,2022-12-31,2023-07-19,457,,
2024-05-01,PL,gdp_growth,5.25545697386036,A,2022-01-01,2022-12-31,2023-07-19,487,,
2024-06-01,PL,gdp_growth,5.25545697386036,A,2022-01-01,2022-12-31,2023-07-19,518,,
2024-07-01,PL,gdp_growth,5.25545697386036,A,2022-01-01,2022-12-31,2023-07-19,548,,
2024-08-01,PL,gdp_growth,0.249610834017872,A,2023-01-01,2023-12-31,2024-07-18,214,,
2024-09-01,PL,gdp_growth,0.249610834017872,A,2023-01-01,2023-12-31,2024-07-18,245,,
2024-10-01,PL,gdp_growth,0.249610834017872,A,2023-01-01,2023-12-31,2024-07-18,275,,
2024-11-01,PL,gdp_growth,0.249610834017872,A,2023-01-01,2023-12-31,2024-07-18,306,,
2024-12-01,PL,gdp_growth,0.249610834017872,A,2023-01-01,2023-12-31,2024-07-18,336,,
2025-01-01,PL,gdp_growth,0.249610834017872,A,2023-01-01,2023-12-31,2024-07-18,367,,
2025-02-01,PL,gdp_growth,0.249610834017872,A,2023-01-01,2023-12-31,2024-07-18,398,,
2025-03-01,PL,gdp_growth,0.249610834017872,A,2023-01-01,2023-12-31,2024-07-18,426,,
2025-04-01,PL,gdp_growth,0.249610834017872,A,2023-01-01,2023-12-31,2024-07-18,457,,
2025-05-01,PL,gdp_growth,0.249610834017872,A,2023-01-01,2023-12-31,2024-07-18,487,,
2025-06-01,PL,gdp_growth,0.249610834017872,A,2023-01-01,2023-12-31,2024-07-18,518,,
2025-07-01,PL,gdp_growth,0.249610834017872,A,2023-01-01,2023-12-31,2024-07-18,548,,
2025-08-01,PL,gdp_growth,3.02841630700273,A,2024-01-01,2024-12-31,2025-07-19,213,,
2025-09-01,PL,gdp_growth,3.02841630700273,A,2024-01-01,2024-12-31,2025-07-19,244,,
2025-10-01,PL,gdp_growth,3.02841630700273,A,2024-01-01,2024-12-31,2025-07-19,274,,
2025-11-01,PL,gdp_growth,3.02841630700273,A,2024-01-01,2024-12-31,2025-07-19,305,,
2025-12-01,PL,gdp_growth,3.02841630700273,A,2024-01-01,2024-12-31,2025-07-19,335,,
2020-01-01,RO,gdp_growth,,,,,,,,
2020-02-01,RO,gdp_growth,,,,,,,,
2020-03-01,RO,gdp_growth,,,,,,,,
2020-04-01,RO,gdp_growth,,,,,,,,
2020-05-01,RO,gdp_growth,,,,,,,,
2020-06-01,RO,gdp_growth,,,,,,,,
2020-07-01,RO,gdp_growth,,,,,,,,
2020-08-01,RO,gdp_growth,3.96028958497598,A,2019-01-01,2019-12-31,2020-07-18,214,,
2020-09-01,RO,gdp_growth,3.96028958497598,A,2019-01-01,2019-12-31,2020-07-18,245,,
2020-10-01,RO,gdp_growth,3.96028958497598,A,2019-01-01,2019-12-31,2020-07-18,275,,
2020-11-01,RO,gdp_growth,3.96028958497598,A,2019-01-01,2019-12-31,2020-07-18,306,,
2020-12-01,RO,gdp_growth,3.96028958497598,A,2019-01-01,2019-12-31,2020-07-18,336,,
2021-01-01,RO,gdp_growth,3.96028958497598,A,2019-01-01,2019-12-31,2020-07-18,367,,
2021-02-01,RO,gdp_growth,3.96028958497598,A,2019-01-01,2019-12-31,2020-07-18,398,,
2021-03-01,RO,gdp_growth,3.96028958497598,A,2019-01-01,2019-12-31,2020-07-18,426,,
2021-04-01,RO,gdp_growth,3.96028958497598,A,2019-01-01,2019-12-31,2020-07-18,457,,
2021-05-01,RO,gdp_growth,3.96028958497598,A,2019-01-01,2019-12-31,2020-07-18,487,,
2021-06-01,RO,gdp_growth,3.96028958497598,A,2019-01-01,2019-12-31,2020-07-18,518,,
2021-07-01,RO,gdp_growth,3.96028958497598,A,2019-01-01,2019-12-31,2020-07-18,548,,
2021-08-01,RO,gdp_growth,-3.59802546034757,A,2020-01-01,2020-12-31,2021-07-19,213,,
2021-09-01,RO,gdp_growth,-3.59802546034757,A,2020-01-01,2020-12-31,2021-07-19,244,,
2021-10-01,RO,gdp_growth,-3.59802546034757,A,2020-01-01,2020-12-31,2021-07-19,274,,
2021-11-01,RO,gdp_growth,-3.59802546034757,A,2020-01-01,2020-12-31,2021-07-19,305,,
2021-12-01,RO,gdp_growth,-3.59802546034757,A,2020-01-01,2020-12-31,2021-07-19,335,,
2022-01-01,RO,gdp_growth,-3.59802546034757,A,2020-01-01,2020-12-31,2021-07-19,366,,
2022-02-01,RO,gdp_growth,-3.59802546034757,A,2020-01-01,2020-12-31,2021-07-19,397,,
2022-03-01,RO,gdp_growth,-3.59802546034757,A,2020-01-01,2020-12-31,2021-07-19,425,,
2022-04-01,RO,gdp_growth,-3.59802546034757,A,2020-01-01,2020-12-31,2021-07-19,456,,
2022-05-01,RO,gdp_growth,-3.59802546034757,A,2020-01-01,2020-12-31,2021-07-19,486,,
2022-06-01,RO,gdp_growth,-3.59802546034757,A,2020-01-01,2020-12-31,2021-07-19,517,,
2022-07-01,RO,gdp_growth,-3.59802546034757,A,2020-01-01,2020-12-31,2021-07-19,547,,
2022-08-01,RO,gdp_growth,5.58735072538869,A,2021-01-01,2021-12-31,2022-07-19,213,,
2022-09-01,RO,gdp_growth,5.58735072538869,A,2021-01-01,2021-12-31,2022-07-19,244,,
2022-10-01,RO,gdp_growth,5.58735072538869,A,2021-01-01,2021-12-31,2022-07-19,274,,
2022-11-01,RO,gdp_growth,5.58735072538869,A,2021-01-01,2021-12-31,2022-07-19,305,,
2022-12-01,RO,gdp_growth,5.58735072538869,A,2021-01-01,2021-12-31,2022-07-19,335,,
2023-01-01,RO,gdp_growth,5.58735072538869,A,2021-01-01,2021-12-31,2022-07-19,366,,
2023-02-01,RO,gdp_growth,5.58735072538869,A,2021-01-01,2021-12-31,2022-07-19,397,,
2023-03-01,RO,gdp_growth,5.58735072538869,A,2021-01-01,2021-12-31,2022-07-19,425,,
2023-04-01,RO,gdp_growth,5.58735072538869,A,2021-01-01,2021-12-31,2022-07-19,456,,
2023-05-01,RO,gdp_growth,5.58735072538869,A,2021-01-01,2021-12-31,2022-07-19,486,,
2023-06-01,RO,gdp_growth,5.58735072538869,A,2021-01-01,2021-12-31,2022-07-19,517,,
2023-07-01,RO,gdp_growth,5.58735072538869,A,2021-01-01,2021-12-31,2022-07-19,547,,
2023-08-01,RO,gdp_growth,4.18771305104109,A,2022-01-01,2022-12-31,2023-07-19,213,,
2023-09-01,RO,gdp_growth,4.18771305104109,A,2022-01-01,2022-12-31,2023-07-19,244,,
2023-10-01,RO,gdp_growth,4.18771305104109,A,2022-01-01,2022-12-31,2023-07-19,274,,
2023-11-01,RO,gdp_growth,4.18771305104109,A,2022-01-01,2022-12-31,2023-07-19,305,,
2023-12-01,RO,gdp_growth,4.18771305104109,A,2022-01-01,2022-12-31,2023-07-19,335,,
2024-01-01,RO,gdp_growth,4.18771305104109,A,2022-01-01,2022-12-31,2023-07-19,366,,
2024-02-01,RO,gdp_growth,4.18771305104109,A,2022-01-01,2022-12-31,2023-07-19,397,,
2024-03-01,RO,gdp_growth,4.18771305104109,A,2022-01-01,2022-12-31,2023-07-19,426,,
2024-04-01,RO,gdp_growth,4.18771305104109,A,2022-01-01,2022-12-31,2023-07-19,457,,
2024-05-01,RO,gdp_growth,4.18771305104109,A,2022-01-01,2022-12-31,2023-07-19,487,,
2024-06-01,RO,gdp_growth,4.18771305104109,A,2022-01-01,2022-12-31,2023-07-19,518,,
2024-07-01,RO,gdp_growth,4.18771305104109,A,2022-01-01,2022-12-31,2023-07-19,548,,
2024-08-01,RO,gdp_growth,2.25773416555121,A,2023-01-01,2023-12-31,2024-07-18,214,,
2024-09-01,RO,gdp_growth,2.25773416555121,A,2023-01-01,2023-12-31,2024-07-18,245,,
2024-10-01,RO,gdp_growth,2.25773416555121,A,2023-01-01,2023-12-31,2024-07-18,275,,
2024-11-01,RO,gdp_growth,2.25773416555121,A,2023-01-01,2023-12-31,2024-07-18,306,,
2024-12-01,RO,gdp_growth,2.25773416555121,A,2023-01-01,2023-12-31,2024-07-18,336,,
2025-01-01,RO,gdp_growth,2.25773416555121,A,2023-01-01,2023-12-31,2024-07-18,367,,
2025-02-01,RO,gdp_growth,2.25773416555121,A,2023-01-01,2023-12-31,2024-07-18,398,,
2025-03-01,RO,gdp_growth,2.25773416555121,A,2023-01-01,2023-12-31,2024-07-18,426,,
2025-04-01,RO,gdp_growth,2.25773416555121,A,2023-01-01,2023-12-31,2024-07-18,457,,
2025-05-01,RO,gdp_growth,2.25773416555121,A,2023-01-01,2023-12-31,2024-07-18,487,,
2025-06-01,RO,gdp_growth,2.25773416555121,A,2023-01-01,2023-12-31,2024-07-18,518,,
2025-07-01,RO,gdp_growth,2.25773416555121,A,2023-01-01,2023-12-31,2024-07-18,548,,
2025-08-01,RO,gdp_growth,0.916003764382594,A,2024-01-01,2024-12-31,2025-07-19,213,,
2025-09-01,RO,gdp_growth,0.916003764382594,A,2024-01-01,2024-12-31,2025-07-19,244,,
2025-10-01,RO,gdp_growth,0.916003764382594,A,2024-01-01,2024-12-31,2025-07-19,274,,
2025-11-01,RO,gdp_growth,0.916003764382594,A,2024-01-01,2024-12-31,2025-07-19,305,,
2025-12-01,RO,gdp_growth,0.916003764382594,A,2024-01-01,2024-12-31,2025-07-19,335,,
2020-01-01,BG,hicp_inflation_first_release,2.2,M,2019-11-01,2019-11-30,2019-12-25,32,,
2020-02-01,BG,hicp_inflation_first_release,3.1,M,2019-12-01,2019-12-31,2020-01-25,32,,
2020-03-01,BG,hicp_inflation_first_release,3.4,M,2020-01-01,2020-01-31,2020-02-25,30,,
2020-04-01,BG,hicp_inflation_first_release,3.1,M,2020-02-01,2020-02-29,2020-03-25,32,,
2020-05-01,BG,hicp_inflation_first_release,2.4,M,2020-03-01,2020-03-31,2020-04-25,31,,
2020-06-01,BG,hicp_inflation_first_release,1.3,M,2020-04-01,2020-04-30,2020-05-25,32,,
2020-07-01,BG,hicp_inflation_first_release,1.0,M,2020-05-01,2020-05-31,2020-06-25,31,,
2020-08-01,BG,hicp_inflation_first_release,0.9,M,2020-06-01,2020-06-30,2020-07-25,32,,
2020-09-01,BG,hicp_inflation_first_release,0.4,M,2020-07-01,2020-07-31,2020-08-25,32,,
2020-10-01,BG,hicp_inflation_first_release,0.7,M,2020-08-01,2020-08-31,2020-09-25,31,,
2020-11-01,BG,hicp_inflation_first_release,0.6,M,2020-09-01,2020-09-30,2020-10-25,32,,
2020-12-01,BG,hicp_inflation_first_release,0.6,M,2020-10-01,2020-10-31,2020-11-25,31,,
2021-01-01,BG,hicp_inflation_first_release,0.3,M,2020-11-01,2020-11-30,2020-12-25,32,,
2021-02-01,BG,hicp_inflation_first_release,0.0,M,2020-12-01,2020-12-31,2021-01-25,32,,
2021-03-01,BG,hicp_inflation_first_release,-0.3,M,2021-01-01,2021-01-31,2021-02-25,29,,
2021-04-01,BG,hicp_inflation_first_release,0.2,M,2021-02-01,2021-02-28,2021-03-25,32,,
2021-05-01,BG,hicp_inflation_first_release,0.8,M,2021-03-01,2021-03-31,2021-04-25,31,,
2021-06-01,BG,hicp_inflation_first_release,1.9,M,2021-04-01,2021-04-30,2021-05-25,32,,
2021-07-01,BG,hicp_inflation_first_release,2.3,M,2021-05-01,2021-05-31,2021-06-25,31,,
2021-08-01,BG,hicp_inflation_first_release,2.4,M,2021-06-01,2021-06-30,2021-07-25,32,,
2021-09-01,BG,hicp_inflation_first_release,2.2,M,2021-07-01,2021-07-31,2021-08-25,32,,
2021-10-01,BG,hicp_inflation_first_release,2.5,M,2021-08-01,2021-08-31,2021-09-25,31,,
2021-11-01,BG,hicp_inflation_first_release,4.0,M,2021-09-01,2021-09-30,2021-10-25,32,,
2021-12-01,BG,hicp_inflation_first_release,5.2,M,2021-10-01,2021-10-31,2021-11-25,31,,
2022-01-01,BG,hicp_inflation_first_release,6.3,M,2021-11-01,2021-11-30,2021-12-25,32,,
2022-02-01,BG,hicp_inflation_first_release,6.6,M,2021-12-01,2021-12-31,2022-01-25,32,,
2022-03-01,BG,hicp_inflation_first_release,7.7,M,2022-01-01,2022-01-31,2022-02-25,29,,
2022-04-01,BG,hicp_inflation_first_release,8.4,M,2022-02-01,2022-02-28,2022-03-25,32,,
2022-05-01,BG,hicp_inflation_first_release,10.5,M,2022-03-01,2022-03-31,2022-04-25,31,,
2022-06-01,BG,hicp_inflation_first_release,12.1,M,2022-04-01,2022-04-30,2022-05-25,32,,
2022-07-01,BG,hicp_inflation_first_release,13.4,M,2022-05-01,2022-05-31,2022-06-25,31,,
2022-08-01,BG,hicp_inflation_first_release,14.8,M,2022-06-01,2022-06-30,2022-07-25,32,,
2022-09-01,BG,hicp_inflation_first_release,14.9,M,2022-07-01,2022-07-31,2022-08-25,32,,
2022-10-01,BG,hicp_inflation_first_release,15.0,M,2022-08-01,2022-08-31,2022-09-25,31,,
2022-11-01,BG,hicp_inflation_first_release,15.6,M,2022-09-01,2022-09-30,2022-10-25,32,,
2022-12-01,BG,hicp_inflation_first_release,14.8,M,2022-10-01,2022-10-31,2022-11-25,31,,
2023-01-01,BG,hicp_inflation_first_release,14.3,M,2022-11-01,2022-11-30,2022-12-25,32,,
2023-02-01,BG,hicp_inflation_first_release,14.3,M,2022-12-01,2022-12-31,2023-01-25,32,,
2023-03-01,BG,hicp_inflation_first_release,14.3,M,2023-01-01,2023-01-31,2023-02-25,29,,
2023-04-01,BG,hicp_inflation_first_release,13.7,M,2023-02-01,2023-02-28,2023-03-25,32,,
2023-05-01,BG,hicp_inflation_first_release,12.1,M,2023-03-01,2023-03-31,2023-04-25,31,,
2023-06-01,BG,hicp_inflation_first_release,10.3,M,2023-04-01,2023-04-30,2023-05-25,32,,
2023-07-01,BG,hicp_inflation_first_release,8.6,M,2023-05-01,2023-05-31,2023-06-25,31,,
2023-08-01,BG,hicp_inflation_first_release,7.5,M,2023-06-01,2023-06-30,2023-07-25,32,,
2023-09-01,BG,hicp_inflation_first_release,7.8,M,2023-07-01,2023-07-31,2023-08-25,32,,
2023-10-01,BG,hicp_inflation_first_release,7.5,M,2023-08-01,2023-08-31,2023-09-25,31,,
2023-11-01,BG,hicp_inflation_first_release,6.4,M,2023-09-01,2023-09-30,2023-10-25,32,,
2023-12-01,BG,hicp_inflation_first_release,5.9,M,2023-10-01,2023-10-31,2023-11-25,31,,
2024-01-01,BG,hicp_inflation_first_release,5.5,M,2023-11-01,2023-11-30,2023-12-25,32,,
2024-02-01,BG,hicp_inflation_first_release,5.0,M,2023-12-01,2023-12-31,2024-01-25,32,,
2024-03-01,BG,hicp_inflation_first_release,3.9,M,2024-01-01,2024-01-31,2024-02-25,30,,
2024-04-01,BG,hicp_inflation_first_release,3.5,M,2024-02-01,2024-02-29,2024-03-25,32,,
2024-05-01,BG,hicp_inflation_first_release,3.1,M,2024-03-01,2024-03-31,2024-04-25,31,,
2024-06-01,BG,hicp_inflation_first_release,2.5,M,2024-04-01,2024-04-30,2024-05-25,32,,
2024-07-01,BG,hicp_inflation_first_release,2.7,M,2024-05-01,2024-05-31,2024-06-25,31,,
2024-08-01,BG,hicp_inflation_first_release,2.8,M,2024-06-01,2024-06-30,2024-07-25,32,,
2024-09-01,BG,hicp_inflation_first_release,2.8,M,2024-07-01,2024-07-31,2024-08-25,32,,
2024-10-01,BG,hicp_inflation_first_release,2.4,M,2024-08-01,2024-08-31,2024-09-25,31,,
2024-11-01,BG,hicp_inflation_first_release,1.5,M,2024-09-01,2024-09-30,2024-10-25,32,,
2024-12-01,BG,hicp_inflation_first_release,2.0,M,2024-10-01,2024-10-31,2024-11-25,31,,
2025-01-01,BG,hicp_inflation_first_release,2.0,M,2024-11-01,2024-11-30,2024-12-25,32,,
2025-02-01,BG,hicp_inflation_first_release,2.1,M,2024-12-01,2024-12-31,2025-01-25,32,,
2025-03-01,BG,hicp_inflation_first_release,3.8,M,2025-01-01,2025-01-31,2025-02-25,29,,
2025-04-01,BG,hicp_inflation_first_release,3.9,M,2025-02-01,2025-02-28,2025-03-25,32,,
2025-05-01,BG,hicp_inflation_first_release,4.0,M,2025-03-01,2025-03-31,2025-04-25,31,,
2025-06-01,BG,hicp_inflation_first_release,2.8,M,2025-04-01,2025-04-30,2025-05-25,32,,
2025-07-01,BG,hicp_inflation_first_release,2.9,M,2025-05-01,2025-05-31,2025-06-25,31,,
2025-08-01,BG,hicp_inflation_first_release,3.1,M,2025-06-01,2025-06-30,2025-07-25,32,,
2025-09-01,BG,hicp_inflation_first_release,3.4,M,2025-07-01,2025-07-31,2025-08-25,32,,
2025-10-01,BG,hicp_inflation_first_release,3.5,M,2025-08-01,2025-08-31,2025-09-25,31,,
2025-11-01,BG,hicp_inflation_first_release,4.0,M,2025-09-01,2025-09-30,2025-10-25,32,,
2025-12-01,BG,hicp_inflation_first_release,3.8,M,2025-10-01,2025-10-31,2025-11-25,31,,
2020-01-01,GR,hicp_inflation_first_release,0.5,M,2019-11-01,2019-11-30,2019-12-25,32,,
2020-02-01,GR,hicp_inflation_first_release,1.1,M,2019-12-01,2019-12-31,2020-01-25,32,,
2020-03-01,GR,hicp_inflation_first_release,1.1,M,2020-01-01,2020-01-31,2020-02-25,30,,
2020-04-01,GR,hicp_inflation_first_release,0.4,M,2020-02-01,2020-02-29,2020-03-25,32,,
2020-05-01,GR,hicp_inflation_first_release,0.2,M,2020-03-01,2020-03-31,2020-04-25,31,,
2020-06-01,GR,hicp_inflation_first_release,-0.9,M,2020-04-01,2020-04-30,2020-05-25,32,,
2020-07-01,GR,hicp_inflation_first_release,-0.7,M,2020-05-01,2020-05-31,2020-06-25,31,,
2020-08-01,GR,hicp_inflation_first_release,-1.9,M,2020-06-01,2020-06-30,2020-07-25,32,,
2020-09-01,GR,hicp_inflation_first_release,-2.1,M,2020-07-01,2020-07-31,2020-08-25,32,,
2020-10-01,GR,hicp_inflation_first_release,-2.2,M,2020-08-01,2020-08-31,2020-09-25,31,,
2020-11-01,GR,hicp_inflation_first_release,-2.3,M,2020-09-01,2020-09-30,2020-10-25,32,,
2020-12-01,GR,hicp_inflation_first_release,-2.0,M,2020-10-01,2020-10-31,2020-11-25,31,,
2021-01-01,GR,hicp_inflation_first_release,-2.1,M,2020-11-01,2020-11-30,2020-12-25,32,,
2021-02-01,GR,hicp_inflation_first_release,-2.4,M,2020-12-01,2020-12-31,2021-01-25,32,,
2021-03-01,GR,hicp_inflation_first_release,-2.4,M,2021-01-01,2021-01-31,2021-02-25,29,,
2021-04-01,GR,hicp_inflation_first_release,-1.9,M,2021-02-01,2021-02-28,2021-03-25,32,,
2021-05-01,GR,hicp_inflation_first_release,-2.0,M,2021-03-01,2021-03-31,2021-04-25,31,,
2021-06-01,GR,hicp_inflation_first_release,-1.1,M,2021-04-01,2021-04-30,2021-05-25,32,,
2021-07-01,GR,hicp_inflation_first_release,-1.2,M,2021-05-01,2021-05-31,2021-06-25,31,,
2021-08-01,GR,hicp_inflation_first_release,0.6,M,2021-06-01,2021-06-30,2021-07-25,32,,
2021-09-01,GR,hicp_inflation_first_release,0.7,M,2021-07-01,2021-07-31,2021-08-25,32,,
2021-10-01,GR,hicp_inflation_first_release,1.2,M,2021-08-01,2021-08-31,2021-09-25,31,,
2021-11-01,GR,hicp_inflation_first_release,1.9,M,2021-09-01,2021-09-30,2021-10-25,32,,
2021-12-01,GR,hicp_inflation_first_release,2.8,M,2021-10-01,2021-10-31,2021-11-25,31,,
2022-01-01,GR,hicp_inflation_first_release,4.0,M,2021-11-01,2021-11-30,2021-12-25,32,,
2022-02-01,GR,hicp_inflation_first_release,4.4,M,2021-12-01,2021-12-31,2022-01-25,32,,
2022-03-01,GR,hicp_inflation_first_release,5.5,M,2022-01-01,2022-01-31,2022-02-25,29,,
2022-04-01,GR,hicp_inflation_first_release,6.3,M,2022-02-01,2022-02-28,2022-03-25,32,,
2022-05-01,GR,hicp_inflation_first_release,8.0,M,2022-03-01,2022-03-31,2022-04-25,31,,
2022-06-01,GR,hicp_inflation_first_release,9.1,M,2022-04-01,2022-04-30,2022-05-25,32,,
2022-07-01,GR,hicp_inflation_first_release,10.5,M,2022-05-01,2022-05-31,2022-06-25,31,,
2022-08-01,GR,hicp_inflation_first_release,11.6,M,2022-06-01,2022-06-30,2022-07-25,32,,
2022-09-01,GR,hicp_inflation_first_release,11.3,M,2022-07-01,2022-07-31,2022-08-25,32,,
2022-10-01,GR,hicp_inflation_first_release,11.2,M,2022-08-01,2022-08-31,2022-09-25,31,,
2022-11-01,GR,hicp_inflation_first_release,12.1,M,2022-09-01,2022-09-30,2022-10-25,32,,
2022-12-01,GR,hicp_inflation_first_release,9.5,M,2022-10-01,2022-10-31,2022-11-25,31,,
2023-01-01,GR,hicp_inflation_first_release,8.8,M,2022-11-01,2022-11-30,2022-12-25,32,,
2023-02-01,GR,hicp_inflation_first_release,7.6,M,2022-12-01,2022-12-31,2023-01-25,32,,
2023-03-01,GR,hicp_inflation_first_release,7.3,M,2023-01-01,2023-01-31,2023-02-25,29,,
2023-04-01,GR,hicp_inflation_first_release,6.5,M,2023-02-01,2023-02-28,2023-03-25,32,,
2023-05-01,GR,hicp_inflation_first_release,5.4,M,2023-03-01,2023-03-31,2023-04-25,31,,
2023-06-01,GR,hicp_inflation_first_release,4.5,M,2023-04-01,2023-04-30,2023-05-25,32,,
2023-07-01,GR,hicp_inflation_first_release,4.1,M,2023-05-01,2023-05-31,2023-06-25,31,,
2023-08-01,GR,hicp_inflation_first_release,2.8,M,2023-06-01,2023-06-30,2023-07-25,32,,
2023-09-01,GR,hicp_inflation_first_release,3.5,M,2023-07-01,2023-07-31,2023-08-25,32,,
2023-10-01,GR,hicp_inflation_first_release,3.5,M,2023-08-01,2023-08-31,2023-09-25,31,,
2023-11-01,GR,hicp_inflation_first_release,2.4,M,2023-09-01,2023-09-30,2023-10-25,32,,
2023-12-01,GR,hicp_inflation_first_release,3.8,M,2023-10-01,2023-10-31,2023-11-25,31,,
2024-01-01,GR,hicp_inflation_first_release,2.9,M,2023-11-01,2023-11-30,2023-12-25,32,,
2024-02-01,GR,hicp_inflation_first_release,3.7,M,2023-12-01,2023-12-31,2024-01-25,32,,
2024-03-01,GR,hicp_inflation_first_release,3.2,M,2024-01-01,2024-01-31,2024-02-25,30,,
2024-04-01,GR,hicp_inflation_first_release,3.1,M,2024-02-01,2024-02-29,2024-03-25,32,,
2024-05-01,GR,hicp_inflation_first_release,3.4,M,2024-03-01,2024-03-31,2024-04-25,31,,
2024-06-01,GR,hicp_inflation_first_release,3.2,M,2024-04-01,2024-04-30,2024-05-25,32,,
2024-07-01,GR,hicp_inflation_first_release,2.4,M,2024-05-01,2024-05-31,2024-06-25,31,,
2024-08-01,GR,hicp_inflation_first_release,2.5,M,2024-06-01,2024-06-30,2024-07-25,32,,
2024-09-01,GR,hicp_inflation_first_release,3.0,M,2024-07-01,2024-07-31,2024-08-25,32,,
2024-10-01,GR,hicp_inflation_first_release,3.2,M,2024-08-01,2024-08-31,2024-09-25,31,,
2024-11-01,GR,hicp_inflation_first_release,3.1,M,2024-09-01,2024-09-30,2024-10-25,32,,
2024-12-01,GR,hicp_inflation_first_release,3.1,M,2024-10-01,2024-10-31,2024-11-25,31,,
2025-01-01,GR,hicp_inflation_first_release,3.0,M,2024-11-01,2024-11-30,2024-12-25,32,,
2025-02-01,GR,hicp_inflation_first_release,2.9,M,2024-12-01,2024-12-31,2025-01-25,32,,
2025-03-01,GR,hicp_inflation_first_release,3.1,M,2025-01-01,2025-01-31,2025-02-25,29,,
2025-04-01,GR,hicp_inflation_first_release,3.0,M,2025-02-01,2025-02-28,2025-03-25,32,,
2025-05-01,GR,hicp_inflation_first_release,3.1,M,2025-03-01,2025-03-31,2025-04-25,31,,
2025-06-01,GR,hicp_inflation_first_release,2.6,M,2025-04-01,2025-04-30,2025-05-25,32,,
2025-07-01,GR,hicp_inflation_first_release,3.3,M,2025-05-01,2025-05-31,2025-06-25,31,,
2025-08-01,GR,hicp_inflation_first_release,3.6,M,2025-06-01,2025-06-30,2025-07-25,32,,
2025-09-01,GR,hicp_inflation_first_release,3.7,M,2025-07-01,2025-07-31,2025-08-25,32,,
2025-10-01,GR,hicp_inflation_first_release,3.1,M,2025-08-01,2025-08-31,2025-09-25,31,,
2025-11-01,GR,hicp_inflation_first_release,1.8,M,2025-09-01,2025-09-30,2025-10-25,32,,
2025-12-01,GR,hicp_inflation_first_release,1.6,M,2025-10-01,2025-10-31,2025-11-25,31,,
2020-01-01,IE,hicp_inflation_first_release,0.8,M,2019-11-01,2019-11-30,2019-12-25,32,,
2020-02-01,IE,hicp_inflation_first_release,1.1,M,2019-12-01,2019-12-31,2020-01-25,32,,
2020-03-01,IE,hicp_inflation_first_release,1.1,M,2020-01-01,2020-01-31,2020-02-25,30,,
2020-04-01,IE,hicp_inflation_first_release,0.9,M,2020-02-01,2020-02-29,2020-03-25,32,,
2020-05-01,IE,hicp_inflation_first_release,0.5,M,2020-03-01,2020-03-31,2020-04-25,31,,
2020-06-01,IE,hicp_inflation_first_release,-0.3,M,2020-04-01,2020-04-30,2020-05-25,32,,
2020-07-01,IE,hicp_inflation_first_release,-0.8,M,2020-05-01,2020-05-31,2020-06-25,31,,
2020-08-01,IE,hicp_inflation_first_release,-0.7,M,2020-06-01,2020-06-30,2020-07-25,32,,
2020-09-01,IE,hicp_inflation_first_release,-0.5,M,2020-07-01,2020-07-31,2020-08-25,32,,
2020-10-01,IE,hicp_inflation_first_release,-1.1,M,2020-08-01,2020-08-31,2020-09-25,31,,
2020-11-01,IE,hicp_inflation_first_release,-1.2,M,2020-09-01,2020-09-30,2020-10-25,32,,
2020-12-01,IE,hicp_inflation_first_release,-1.5,M,2020-10-01,2020-10-31,2020-11-25,31,,
2021-01-01,IE,hicp_inflation_first_release,-1.0,M,2020-11-01,2020-11-30,2020-12-25,32,,
2021-02-01,IE,hicp_inflation_first_release,-1.0,M,2020-12-01,2020-12-31,2021-01-25,32,,
2021-03-01,IE,hicp_inflation_first_release,-0.1,M,2021-01-01,2021-01-31,2021-02-25,29,,
2021-04-01,IE,hicp_inflation_first_release,-0.4,M,2021-02-01,2021-02-28,2021-03-25,32,,
2021-05-01,IE,hicp_inflation_first_release,0.1,M,2021-03-01,2021-03-31,2021-04-25,31,,
2021-06-01,IE,hicp_inflation_first_release,1.1,M,2021-04-01,2021-04-30,2021-05-25,32,,
2021-07-01,IE,hicp_inflation_first_release,1.9,M,2021-05-01,2021-05-31,2021-06-25,31,,
2021-08-01,IE,hicp_inflation_first_release,1.6,M,2021-06-01,2021-06-30,2021-07-25,32,,
2021-09-01,IE,hicp_inflation_first_release,2.1,M,2021-07-01,2021-07-31,2021-08-25,32,,
2021-10-01,IE,hicp_inflation_first_release,3.0,M,2021-08-01,2021-08-31,2021-09-25,31,,
2021-11-01,IE,hicp_inflation_first_release,3.8,M,2021-09-01,2021-09-30,2021-10-25,32,,
2021-12-01,IE,hicp_inflation_first_release,5.1,M,2021-10-01,2021-10-31,2021-11-25,31,,
2022-01-01,IE,hicp_inflation_first_release,5.4,M,2021-11-01,2021-11-30,2021-12-25,32,,
2022-02-01,IE,hicp_inflation_first_release,5.7,M,2021-12-01,2021-12-31,2022-01-25,32,,
2022-03-01,IE,hicp_inflation_first_release,5.1,M,2022-01-01,2022-01-31,2022-02-25,29,,
2022-04-01,IE,hicp_inflation_first_release,5.7,M,2022-02-01,2022-02-28,2022-03-25,32,,
2022-05-01,IE,hicp_inflation_first_release,7.0,M,2022-03-01,2022-03-31,2022-04-25,31,,
2022-06-01,IE,hicp_inflation_first_release,7.3,M,2022-04-01,2022-04-30,2022-05-25,32,,
2022-07-01,IE,hicp_inflation_first_release,8.2,M,2022-05-01,2022-05-31,2022-06-25,31,,
2022-08-01,IE,hicp_inflation_first_release,9.5,M,2022-06-01,2022-06-30,2022-07-25,32,,
2022-09-01,IE,hicp_inflation_first_release,9.7,M,2022-07-01,2022-07-31,2022-08-25,32,,
2022-10-01,IE,hicp_inflation_first_release,9.1,M,2022-08-01,2022-08-31,2022-09-25,31,,
2022-11-01,IE,hicp_inflation_first_release,8.6,M,2022-09-01,2022-09-30,2022-10-25,32,,
2022-12-01,IE,hicp_inflation_first_release,9.4,M,2022-10-01,2022-10-31,2022-11-25,31,,
2023-01-01,IE,hicp_inflation_first_release,9.0,M,2022-11-01,2022-11-30,2022-12-25,32,,
2023-02-01,IE,hicp_inflation_first_release,8.2,M,2022-12-01,2022-12-31,2023-01-25,32,,
2023-03-01,IE,hicp_inflation_first_release,7.5,M,2023-01-01,2023-01-31,2023-02-25,29,,
2023-04-01,IE,hicp_inflation_first_release,8.1,M,2023-02-01,2023-02-28,2023-03-25,32,,
2023-05-01,IE,hicp_inflation_first_release,7.0,M,2023-03-01,2023-03-31,2023-04-25,31,,
2023-06-01,IE,hicp_inflation_first_release,6.2,M,2023-04-01,2023-04-30,2023-05-25,32,,
2023-07-01,IE,hicp_inflation_first_release,5.4,M,2023-05-01,2023-05-31,2023-06-25,31,,
2023-08-01,IE,hicp_inflation_first_release,4.9,M,2023-06-01,2023-06-30,2023-07-25,32,,
2023-09-01,IE,hicp_inflation_first_release,4.5,M,2023-07-01,2023-07-31,2023-08-25,32,,
2023-10-01,IE,hicp_inflation_first_release,4.9,M,2023-08-01,2023-08-31,2023-09-25,31,,
2023-11-01,IE,hicp_inflation_first_release,5.0,M,2023-09-01,2023-09-30,2023-10-25,32,,
2023-12-01,IE,hicp_inflation_first_release,3.6,M,2023-10-01,2023-10-31,2023-11-25,31,,
2024-01-01,IE,hicp_inflation_first_release,2.4,M,2023-11-01,2023-11-30,2023-12-25,32,,
2024-02-01,IE,hicp_inflation_first_release,3.2,M,2023-12-01,2023-12-31,2024-01-25,32,,
2024-03-01,IE,hicp_inflation_first_release,2.8,M,2024-01-01,2024-01-31,2024-02-25,30,,
2024-04-01,IE,hicp_inflation_first_release,2.3,M,2024-02-01,2024-02-29,2024-03-25,32,,
2024-05-01,IE,hicp_inflation_first_release,1.7,M,2024-03-01,2024-03-31,2024-04-25,31,,
2024-06-01,IE,hicp_inflation_first_release,1.6,M,2024-04-01,2024-04-30,2024-05-25,32,,
2024-07-01,IE,hicp_inflation_first_release,1.9,M,2024-05-01,2024-05-31,2024-06-25,31,,
2024-08-01,IE,hicp_inflation_first_release,1.5,M,2024-06-01,2024-06-30,2024-07-25,32,,
2024-09-01,IE,hicp_inflation_first_release,1.5,M,2024-07-01,2024-07-31,2024-08-25,32,,
2024-10-01,IE,hicp_inflation_first_release,1.1,M,2024-08-01,2024-08-31,2024-09-25,31,,
2024-11-01,IE,hicp_inflation_first_release,0.0,M,2024-09-01,2024-09-30,2024-10-25,32,,
2024-12-01,IE,hicp_inflation_first_release,0.2,M,2024-10-01,2024-10-31,2024-11-25,31,,
2025-01-01,IE,hicp_inflation_first_release,0.5,M,2024-11-01,2024-11-30,2024-12-25,32,,
2025-02-01,IE,hicp_inflation_first_release,1.0,M,2024-12-01,2024-12-31,2025-01-25,32,,
2025-03-01,IE,hicp_inflation_first_release,1.7,M,2025-01-01,2025-01-31,2025-02-25,29,,
2025-04-01,IE,hicp_inflation_first_release,1.5,M,2025-02-01,2025-02-28,2025-03-25,32,,
2025-05-01,IE,hicp_inflation_first_release,1.8,M,2025-03-01,2025-03-31,2025-04-25,31,,
2025-06-01,IE,hicp_inflation_first_release,2.1,M,2025-04-01,2025-04-30,2025-05-25,32,,
2025-07-01,IE,hicp_inflation_first_release,1.4,M,2025-05-01,2025-05-31,2025-06-25,31,,
2025-08-01,IE,hicp_inflation_first_release,1.6,M,2025-06-01,2025-06-30,2025-07-25,32,,
2025-09-01,IE,hicp_inflation_first_release,1.6,M,2025-07-01,2025-07-31,2025-08-25,32,,
2025-10-01,IE,hicp_inflation_first_release,1.9,M,2025-08-01,2025-08-31,2025-09-25,31,,
2025-11-01,IE,hicp_inflation_first_release,2.7,M,2025-09-01,2025-09-30,2025-10-25,32,,
2025-12-01,IE,hicp_inflation_first_release,2.8,M,2025-10-01,2025-10-31,2025-11-25,31,,
2020-01-01,IT,hicp_inflation_first_release,0.2,M,2019-11-01,2019-11-30,2019-12-25,32,,
2020-02-01,IT,hicp_inflation_first_release,0.5,M,2019-12-01,2019-12-31,2020-01-25,32,,
2020-03-01,IT,hicp_inflation_first_release,0.4,M,2020-01-01,2020-01-31,2020-02-25,30,,
2020-04-01,IT,hicp_inflation_first_release,0.1,M,2020-02-01,2020-02-29,2020-03-25,32,,
2020-05-01,IT,hicp_inflation_first_release,0.1,M,2020-03-01,2020-03-31,2020-04-25,31,,
2020-06-01,IT,hicp_inflation_first_release,0.1,M,2020-04-01,2020-04-30,2020-05-25,32,,
2020-07-01,IT,hicp_inflation_first_release,-0.4,M,2020-05-01,2020-05-31,2020-06-25,31,,
2020-08-01,IT,hicp_inflation_first_release,-0.4,M,2020-06-01,2020-06-30,2020-07-25,32,,
2020-09-01,IT,hicp_inflation_first_release,0.7,M,2020-07-01,2020-07-31,2020-08-25,32,,
2020-10-01,IT,hicp_inflation_first_release,-0.5,M,2020-08-01,2020-08-31,2020-09-25,31,,
2020-11-01,IT,hicp_inflation_first_release,-1.1,M,2020-09-01,2020-09-30,2020-10-25,32,,
2020-12-01,IT,hicp_inflation_first_release,-0.6,M,2020-10-01,2020-10-31,2020-11-25,31,,
2021-01-01,IT,hicp_inflation_first_release,-0.4,M,2020-11-01,2020-11-30,2020-12-25,32,,
2021-02-01,IT,hicp_inflation_first_release,-0.2,M,2020-12-01,2020-12-31,2021-01-25,32,,
2021-03-01,IT,hicp_inflation_first_release,0.7,M,2021-01-01,2021-01-31,2021-02-25,29,,
2021-04-01,IT,hicp_inflation_first_release,1.0,M,2021-02-01,2021-02-28,2021-03-25,32,,
2021-05-01,IT,hicp_inflation_first_release,0.5,M,2021-03-01,2021-03-31,2021-04-25,31,,
2021-06-01,IT,hicp_inflation_first_release,0.8,M,2021-04-01,2021-04-30,2021-05-25,32,,
2021-07-01,IT,hicp_inflation_first_release,1.2,M,2021-05-01,2021-05-31,2021-06-25,31,,
2021-08-01,IT,hicp_inflation_first_release,1.3,M,2021-06-01,2021-06-30,2021-07-25,32,,
2021-09-01,IT,hicp_inflation_first_release,1.1,M,2021-07-01,2021-07-31,2021-08-25,32,,
2021-10-01,IT,hicp_inflation_first_release,2.4,M,2021-08-01,2021-08-31,2021-09-25,31,,
2021-11-01,IT,hicp_inflation_first_release,2.9,M,2021-09-01,2021-09-30,2021-10-25,32,,
2021-12-01,IT,hicp_inflation_first_release,3.2,M,2021-10-01,2021-10-31,2021-11-25,31,,
2022-01-01,IT,hicp_inflation_first_release,4.0,M,2021-11-01,2021-11-30,2021-12-25,32,,
2022-02-01,IT,hicp_inflation_first_release,4.2,M,2021-12-01,2021-12-31,2022-01-25,32,,
2022-03-01,IT,hicp_inflation_first_release,5.0,M,2022-01-01,2022-01-31,2022-02-25,29,,
2022-04-01,IT,hicp_inflation_first_release,6.2,M,2022-02-01,2022-02-28,2022-03-25,32,,
2022-05-01,IT,hicp_inflation_first_release,6.9,M,2022-03-01,2022-03-31,2022-04-25,31,,
2022-06-01,IT,hicp_inflation_first_release,6.4,M,2022-04-01,2022-04-30,2022-05-25,32,,
2022-07-01,IT,hicp_inflation_first_release,7.3,M,2022-05-01,2022-05-31,2022-06-25,31,,
2022-08-01,IT,hicp_inflation_first_release,8.5,M,2022-06-01,2022-06-30,2022-07-25,32,,
2022-09-01,IT,hicp_inflation_first_release,8.4,M,2022-07-01,2022-07-31,2022-08-25,32,,
2022-10-01,IT,hicp_inflation_first_release,9.1,M,2022-08-01,2022-08-31,2022-09-25,31,,
2022-11-01,IT,hicp_inflation_first_release,9.5,M,2022-09-01,2022-09-30,2022-10-25,32,,
2022-12-01,IT,hicp_inflation_first_release,12.6,M,2022-10-01,2022-10-31,2022-11-25,31,,
2023-01-01,IT,hicp_inflation_first_release,12.5,M,2022-11-01,2022-11-30,2022-12-25,32,,
2023-02-01,IT,hicp_inflation_first_release,12.2,M,2022-12-01,2022-12-31,2023-01-25,32,,
2023-03-01,IT,hicp_inflation_first_release,10.7,M,2023-01-01,2023-01-31,2023-02-25,29,,
2023-04-01,IT,hicp_inflation_first_release,9.8,M,2023-02-01,2023-02-28,2023-03-25,32,,
2023-05-01,IT,hicp_inflation_first_release,8.0,M,2023-03-01,2023-03-31,2023-04-25,31,,
2023-06-01,IT,hicp_inflation_first_release,8.6,M,2023-04-01,2023-04-30,2023-05-25,32,,
2023-07-01,IT,hicp_inflation_first_release,8.0,M,2023-05-01,2023-05-31,2023-06-25,31,,
2023-08-01,IT,hicp_inflation_first_release,6.8,M,2023-06-01,2023-06-30,2023-07-25,32,,
2023-09-01,IT,hicp_inflation_first_release,6.3,M,2023-07-01,2023-07-31,2023-08-25,32,,
2023-10-01,IT,hicp_inflation_first_release,5.6,M,2023-08-01,2023-08-31,2023-09-25,31,,
2023-11-01,IT,hicp_inflation_first_release,5.6,M,2023-09-01,2023-09-30,2023-10-25,32,,
2023-12-01,IT,hicp_inflation_first_release,1.8,M,2023-10-01,2023-10-31,2023-11-25,31,,
2024-01-01,IT,hicp_inflation_first_release,0.6,M,2023-11-01,2023-11-30,2023-12-25,32,,
2024-02-01,IT,hicp_inflation_first_release,0.6,M,2023-12-01,2023-12-31,2024-01-25,32,,
2024-03-01,IT,hicp_inflation_first_release,0.9,M,2024-01-01,2024-01-31,2024-02-25,30,,
2024-04-01,IT,hicp_inflation_first_release,0.8,M,2024-02-01,2024-02-29,2024-03-25,32,,
2024-05-01,IT,hicp_inflation_first_release,1.2,M,2024-03-01,2024-03-31,2024-04-25,31,,
2024-06-01,IT,hicp_inflation_first_release,0.9,M,2024-04-01,2024-04-30,2024-05-25,32,,
2024-07-01,IT,hicp_inflation_first_release,0.7,M,2024-05-01,2024-05-31,2024-06-25,31,,
2024-08-01,IT,hicp_inflation_first_release,0.9,M,2024-06-01,2024-06-30,2024-07-25,32,,
2024-09-01,IT,hicp_inflation_first_release,1.6,M,2024-07-01,2024-07-31,2024-08-25,32,,
2024-10-01,IT,hicp_inflation_first_release,1.3,M,2024-08-01,2024-08-31,2024-09-25,31,,
2024-11-01,IT,hicp_inflation_first_release,0.7,M,2024-09-01,2024-09-30,2024-10-25,32,,
2024-12-01,IT,hicp_inflation_first_release,1.0,M,2024-10-01,2024-10-31,2024-11-25,31,,
2025-01-01,IT,hicp_inflation_first_release,1.4,M,2024-11-01,2024-11-30,2024-12-25,32,,
2025-02-01,IT,hicp_inflation_first_release,1.3,M,2024-12-01,2024-12-31,2025-01-25,32,,
2025-03-01,IT,hicp_inflation_first_release,1.7,M,2025-01-01,2025-01-31,2025-02-25,29,,
2025-04-01,IT,hicp_inflation_first_release,1.7,M,2025-02-01,2025-02-28,2025-03-25,32,,
2025-05-01,IT,hicp_inflation_first_release,2.1,M,2025-03-01,2025-03-31,2025-04-25,31,,
2025-06-01,IT,hicp_inflation_first_release,2.0,M,2025-04-01,2025-04-30,2025-05-25,32,,
2025-07-01,IT,hicp_inflation_first_release,1.7,M,2025-05-01,2025-05-31,2025-06-25,31,,
2025-08-01,IT,hicp_inflation_first_release,1.7,M,2025-06-01,2025-06-30,2025-07-25,32,,
2025-09-01,IT,hicp_inflation_first_release,1.7,M,2025-07-01,2025-07-31,2025-08-25,32,,
2025-10-01,IT,hicp_inflation_first_release,1.6,M,2025-08-01,2025-08-31,2025-09-25,31,,
2025-11-01,IT,hicp_inflation_first_release,1.7,M,2025-09-01,2025-09-30,2025-10-25,32,,
2025-12-01,IT,hicp_inflation_first_release,1.3,M,2025-10-01,2025-10-31,2025-11-25,31,,
2020-01-01,PL,hicp_inflation_first_release,2.5,M,2019-11-01,2019-11-30,2019-12-25,32,,
2020-02-01,PL,hicp_inflation_first_release,3.0,M,2019-12-01,2019-12-31,2020-01-25,32,,
2020-03-01,PL,hicp_inflation_first_release,3.7,M,2020-01-01,2020-01-31,2020-02-25,30,,
2020-04-01,PL,hicp_inflation_first_release,4.0,M,2020-02-01,2020-02-29,2020-03-25,32,,
2020-05-01,PL,hicp_inflation_first_release,3.8,M,2020-03-01,2020-03-31,2020-04-25,31,,
2020-06-01,PL,hicp_inflation_first_release,2.9,M,2020-04-01,2020-04-30,2020-05-25,32,,
2020-07-01,PL,hicp_inflation_first_release,3.5,M,2020-05-01,2020-05-31,2020-06-25,31,,
2020-08-01,PL,hicp_inflation_first_release,3.8,M,2020-06-01,2020-06-30,2020-07-25,32,,
2020-09-01,PL,hicp_inflation_first_release,3.6,M,2020-07-01,2020-07-31,2020-08-25,32,,
2020-10-01,PL,hicp_inflation_first_release,3.7,M,2020-08-01,2020-08-31,2020-09-25,31,,
2020-11-01,PL,hicp_inflation_first_release,3.8,M,2020-09-01,2020-09-30,2020-10-25,32,,
2020-12-01,PL,hicp_inflation_first_release,3.8,M,2020-10-01,2020-10-31,2020-11-25,31,,
2021-01-01,PL,hicp_inflation_first_release,3.7,M,2020-11-01,2020-11-30,2020-12-25,32,,
2021-02-01,PL,hicp_inflation_first_release,3.4,M,2020-12-01,2020-12-31,2021-01-25,32,,
2021-03-01,PL,hicp_inflation_first_release,3.7,M,2021-01-01,2021-01-31,2021-02-25,29,,
2021-04-01,PL,hicp_inflation_first_release,3.7,M,2021-02-01,2021-02-28,2021-03-25,32,,
2021-05-01,PL,hicp_inflation_first_release,4.3,M,2021-03-01,2021-03-31,2021-04-25,31,,
2021-06-01,PL,hicp_inflation_first_release,5.1,M,2021-04-01,2021-04-30,2021-05-25,32,,
2021-07-01,PL,hicp_inflation_first_release,4.6,M,2021-05-01,2021-05-31,2021-06-25,31,,
2021-08-01,PL,hicp_inflation_first_release,4.2,M,2021-06-01,2021-06-30,2021-07-25,32,,
2021-09-01,PL,hicp_inflation_first_release,4.7,M,2021-07-01,2021-07-31,2021-08-25,32,,
2021-10-01,PL,hicp_inflation_first_release,5.1,M,2021-08-01,2021-08-31,2021-09-25,31,,
2021-11-01,PL,hicp_inflation_first_release,5.6,M,2021-09-01,2021-09-30,2021-10-25,32,,
2021-12-01,PL,hicp_inflation_first_release,6.4,M,2021-10-01,2021-10-31,2021-11-25,31,,
2022-01-01,PL,hicp_inflation_first_release,7.4,M,2021-11-01,2021-11-30,2021-12-25,32,,
2022-02-01,PL,hicp_inflation_first_release,8.0,M,2021-12-01,2021-12-31,2022-01-25,32,,
2022-03-01,PL,hicp_inflation_first_release,8.7,M,2022-01-01,2022-01-31,2022-02-25,29,,
2022-04-01,PL,hicp_inflation_first_release,8.0,M,2022-02-01,2022-02-28,2022-03-25,32,,
2022-05-01,PL,hicp_inflation_first_release,10.3,M,2022-03-01,2022-03-31,2022-04-25,31,,
2022-06-01,PL,hicp_inflation_first_release,11.4,M,2022-04-01,2022-04-30,2022-05-25,32,,
2022-07-01,PL,hicp_inflation_first_release,12.8,M,2022-05-01,2022-05-31,2022-06-25,31,,
2022-08-01,PL,hicp_inflation_first_release,14.2,M,2022-06-01,2022-06-30,2022-07-25,32,,
2022-09-01,PL,hicp_inflation_first_release,14.2,M,2022-07-01,2022-07-31,2022-08-25,32,,
2022-10-01,PL,hicp_inflation_first_release,14.7,M,2022-08-01,2022-08-31,2022-09-25,31,,
2022-11-01,PL,hicp_inflation_first_release,15.7,M,2022-09-01,2022-09-30,2022-10-25,32,,
2022-12-01,PL,hicp_inflation_first_release,16.4,M,2022-10-01,2022-10-31,2022-11-25,31,,
2023-01-01,PL,hicp_inflation_first_release,16.1,M,2022-11-01,2022-11-30,2022-12-25,32,,
2023-02-01,PL,hicp_inflation_first_release,15.4,M,2022-12-01,2022-12-31,2023-01-25,32,,
2023-03-01,PL,hicp_inflation_first_release,15.8,M,2023-01-01,2023-01-31,2023-02-25,29,,
2023-04-01,PL,hicp_inflation_first_release,17.2,M,2023-02-01,2023-02-28,2023-03-25,32,,
2023-05-01,PL,hicp_inflation_first_release,15.2,M,2023-03-01,2023-03-31,2023-04-25,31,,
2023-06-01,PL,hicp_inflation_first_release,14.0,M,2023-04-01,2023-04-30,2023-05-25,32,,
2023-07-01,PL,hicp_inflation_first_release,12.4,M,2023-05-01,2023-05-31,2023-06-25,31,,
2023-08-01,PL,hicp_inflation_first_release,11.0,M,2023-06-01,2023-06-30,2023-07-25,32,,
2023-09-01,PL,hicp_inflation_first_release,10.3,M,2023-07-01,2023-07-31,2023-08-25,32,,
2023-10-01,PL,hicp_inflation_first_release,9.5,M,2023-08-01,2023-08-31,2023-09-25,31,,
2023-11-01,PL,hicp_inflation_first_release,7.7,M,2023-09-01,2023-09-30,2023-10-25,32,,
2023-12-01,PL,hicp_inflation_first_release,6.3,M,2023-10-01,2023-10-31,2023-11-25,31,,
2024-01-01,PL,hicp_inflation_first_release,6.3,M,2023-11-01,2023-11-30,2023-12-25,32,,
2024-02-01,PL,hicp_inflation_first_release,6.2,M,2023-12-01,2023-12-31,2024-01-25,32,,
2024-03-01,PL,hicp_inflation_first_release,4.6,M,2024-01-01,2024-01-31,2024-02-25,30,,
2024-04-01,PL,hicp_inflation_first_release,3.6,M,2024-02-01,2024-02-29,2024-03-25,32,,
2024-05-01,PL,hicp_inflation_first_release,2.7,M,2024-03-01,2024-03-31,2024-04-25,31,,
2024-06-01,PL,hicp_inflation_first_release,3.0,M,2024-04-01,2024-04-30,2024-05-25,32,,
2024-07-01,PL,hicp_inflation_first_release,2.8,M,2024-05-01,2024-05-31,2024-06-25,31,,
2024-08-01,PL,hicp_inflation_first_release,2.9,M,2024-06-01,2024-06-30,2024-07-25,32,,
2024-09-01,PL,hicp_inflation_first_release,4.0,M,2024-07-01,2024-07-31,2024-08-25,32,,
2024-10-01,PL,hicp_inflation_first_release,4.0,M,2024-08-01,2024-08-31,2024-09-25,31,,
2024-11-01,PL,hicp_inflation_first_release,4.3,M,2024-09-01,2024-09-30,2024-10-25,32,,
2024-12-01,PL,hicp_inflation_first_release,4.3,M,2024-10-01,2024-10-31,2024-11-25,31,,
2025-01-01,PL,hicp_inflation_first_release,4.0,M,2024-11-01,2024-11-30,2024-12-25,32,,
2025-02-01,PL,hicp_inflation_first_release,3.8,M,2024-12-01,2024-12-31,2025-01-25,32,,
2025-03-01,PL,hicp_inflation_first_release,4.3,M,2025-01-01,2025-01-31,2025-02-25,29,,
2025-04-01,PL,hicp_inflation_first_release,4.4,M,2025-02-01,2025-02-28,2025-03-25,32,,
2025-05-01,PL,hicp_inflation_first_release,4.4,M,2025-03-01,2025-03-31,2025-04-25,31,,
2025-06-01,PL,hicp_inflation_first_release,3.7,M,2025-04-01,2025-04-30,2025-05-25,32,,
2025-07-01,PL,hicp_inflation_first_release,3.6,M,2025-05-01,2025-05-31,2025-06-25,31,,
2025-08-01,PL,hicp_inflation_first_release,3.4,M,2025-06-01,2025-06-30,2025-07-25,32,,
2025-09-01,PL,hicp_inflation_first_release,2.9,M,2025-07-01,2025-07-31,2025-08-25,32,,
2025-10-01,PL,hicp_inflation_first_release,2.8,M,2025-08-01,2025-08-31,2025-09-25,31,,
2025-11-01,PL,hicp_inflation_first_release,2.9,M,2025-09-01,2025-09-30,2025-10-25,32,,
2025-12-01,PL,hicp_inflation_first_release,2.8,M,2025-10-01,2025-10-31,2025-11-25,31,,
2020-01-01,RO,hicp_inflation_first_release,3.8,M,2019-11-01,2019-11-30,2019-12-25,32,,
2020-02-01,RO,hicp_inflation_first_release,4.1,M,2019-12-01,2019-12-31,2020-01-25,32,,
2020-03-01,RO,hicp_inflation_first_release,3.9,M,2020-01-01,2020-01-31,2020-02-25,30,,
2020-04-01,RO,hicp_inflation_first_release,2.9,M,2020-02-01,2020-02-29,2020-03-25,32,,
2020-05-01,RO,hicp_inflation_first_release,2.7,M,2020-03-01,2020-03-31,2020-04-25,31,,
2020-06-01,RO,hicp_inflation_first_release,2.3,M,2020-04-01,2020-04-30,2020-05-25,32,,
2020-07-01,RO,hicp_inflation_first_release,1.7,M,2020-05-01,2020-05-31,2020-06-25,31,,
2020-08-01,RO,hicp_inflation_first_release,2.2,M,2020-06-01,2020-06-30,2020-07-25,32,,
2020-09-01,RO,hicp_inflation_first_release,2.5,M,2020-07-01,2020-07-31,2020-08-25,32,,
2020-10-01,RO,hicp_inflation_first_release,2.5,M,2020-08-01,2020-08-31,2020-09-25,31,,
2020-11-01,RO,hicp_inflation_first_release,2.1,M,2020-09-01,2020-09-30,2020-10-25,32,,
2020-12-01,RO,hicp_inflation_first_release,1.8,M,2020-10-01,2020-10-31,2020-11-25,31,,
2021-01-01,RO,hicp_inflation_first_release,1.6,M,2020-11-01,2020-11-30,2020-12-25,32,,
2021-02-01,RO,hicp_inflation_first_release,1.8,M,2020-12-01,2020-12-31,2021-01-25,32,,
2021-03-01,RO,hicp_inflation_first_release,2.0,M,2021-01-01,2021-01-31,2021-02-25,29,,
2021-04-01,RO,hicp_inflation_first_release,2.5,M,2021-02-01,2021-02-28,2021-03-25,32,,
2021-05-01,RO,hicp_inflation_first_release,2.5,M,2021-03-01,2021-03-31,2021-04-25,31,,
2021-06-01,RO,hicp_inflation_first_release,2.7,M,2021-04-01,2021-04-30,2021-05-25,32,,
2021-07-01,RO,hicp_inflation_first_release,3.2,M,2021-05-01,2021-05-31,2021-06-25,31,,
2021-08-01,RO,hicp_inflation_first_release,3.5,M,2021-06-01,2021-06-30,2021-07-25,32,,
2021-09-01,RO,hicp_inflation_first_release,3.8,M,2021-07-01,2021-07-31,2021-08-25,32,,
2021-10-01,RO,hicp_inflation_first_release,4.0,M,2021-08-01,2021-08-31,2021-09-25,31,,
2021-11-01,RO,hicp_inflation_first_release,5.2,M,2021-09-01,2021-09-30,2021-10-25,32,,
2021-12-01,RO,hicp_inflation_first_release,6.5,M,2021-10-01,2021-10-31,2021-11-25,31,,
2022-01-01,RO,hicp_inflation_first_release,6.7,M,2021-11-01,2021-11-30,2021-12-25,32,,
2022-02-01,RO,hicp_inflation_first_release,6.7,M,2021-12-01,2021-12-31,2022-01-25,32,,
2022-03-01,RO,hicp_inflation_first_release,7.2,M,2022-01-01,2022-01-31,2022-02-25,29,,
2022-04-01,RO,hicp_inflation_first_release,7.9,M,2022-02-01,2022-02-28,2022-03-25,32,,
2022-05-01,RO,hicp_inflation_first_release,9.6,M,2022-03-01,2022-03-31,2022-04-25,31,,
2022-06-01,RO,hicp_inflation_first_release,11.7,M,2022-04-01,2022-04-30,2022-05-25,32,,
2022-07-01,RO,hicp_inflation_first_release,12.4,M,2022-05-01,2022-05-31,2022-06-25,31,,
2022-08-01,RO,hicp_inflation_first_release,13.0,M,2022-06-01,2022-06-30,2022-07-25,32,,
2022-09-01,RO,hicp_inflation_first_release,13.0,M,2022-07-01,2022-07-31,2022-08-25,32,,
2022-10-01,RO,hicp_inflation_first_release,13.3,M,2022-08-01,2022-08-31,2022-09-25,31,,
2022-11-01,RO,hicp_inflation_first_release,13.4,M,2022-09-01,2022-09-30,2022-10-25,32,,
2022-12-01,RO,hicp_inflation_first_release,13.5,M,2022-10-01,2022-10-31,2022-11-25,31,,
2023-01-01,RO,hicp_inflation_first_release,14.6,M,2022-11-01,2022-11-30,2022-12-25,32,,
2023-02-01,RO,hicp_inflation_first_release,14.1,M,2022-12-01,2022-12-31,2023-01-25,32,,
2023-03-01,RO,hicp_inflation_first_release,13.4,M,2023-01-01,2023-01-31,2023-02-25,29,,
2023-04-01,RO,hicp_inflation_first_release,13.4,M,2023-02-01,2023-02-28,2023-03-25,32,,
2023-05-01,RO,hicp_inflation_first_release,12.1,M,2023-03-01,2023-03-31,2023-04-25,31,,
2023-06-01,RO,hicp_inflation_first_release,10.4,M,2023-04-01,2023-04-30,2023-05-25,32,,
2023-07-01,RO,hicp_inflation_first_release,9.6,M,2023-05-01,2023-05-31,2023-06-25,31,,
2023-08-01,RO,hicp_inflation_first_release,9.3,M,2023-06-01,2023-06-30,2023-07-25,32,,
2023-09-01,RO,hicp_inflation_first_release,8.9,M,2023-07-01,2023-07-31,2023-08-25,32,,
2023-10-01,RO,hicp_inflation_first_release,9.3,M,2023-08-01,2023-08-31,2023-09-25,31,,
2023-11-01,RO,hicp_inflation_first_release,9.2,M,2023-09-01,2023-09-30,2023-10-25,32,,
2023-12-01,RO,hicp_inflation_first_release,8.3,M,2023-10-01,2023-10-31,2023-11-25,31,,
2024-01-01,RO,hicp_inflation_first_release,6.9,M,2023-11-01,2023-11-30,2023-12-25,32,,
2024-02-01,RO,hicp_inflation_first_release,7.0,M,2023-12-01,2023-12-31,2024-01-25,32,,
2024-03-01,RO,hicp_inflation_first_release,7.3,M,2024-01-01,2024-01-31,2024-02-25,30,,
2024-04-01,RO,hicp_inflation_first_release,7.1,M,2024-02-01,2024-02-29,2024-03-25,32,,
2024-05-01,RO,hicp_inflation_first_release,6.7,M,2024-03-01,2024-03-31,2024-04-25,31,,
2024-06-01,RO,hicp_inflation_first_release,6.2,M,2024-04-01,2024-04-30,2024-05-25,32,,
2024-07-01,RO,hicp_inflation_first_release,5.8,M,2024-05-01,2024-05-31,2024-06-25,31,,
2024-08-01,RO,hicp_inflation_first_release,5.3,M,2024-06-01,2024-06-30,2024-07-25,32,,
2024-09-01,RO,hicp_inflation_first_release,5.8,M,2024-07-01,2024-07-31,2024-08-25,32,,
2024-10-01,RO,hicp_inflation_first_release,5.3,M,2024-08-01,2024-08-31,2024-09-25,31,,
2024-11-01,RO,hicp_inflation_first_release,4.8,M,2024-09-01,2024-09-30,2024-10-25,32,,
2024-12-01,RO,hicp_inflation_first_release,5.0,M,2024-10-01,2024-10-31,2024-11-25,31,,
2025-01-01,RO,hicp_inflation_first_release,5.4,M,2024-11-01,2024-11-30,2024-12-25,32,,
2025-02-01,RO,hicp_inflation_first_release,5.5,M,2024-12-01,2024-12-31,2025-01-25,32,,
2025-03-01,RO,hicp_inflation_first_release,5.3,M,2025-01-01,2025-01-31,2025-02-25,29,,
2025-04-01,RO,hicp_inflation_first_release,5.2,M,2025-02-01,2025-02-28,2025-03-25,32,,
2025-05-01,RO,hicp_inflation_first_release,5.1,M,2025-03-01,2025-03-31,2025-04-25,31,,
2025-06-01,RO,hicp_inflation_first_release,4.9,M,2025-04-01,2025-04-30,2025-05-25,32,,
2025-07-01,RO,hicp_inflation_first_release,5.4,M,2025-05-01,2025-05-31,2025-06-25,31,,
2025-08-01,RO,hicp_inflation_first_release,5.8,M,2025-06-01,2025-06-30,2025-07-25,32,,
2025-09-01,RO,hicp_inflation_first_release,6.6,M,2025-07-01,2025-07-31,2025-08-25,32,,
2025-10-01,RO,hicp_inflation_first_release,8.5,M,2025-08-01,2025-08-31,2025-09-25,31,,
2025-11-01,RO,hicp_inflation_first_release,8.6,M,2025-09-01,2025-09-30,2025-10-25,32,,
2025-12-01,RO,hicp_inflation_first_release,8.4,M,2025-10-01,2025-10-31,2025-11-25,31,,
2020-01-01,BG,job_vacancy_rate,0.8,Q,2019-07-01,2019-09-30,2019-12-29,93,,
2020-02-01,BG,job_vacancy_rate,0.8,Q,2019-07-01,2019-09-30,2019-12-29,124,,
2020-03-01,BG,job_vacancy_rate,0.8,Q,2019-07-01,2019-09-30,2019-12-29,153,,
2020-04-01,BG,job_vacancy_rate,0.8,Q,2019-10-01,2019-12-31,2020-03-30,92,,
2020-05-01,BG,job_vacancy_rate,0.8,Q,2019-10-01,2019-12-31,2020-03-30,122,,
2020-06-01,BG,job_vacancy_rate,0.8,Q,2019-10-01,2019-12-31,2020-03-30,153,,
2020-07-01,BG,job_vacancy_rate,0.7,Q,2020-01-01,2020-03-31,2020-06-29,92,,
2020-08-01,BG,job_vacancy_rate,0.7,Q,2020-01-01,2020-03-31,2020-06-29,123,,
2020-09-01,BG,job_vacancy_rate,0.7,Q,2020-01-01,2020-03-31,2020-06-29,154,,
2020-10-01,BG,job_vacancy_rate,0.8,Q,2020-04-01,2020-06-30,2020-09-28,93,,
2020-11-01,BG,job_vacancy_rate,0.8,Q,2020-04-01,2020-06-30,2020-09-28,124,,
2020-12-01,BG,job_vacancy_rate,0.8,Q,2020-04-01,2020-06-30,2020-09-28,154,,
2021-01-01,BG,job_vacancy_rate,0.8,Q,2020-07-01,2020-09-30,2020-12-29,93,,
2021-02-01,BG,job_vacancy_rate,0.8,Q,2020-07-01,2020-09-30,2020-12-29,124,,
2021-03-01,BG,job_vacancy_rate,0.8,Q,2020-07-01,2020-09-30,2020-12-29,152,,
2021-04-01,BG,job_vacancy_rate,0.7,Q,2020-10-01,2020-12-31,2021-03-31,91,,
2021-05-01,BG,job_vacancy_rate,0.7,Q,2020-10-01,2020-12-31,2021-03-31,121,,
2021-06-01,BG,job_vacancy_rate,0.7,Q,2020-10-01,2020-12-31,2021-03-31,152,,
2021-07-01,BG,job_vacancy_rate,0.8,Q,2021-01-01,2021-03-31,2021-06-29,92,,
2021-08-01,BG,job_vacancy_rate,0.8,Q,2021-01-01,2021-03-31,2021-06-29,123,,
2021-09-01,BG,job_vacancy_rate,0.8,Q,2021-01-01,2021-03-31,2021-06-29,154,,
2021-10-01,BG,job_vacancy_rate,0.8,Q,2021-04-01,2021-06-30,2021-09-28,93,,
2021-11-01,BG,job_vacancy_rate,0.8,Q,2021-04-01,2021-06-30,2021-09-28,124,,
2021-12-01,BG,job_vacancy_rate,0.8,Q,2021-04-01,2021-06-30,2021-09-28,154,,
2022-01-01,BG,job_vacancy_rate,0.8,Q,2021-07-01,2021-09-30,2021-12-29,93,,
2022-02-01,BG,job_vacancy_rate,0.8,Q,2021-07-01,2021-09-30,2021-12-29,124,,
2022-03-01,BG,job_vacancy_rate,0.8,Q,2021-07-01,2021-09-30,2021-12-29,152,,
2022-04-01,BG,job_vacancy_rate,0.7,Q,2021-10-01,2021-12-31,2022-03-31,91,,
2022-05-01,BG,job_vacancy_rate,0.7,Q,2021-10-01,2021-12-31,2022-03-31,121,,
2022-06-01,BG,job_vacancy_rate,0.7,Q,2021-10-01,2021-12-31,2022-03-31,152,,
2022-07-01,BG,job_vacancy_rate,0.9,Q,2022-01-01,2022-03-31,2022-06-29,92,,
2022-08-01,BG,job_vacancy_rate,0.9,Q,2022-01-01,2022-03-31,2022-06-29,123,,
2022-09-01,BG,job_vacancy_rate,0.9,Q,2022-01-01,2022-03-31,2022-06-29,154,,
2022-10-01,BG,job_vacancy_rate,0.9,Q,2022-04-01,2022-06-30,2022-09-28,93,,
2022-11-01,BG,job_vacancy_rate,0.9,Q,2022-04-01,2022-06-30,2022-09-28,124,,
2022-12-01,BG,job_vacancy_rate,0.9,Q,2022-04-01,2022-06-30,2022-09-28,154,,
2023-01-01,BG,job_vacancy_rate,0.8,Q,2022-07-01,2022-09-30,2022-12-29,93,,
2023-02-01,BG,job_vacancy_rate,0.8,Q,2022-07-01,2022-09-30,2022-12-29,124,,
2023-03-01,BG,job_vacancy_rate,0.8,Q,2022-07-01,2022-09-30,2022-12-29,152,,
2023-04-01,BG,job_vacancy_rate,0.8,Q,2022-10-01,2022-12-31,2023-03-31,91,,
2023-05-01,BG,job_vacancy_rate,0.8,Q,2022-10-01,2022-12-31,2023-03-31,121,,
2023-06-01,BG,job_vacancy_rate,0.8,Q,2022-10-01,2022-12-31,2023-03-31,152,,
2023-07-01,BG,job_vacancy_rate,0.8,Q,2023-01-01,2023-03-31,2023-06-29,92,,
2023-08-01,BG,job_vacancy_rate,0.8,Q,2023-01-01,2023-03-31,2023-06-29,123,,
2023-09-01,BG,job_vacancy_rate,0.8,Q,2023-01-01,2023-03-31,2023-06-29,154,,
2023-10-01,BG,job_vacancy_rate,0.8,Q,2023-04-01,2023-06-30,2023-09-28,93,,
2023-11-01,BG,job_vacancy_rate,0.8,Q,2023-04-01,2023-06-30,2023-09-28,124,,
2023-12-01,BG,job_vacancy_rate,0.8,Q,2023-04-01,2023-06-30,2023-09-28,154,,
2024-01-01,BG,job_vacancy_rate,0.8,Q,2023-07-01,2023-09-30,2023-12-29,93,,
2024-02-01,BG,job_vacancy_rate,0.8,Q,2023-07-01,2023-09-30,2023-12-29,124,,
2024-03-01,BG,job_vacancy_rate,0.8,Q,2023-07-01,2023-09-30,2023-12-29,153,,
2024-04-01,BG,job_vacancy_rate,0.7,Q,2023-10-01,2023-12-31,2024-03-30,92,,
2024-05-01,BG,job_vacancy_rate,0.7,Q,2023-10-01,2023-12-31,2024-03-30,122,,
2024-06-01,BG,job_vacancy_rate,0.7,Q,2023-10-01,2023-12-31,2024-03-30,153,,
2024-07-01,BG,job_vacancy_rate,0.8,Q,2024-01-01,2024-03-31,2024-06-29,92,p,provisional
2024-08-01,BG,job_vacancy_rate,0.8,Q,2024-01-01,2024-03-31,2024-06-29,123,p,provisional
2024-09-01,BG,job_vacancy_rate,0.8,Q,2024-01-01,2024-03-31,2024-06-29,154,p,provisional
2024-10-01,BG,job_vacancy_rate,0.8,Q,2024-04-01,2024-06-30,2024-09-28,93,p,provisional
2024-11-01,BG,job_vacancy_rate,0.8,Q,2024-04-01,2024-06-30,2024-09-28,124,p,provisional
2024-12-01,BG,job_vacancy_rate,0.8,Q,2024-04-01,2024-06-30,2024-09-28,154,p,provisional
2025-01-01,BG,job_vacancy_rate,0.8,Q,2024-07-01,2024-09-30,2024-12-29,93,p,provisional
2025-02-01,BG,job_vacancy_rate,0.8,Q,2024-07-01,2024-09-30,2024-12-29,124,p,provisional
2025-03-01,BG,job_vacancy_rate,0.8,Q,2024-07-01,2024-09-30,2024-12-29,152,p,provisional
2025-04-01,BG,job_vacancy_rate,0.7,Q,2024-10-01,2024-12-31,2025-03-31,91,p,provisional
2025-05-01,BG,job_vacancy_rate,0.7,Q,2024-10-01,2024-12-31,2025-03-31,121,p,provisional
2025-06-01,BG,job_vacancy_rate,0.7,Q,2024-10-01,2024-12-31,2025-03-31,152,p,provisional
2025-07-01,BG,job_vacancy_rate,0.9,Q,2025-01-01,2025-03-31,2025-06-29,92,p,provisional
2025-08-01,BG,job_vacancy_rate,0.9,Q,2025-01-01,2025-03-31,2025-06-29,123,p,provisional
2025-09-01,BG,job_vacancy_rate,0.9,Q,2025-01-01,2025-03-31,2025-06-29,154,p,provisional
2025-10-01,BG,job_vacancy_rate,0.9,Q,2025-04-01,2025-06-30,2025-09-28,93,p,provisional
2025-11-01,BG,job_vacancy_rate,0.9,Q,2025-04-01,2025-06-30,2025-09-28,124,p,provisional
2025-12-01,BG,job_vacancy_rate,0.9,Q,2025-04-01,2025-06-30,2025-09-28,154,p,provisional
2020-01-01,GR,job_vacancy_rate,0.6,Q,2019-07-01,2019-09-30,2019-12-29,93,,
2020-02-01,GR,job_vacancy_rate,0.6,Q,2019-07-01,2019-09-30,2019-12-29,124,,
2020-03-01,GR,job_vacancy_rate,0.6,Q,2019-07-01,2019-09-30,2019-12-29,153,,
2020-04-01,GR,job_vacancy_rate,0.5,Q,2019-10-01,2019-12-31,2020-03-30,92,,
2020-05-01,GR,job_vacancy_rate,0.5,Q,2019-10-01,2019-12-31,2020-03-30,122,,
2020-06-01,GR,job_vacancy_rate,0.5,Q,2019-10-01,2019-12-31,2020-03-30,153,,
2020-07-01,GR,job_vacancy_rate,0.4,Q,2020-01-01,2020-03-31,2020-06-29,92,,
2020-08-01,GR,job_vacancy_rate,0.4,Q,2020-01-01,2020-03-31,2020-06-29,123,,
2020-09-01,GR,job_vacancy_rate,0.4,Q,2020-01-01,2020-03-31,2020-06-29,154,,
2020-10-01,GR,job_vacancy_rate,0.3,Q,2020-04-01,2020-06-30,2020-09-28,93,,
2020-11-01,GR,job_vacancy_rate,0.3,Q,2020-04-01,2020-06-30,2020-09-28,124,,
2020-12-01,GR,job_vacancy_rate,0.3,Q,2020-04-01,2020-06-30,2020-09-28,154,,
2021-01-01,GR,job_vacancy_rate,0.5,Q,2020-07-01,2020-09-30,2020-12-29,93,,
2021-02-01,GR,job_vacancy_rate,0.5,Q,2020-07-01,2020-09-30,2020-12-29,124,,
2021-03-01,GR,job_vacancy_rate,0.5,Q,2020-07-01,2020-09-30,2020-12-29,152,,
2021-04-01,GR,job_vacancy_rate,0.3,Q,2020-10-01,2020-12-31,2021-03-31,91,,
2021-05-01,GR,job_vacancy_rate,0.3,Q,2020-10-01,2020-12-31,2021-03-31,121,,
2021-06-01,GR,job_vacancy_rate,0.3,Q,2020-10-01,2020-12-31,2021-03-31,152,,
2021-07-01,GR,job_vacancy_rate,0.3,Q,2021-01-01,2021-03-31,2021-06-29,92,,
2021-08-01,GR,job_vacancy_rate,0.3,Q,2021-01-01,2021-03-31,2021-06-29,123,,
2021-09-01,GR,job_vacancy_rate,0.3,Q,2021-01-01,2021-03-31,2021-06-29,154,,
2021-10-01,GR,job_vacancy_rate,0.6,Q,2021-04-01,2021-06-30,2021-09-28,93,,
2021-11-01,GR,job_vacancy_rate,0.6,Q,2021-04-01,2021-06-30,2021-09-28,124,,
2021-12-01,GR,job_vacancy_rate,0.6,Q,2021-04-01,2021-06-30,2021-09-28,154,,
2022-01-01,GR,job_vacancy_rate,0.7,Q,2021-07-01,2021-09-30,2021-12-29,93,,
2022-02-01,GR,job_vacancy_rate,0.7,Q,2021-07-01,2021-09-30,2021-12-29,124,,
2022-03-01,GR,job_vacancy_rate,0.7,Q,2021-07-01,2021-09-30,2021-12-29,152,,
2022-04-01,GR,job_vacancy_rate,0.7,Q,2021-10-01,2021-12-31,2022-03-31,91,,
2022-05-01,GR,job_vacancy_rate,0.7,Q,2021-10-01,2021-12-31,2022-03-31,121,,
2022-06-01,GR,job_vacancy_rate,0.7,Q,2021-10-01,2021-12-31,2022-03-31,152,,
2022-07-01,GR,job_vacancy_rate,0.8,Q,2022-01-01,2022-03-31,2022-06-29,92,,
2022-08-01,GR,job_vacancy_rate,0.8,Q,2022-01-01,2022-03-31,2022-06-29,123,,
2022-09-01,GR,job_vacancy_rate,0.8,Q,2022-01-01,2022-03-31,2022-06-29,154,,
2022-10-01,GR,job_vacancy_rate,1.2,Q,2022-04-01,2022-06-30,2022-09-28,93,,
2022-11-01,GR,job_vacancy_rate,1.2,Q,2022-04-01,2022-06-30,2022-09-28,124,,
2022-12-01,GR,job_vacancy_rate,1.2,Q,2022-04-01,2022-06-30,2022-09-28,154,,
2023-01-01,GR,job_vacancy_rate,1.1,Q,2022-07-01,2022-09-30,2022-12-29,93,,
2023-02-01,GR,job_vacancy_rate,1.1,Q,2022-07-01,2022-09-30,2022-12-29,124,,
2023-03-01,GR,job_vacancy_rate,1.1,Q,2022-07-01,2022-09-30,2022-12-29,152,,
2023-04-01,GR,job_vacancy_rate,0.9,Q,2022-10-01,2022-12-31,2023-03-31,91,,
2023-05-01,GR,job_vacancy_rate,0.9,Q,2022-10-01,2022-12-31,2023-03-31,121,,
2023-06-01,GR,job_vacancy_rate,0.9,Q,2022-10-01,2022-12-31,2023-03-31,152,,
2023-07-01,GR,job_vacancy_rate,1.5,Q,2023-01-01,2023-03-31,2023-06-29,92,,
2023-08-01,GR,job_vacancy_rate,1.5,Q,2023-01-01,2023-03-31,2023-06-29,123,,
2023-09-01,GR,job_vacancy_rate,1.5,Q,2023-01-01,2023-03-31,2023-06-29,154,,
2023-10-01,GR,job_vacancy_rate,1.6,Q,2023-04-01,2023-06-30,2023-09-28,93,,
2023-11-01,GR,job_vacancy_rate,1.6,Q,2023-04-01,2023-06-30,2023-09-28,124,,
2023-12-01,GR,job_vacancy_rate,1.6,Q,2023-04-01,2023-06-30,2023-09-28,154,,
2024-01-01,GR,job_vacancy_rate,1.6,Q,2023-07-01,2023-09-30,2023-12-29,93,,
2024-02-01,GR,job_vacancy_rate,1.6,Q,2023-07-01,2023-09-30,2023-12-29,124,,
2024-03-01,GR,job_vacancy_rate,1.6,Q,2023-07-01,2023-09-30,2023-12-29,153,,
2024-04-01,GR,job_vacancy_rate,1.8,Q,2023-10-01,2023-12-31,2024-03-30,92,,
2024-05-01,GR,job_vacancy_rate,1.8,Q,2023-10-01,2023-12-31,2024-03-30,122,,
2024-06-01,GR,job_vacancy_rate,1.8,Q,2023-10-01,2023-12-31,2024-03-30,153,,
2024-07-01,GR,job_vacancy_rate,3.1,Q,2024-01-01,2024-03-31,2024-06-29,92,,
2024-08-01,GR,job_vacancy_rate,3.1,Q,2024-01-01,2024-03-31,2024-06-29,123,,
2024-09-01,GR,job_vacancy_rate,3.1,Q,2024-01-01,2024-03-31,2024-06-29,154,,
2024-10-01,GR,job_vacancy_rate,2.5,Q,2024-04-01,2024-06-30,2024-09-28,93,,
2024-11-01,GR,job_vacancy_rate,2.5,Q,2024-04-01,2024-06-30,2024-09-28,124,,
2024-12-01,GR,job_vacancy_rate,2.5,Q,2024-04-01,2024-06-30,2024-09-28,154,,
2025-01-01,GR,job_vacancy_rate,2.1,Q,2024-07-01,2024-09-30,2024-12-29,93,,
2025-02-01,GR,job_vacancy_rate,2.1,Q,2024-07-01,2024-09-30,2024-12-29,124,,
2025-03-01,GR,job_vacancy_rate,2.1,Q,2024-07-01,2024-09-30,2024-12-29,152,,
2025-04-01,GR,job_vacancy_rate,1.2,Q,2024-10-01,2024-12-31,2025-03-31,91,,
2025-05-01,GR,job_vacancy_rate,1.2,Q,2024-10-01,2024-12-31,2025-03-31,121,,
2025-06-01,GR,job_vacancy_rate,1.2,Q,2024-10-01,2024-12-31,2025-03-31,152,,
2025-07-01,GR,job_vacancy_rate,2.2,Q,2025-01-01,2025-03-31,2025-06-29,92,,
2025-08-01,GR,job_vacancy_rate,2.2,Q,2025-01-01,2025-03-31,2025-06-29,123,,
2025-09-01,GR,job_vacancy_rate,2.2,Q,2025-01-01,2025-03-31,2025-06-29,154,,
2025-10-01,GR,job_vacancy_rate,1.6,Q,2025-04-01,2025-06-30,2025-09-28,93,,
2025-11-01,GR,job_vacancy_rate,1.6,Q,2025-04-01,2025-06-30,2025-09-28,124,,
2025-12-01,GR,job_vacancy_rate,1.6,Q,2025-04-01,2025-06-30,2025-09-28,154,,
2020-01-01,IE,job_vacancy_rate,0.9,Q,2019-07-01,2019-09-30,2019-12-29,93,,
2020-02-01,IE,job_vacancy_rate,0.9,Q,2019-07-01,2019-09-30,2019-12-29,124,,
2020-03-01,IE,job_vacancy_rate,0.9,Q,2019-07-01,2019-09-30,2019-12-29,153,,
2020-04-01,IE,job_vacancy_rate,0.9,Q,2019-10-01,2019-12-31,2020-03-30,92,,
2020-05-01,IE,job_vacancy_rate,0.9,Q,2019-10-01,2019-12-31,2020-03-30,122,,
2020-06-01,IE,job_vacancy_rate,0.9,Q,2019-10-01,2019-12-31,2020-03-30,153,,
2020-07-01,IE,job_vacancy_rate,0.8,Q,2020-01-01,2020-03-31,2020-06-29,92,,
2020-08-01,IE,job_vacancy_rate,0.8,Q,2020-01-01,2020-03-31,2020-06-29,123,,
2020-09-01,IE,job_vacancy_rate,0.8,Q,2020-01-01,2020-03-31,2020-06-29,154,,
2020-10-01,IE,job_vacancy_rate,0.7,Q,2020-04-01,2020-06-30,2020-09-28,93,,
2020-11-01,IE,job_vacancy_rate,0.7,Q,2020-04-01,2020-06-30,2020-09-28,124,,
2020-12-01,IE,job_vacancy_rate,0.7,Q,2020-04-01,2020-06-30,2020-09-28,154,,
2021-01-01,IE,job_vacancy_rate,0.8,Q,2020-07-01,2020-09-30,2020-12-29,93,,
2021-02-01,IE,job_vacancy_rate,0.8,Q,2020-07-01,2020-09-30,2020-12-29,124,,
2021-03-01,IE,job_vacancy_rate,0.8,Q,2020-07-01,2020-09-30,2020-12-29,152,,
2021-04-01,IE,job_vacancy_rate,0.9,Q,2020-10-01,2020-12-31,2021-03-31,91,,
2021-05-01,IE,job_vacancy_rate,0.9,Q,2020-10-01,2020-12-31,2021-03-31,121,,
2021-06-01,IE,job_vacancy_rate,0.9,Q,2020-10-01,2020-12-31,2021-03-31,152,,
2021-07-01,IE,job_vacancy_rate,1.0,Q,2021-01-01,2021-03-31,2021-06-29,92,,
2021-08-01,IE,job_vacancy_rate,1.0,Q,2021-01-01,2021-03-31,2021-06-29,123,,
2021-09-01,IE,job_vacancy_rate,1.0,Q,2021-01-01,2021-03-31,2021-06-29,154,,
2021-10-01,IE,job_vacancy_rate,1.2,Q,2021-04-01,2021-06-30,2021-09-28,93,,
2021-11-01,IE,job_vacancy_rate,1.2,Q,2021-04-01,2021-06-30,2021-09-28,124,,
2021-12-01,IE,job_vacancy_rate,1.2,Q,2021-04-01,2021-06-30,2021-09-28,154,,
2022-01-01,IE,job_vacancy_rate,1.5,Q,2021-07-01,2021-09-30,2021-12-29,93,,
2022-02-01,IE,job_vacancy_rate,1.5,Q,2021-07-01,2021-09-30,2021-12-29,124,,
2022-03-01,IE,job_vacancy_rate,1.5,Q,2021-07-01,2021-09-30,2021-12-29,152,,
2022-04-01,IE,job_vacancy_rate,1.4,Q,2021-10-01,2021-12-31,2022-03-31,91,,
2022-05-01,IE,job_vacancy_rate,1.4,Q,2021-10-01,2021-12-31,2022-03-31,121,,
2022-06-01,IE,job_vacancy_rate,1.4,Q,2021-10-01,2021-12-31,2022-03-31,152,,
2022-07-01,IE,job_vacancy_rate,1.6,Q,2022-01-01,2022-03-31,2022-06-29,92,,
2022-08-01,IE,job_vacancy_rate,1.6,Q,2022-01-01,2022-03-31,2022-06-29,123,,
2022-09-01,IE,job_vacancy_rate,1.6,Q,2022-01-01,2022-03-31,2022-06-29,154,,
2022-10-01,IE,job_vacancy_rate,1.6,Q,2022-04-01,2022-06-30,2022-09-28,93,,
2022-11-01,IE,job_vacancy_rate,1.6,Q,2022-04-01,2022-06-30,2022-09-28,124,,
2022-12-01,IE,job_vacancy_rate,1.6,Q,2022-04-01,2022-06-30,2022-09-28,154,,
2023-01-01,IE,job_vacancy_rate,1.6,Q,2022-07-01,2022-09-30,2022-12-29,93,,
2023-02-01,IE,job_vacancy_rate,1.6,Q,2022-07-01,2022-09-30,2022-12-29,124,,
2023-03-01,IE,job_vacancy_rate,1.6,Q,2022-07-01,2022-09-30,2022-12-29,152,,
2023-04-01,IE,job_vacancy_rate,1.3,Q,2022-10-01,2022-12-31,2023-03-31,91,,
2023-05-01,IE,job_vacancy_rate,1.3,Q,2022-10-01,2022-12-31,2023-03-31,121,,
2023-06-01,IE,job_vacancy_rate,1.3,Q,2022-10-01,2022-12-31,2023-03-31,152,,
2023-07-01,IE,job_vacancy_rate,1.5,Q,2023-01-01,2023-03-31,2023-06-29,92,,
2023-08-01,IE,job_vacancy_rate,1.5,Q,2023-01-01,2023-03-31,2023-06-29,123,,
2023-09-01,IE,job_vacancy_rate,1.5,Q,2023-01-01,2023-03-31,2023-06-29,154,,
2023-10-01,IE,job_vacancy_rate,1.3,Q,2023-04-01,2023-06-30,2023-09-28,93,,
2023-11-01,IE,job_vacancy_rate,1.3,Q,2023-04-01,2023-06-30,2023-09-28,124,,
2023-12-01,IE,job_vacancy_rate,1.3,Q,2023-04-01,2023-06-30,2023-09-28,154,,
2024-01-01,IE,job_vacancy_rate,1.2,Q,2023-07-01,2023-09-30,2023-12-29,93,,
2024-02-01,IE,job_vacancy_rate,1.2,Q,2023-07-01,2023-09-30,2023-12-29,124,,
2024-03-01,IE,job_vacancy_rate,1.2,Q,2023-07-01,2023-09-30,2023-12-29,153,,
2024-04-01,IE,job_vacancy_rate,1.2,Q,2023-10-01,2023-12-31,2024-03-30,92,,
2024-05-01,IE,job_vacancy_rate,1.2,Q,2023-10-01,2023-12-31,2024-03-30,122,,
2024-06-01,IE,job_vacancy_rate,1.2,Q,2023-10-01,2023-12-31,2024-03-30,153,,
2024-07-01,IE,job_vacancy_rate,1.2,Q,2024-01-01,2024-03-31,2024-06-29,92,,
2024-08-01,IE,job_vacancy_rate,1.2,Q,2024-01-01,2024-03-31,2024-06-29,123,,
2024-09-01,IE,job_vacancy_rate,1.2,Q,2024-01-01,2024-03-31,2024-06-29,154,,
2024-10-01,IE,job_vacancy_rate,1.3,Q,2024-04-01,2024-06-30,2024-09-28,93,,
2024-11-01,IE,job_vacancy_rate,1.3,Q,2024-04-01,2024-06-30,2024-09-28,124,,
2024-12-01,IE,job_vacancy_rate,1.3,Q,2024-04-01,2024-06-30,2024-09-28,154,,
2025-01-01,IE,job_vacancy_rate,1.2,Q,2024-07-01,2024-09-30,2024-12-29,93,,
2025-02-01,IE,job_vacancy_rate,1.2,Q,2024-07-01,2024-09-30,2024-12-29,124,,
2025-03-01,IE,job_vacancy_rate,1.2,Q,2024-07-01,2024-09-30,2024-12-29,152,,
2025-04-01,IE,job_vacancy_rate,1.2,Q,2024-10-01,2024-12-31,2025-03-31,91,,
2025-05-01,IE,job_vacancy_rate,1.2,Q,2024-10-01,2024-12-31,2025-03-31,121,,
2025-06-01,IE,job_vacancy_rate,1.2,Q,2024-10-01,2024-12-31,2025-03-31,152,,
2025-07-01,IE,job_vacancy_rate,1.3,Q,2025-01-01,2025-03-31,2025-06-29,92,,
2025-08-01,IE,job_vacancy_rate,1.3,Q,2025-01-01,2025-03-31,2025-06-29,123,,
2025-09-01,IE,job_vacancy_rate,1.3,Q,2025-01-01,2025-03-31,2025-06-29,154,,
2025-10-01,IE,job_vacancy_rate,1.3,Q,2025-04-01,2025-06-30,2025-09-28,93,,
2025-11-01,IE,job_vacancy_rate,1.3,Q,2025-04-01,2025-06-30,2025-09-28,124,,
2025-12-01,IE,job_vacancy_rate,1.3,Q,2025-04-01,2025-06-30,2025-09-28,154,,
2020-01-01,IT,job_vacancy_rate,1.2,Q,2019-07-01,2019-09-30,2019-12-29,93,d,definition differs (see metadata)
2020-02-01,IT,job_vacancy_rate,1.2,Q,2019-07-01,2019-09-30,2019-12-29,124,d,definition differs (see metadata)
2020-03-01,IT,job_vacancy_rate,1.2,Q,2019-07-01,2019-09-30,2019-12-29,153,d,definition differs (see metadata)
2020-04-01,IT,job_vacancy_rate,1.1,Q,2019-10-01,2019-12-31,2020-03-30,92,d,definition differs (see metadata)
2020-05-01,IT,job_vacancy_rate,1.1,Q,2019-10-01,2019-12-31,2020-03-30,122,d,definition differs (see metadata)
2020-06-01,IT,job_vacancy_rate,1.1,Q,2019-10-01,2019-12-31,2020-03-30,153,d,definition differs (see metadata)
2020-07-01,IT,job_vacancy_rate,0.8,Q,2020-01-01,2020-03-31,2020-06-29,92,d,definition differs (see metadata)
2020-08-01,IT,job_vacancy_rate,0.8,Q,2020-01-01,2020-03-31,2020-06-29,123,d,definition differs (see metadata)
2020-09-01,IT,job_vacancy_rate,0.8,Q,2020-01-01,2020-03-31,2020-06-29,154,d,definition differs (see metadata)
2020-10-01,IT,job_vacancy_rate,1.0,Q,2020-04-01,2020-06-30,2020-09-28,93,d,definition differs (see metadata)
2020-11-01,IT,job_vacancy_rate,1.0,Q,2020-04-01,2020-06-30,2020-09-28,124,d,definition differs (see metadata)
2020-12-01,IT,job_vacancy_rate,1.0,Q,2020-04-01,2020-06-30,2020-09-28,154,d,definition differs (see metadata)
2021-01-01,IT,job_vacancy_rate,0.9,Q,2020-07-01,2020-09-30,2020-12-29,93,d,definition differs (see metadata)
2021-02-01,IT,job_vacancy_rate,0.9,Q,2020-07-01,2020-09-30,2020-12-29,124,d,definition differs (see metadata)
2021-03-01,IT,job_vacancy_rate,0.9,Q,2020-07-01,2020-09-30,2020-12-29,152,d,definition differs (see metadata)
2021-04-01,IT,job_vacancy_rate,0.8,Q,2020-10-01,2020-12-31,2021-03-31,91,d,definition differs (see metadata)
2021-05-01,IT,job_vacancy_rate,0.8,Q,2020-10-01,2020-12-31,2021-03-31,121,d,definition differs (see metadata)
2021-06-01,IT,job_vacancy_rate,0.8,Q,2020-10-01,2020-12-31,2021-03-31,152,d,definition differs (see metadata)
2021-07-01,IT,job_vacancy_rate,1.6,Q,2021-01-01,2021-03-31,2021-06-29,92,d,definition differs (see metadata)
2021-08-01,IT,job_vacancy_rate,1.6,Q,2021-01-01,2021-03-31,2021-06-29,123,d,definition differs (see metadata)
2021-09-01,IT,job_vacancy_rate,1.6,Q,2021-01-01,2021-03-31,2021-06-29,154,d,definition differs (see metadata)
2021-10-01,IT,job_vacancy_rate,2.0,Q,2021-04-01,2021-06-30,2021-09-28,93,d,definition differs (see metadata)
2021-11-01,IT,job_vacancy_rate,2.0,Q,2021-04-01,2021-06-30,2021-09-28,124,d,definition differs (see metadata)
2021-12-01,IT,job_vacancy_rate,2.0,Q,2021-04-01,2021-06-30,2021-09-28,154,d,definition differs (see metadata)
2022-01-01,IT,job_vacancy_rate,1.9,Q,2021-07-01,2021-09-30,2021-12-29,93,d,definition differs (see metadata)
2022-02-01,IT,job_vacancy_rate,1.9,Q,2021-07-01,2021-09-30,2021-12-29,124,d,definition differs (see metadata)
2022-03-01,IT,job_vacancy_rate,1.9,Q,2021-07-01,2021-09-30,2021-12-29,152,d,definition differs (see metadata)
2022-04-01,IT,job_vacancy_rate,1.6,Q,2021-10-01,2021-12-31,2022-03-31,91,d,definition differs (see metadata)
2022-05-01,IT,job_vacancy_rate,1.6,Q,2021-10-01,2021-12-31,2022-03-31,121,d,definition differs (see metadata)
2022-06-01,IT,job_vacancy_rate,1.6,Q,2021-10-01,2021-12-31,2022-03-31,152,d,definition differs (see metadata)
2022-07-01,IT,job_vacancy_rate,2.5,Q,2022-01-01,2022-03-31,2022-06-29,92,d,definition differs (see metadata)
2022-08-01,IT,job_vacancy_rate,2.5,Q,2022-01-01,2022-03-31,2022-06-29,123,d,definition differs (see metadata)
2022-09-01,IT,job_vacancy_rate,2.5,Q,2022-01-01,2022-03-31,2022-06-29,154,d,definition differs (see metadata)
2022-10-01,IT,job_vacancy_rate,2.3,Q,2022-04-01,2022-06-30,2022-09-28,93,d,definition differs (see metadata)
2022-11-01,IT,job_vacancy_rate,2.3,Q,2022-04-01,2022-06-30,2022-09-28,124,d,definition differs (see metadata)
2022-12-01,IT,job_vacancy_rate,2.3,Q,2022-04-01,2022-06-30,2022-09-28,154,d,definition differs (see metadata)
2023-01-01,IT,job_vacancy_rate,2.1,Q,2022-07-01,2022-09-30,2022-12-29,93,d,definition differs (see metadata)
2023-02-01,IT,job_vacancy_rate,2.1,Q,2022-07-01,2022-09-30,2022-12-29,124,d,definition differs (see metadata)
2023-03-01,IT,job_vacancy_rate,2.1,Q,2022-07-01,2022-09-30,2022-12-29,152,d,definition differs (see metadata)
2023-04-01,IT,job_vacancy_rate,1.9,Q,2022-10-01,2022-12-31,2023-03-31,91,d,definition differs (see metadata)
2023-05-01,IT,job_vacancy_rate,1.9,Q,2022-10-01,2022-12-31,2023-03-31,121,d,definition differs (see metadata)
2023-06-01,IT,job_vacancy_rate,1.9,Q,2022-10-01,2022-12-31,2023-03-31,152,d,definition differs (see metadata)
2023-07-01,IT,job_vacancy_rate,2.7,Q,2023-01-01,2023-03-31,2023-06-29,92,d,definition differs (see metadata)
2023-08-01,IT,job_vacancy_rate,2.7,Q,2023-01-01,2023-03-31,2023-06-29,123,d,definition differs (see metadata)
2023-09-01,IT,job_vacancy_rate,2.7,Q,2023-01-01,2023-03-31,2023-06-29,154,d,definition differs (see metadata)
2023-10-01,IT,job_vacancy_rate,2.4,Q,2023-04-01,2023-06-30,2023-09-28,93,d,definition differs (see metadata)
2023-11-01,IT,job_vacancy_rate,2.4,Q,2023-04-01,2023-06-30,2023-09-28,124,d,definition differs (see metadata)
2023-12-01,IT,job_vacancy_rate,2.4,Q,2023-04-01,2023-06-30,2023-09-28,154,d,definition differs (see metadata)
2024-01-01,IT,job_vacancy_rate,2.1,Q,2023-07-01,2023-09-30,2023-12-29,93,d,definition differs (see metadata)
2024-02-01,IT,job_vacancy_rate,2.1,Q,2023-07-01,2023-09-30,2023-12-29,124,d,definition differs (see metadata)
2024-03-01,IT,job_vacancy_rate,2.1,Q,2023-07-01,2023-09-30,2023-12-29,153,d,definition differs (see metadata)
2024-04-01,IT,job_vacancy_rate,1.9,Q,2023-10-01,2023-12-31,2024-03-30,92,d,definition differs (see metadata)
2024-05-01,IT,job_vacancy_rate,1.9,Q,2023-10-01,2023-12-31,2024-03-30,122,d,definition differs (see metadata)
2024-06-01,IT,job_vacancy_rate,1.9,Q,2023-10-01,2023-12-31,2024-03-30,153,d,definition differs (see metadata)
2024-07-01,IT,job_vacancy_rate,2.5,Q,2024-01-01,2024-03-31,2024-06-29,92,d,definition differs (see metadata)
2024-08-01,IT,job_vacancy_rate,2.5,Q,2024-01-01,2024-03-31,2024-06-29,123,d,definition differs (see metadata)
2024-09-01,IT,job_vacancy_rate,2.5,Q,2024-01-01,2024-03-31,2024-06-29,154,d,definition differs (see metadata)
2024-10-01,IT,job_vacancy_rate,2.2,Q,2024-04-01,2024-06-30,2024-09-28,93,d,definition differs (see metadata)
2024-11-01,IT,job_vacancy_rate,2.2,Q,2024-04-01,2024-06-30,2024-09-28,124,d,definition differs (see metadata)
2024-12-01,IT,job_vacancy_rate,2.2,Q,2024-04-01,2024-06-30,2024-09-28,154,d,definition differs (see metadata)
2025-01-01,IT,job_vacancy_rate,1.9,Q,2024-07-01,2024-09-30,2024-12-29,93,d,definition differs (see metadata)
2025-02-01,IT,job_vacancy_rate,1.9,Q,2024-07-01,2024-09-30,2024-12-29,124,d,definition differs (see metadata)
2025-03-01,IT,job_vacancy_rate,1.9,Q,2024-07-01,2024-09-30,2024-12-29,152,d,definition differs (see metadata)
2025-04-01,IT,job_vacancy_rate,1.7,Q,2024-10-01,2024-12-31,2025-03-31,91,d,definition differs (see metadata)
2025-05-01,IT,job_vacancy_rate,1.7,Q,2024-10-01,2024-12-31,2025-03-31,121,d,definition differs (see metadata)
2025-06-01,IT,job_vacancy_rate,1.7,Q,2024-10-01,2024-12-31,2025-03-31,152,d,definition differs (see metadata)
2025-07-01,IT,job_vacancy_rate,2.3,Q,2025-01-01,2025-03-31,2025-06-29,92,d,definition differs (see metadata)
2025-08-01,IT,job_vacancy_rate,2.3,Q,2025-01-01,2025-03-31,2025-06-29,123,d,definition differs (see metadata)
2025-09-01,IT,job_vacancy_rate,2.3,Q,2025-01-01,2025-03-31,2025-06-29,154,d,definition differs (see metadata)
2025-10-01,IT,job_vacancy_rate,1.8,Q,2025-04-01,2025-06-30,2025-09-28,93,d,definition differs (see metadata)
2025-11-01,IT,job_vacancy_rate,1.8,Q,2025-04-01,2025-06-30,2025-09-28,124,d,definition differs (see metadata)
2025-12-01,IT,job_vacancy_rate,1.8,Q,2025-04-01,2025-06-30,2025-09-28,154,d,definition differs (see metadata)
2020-01-01,PL,job_vacancy_rate,1.1,Q,2019-07-01,2019-09-30,2019-12-29,93,,
2020-02-01,PL,job_vacancy_rate,1.1,Q,2019-07-01,2019-09-30,2019-12-29,124,,
2020-03-01,PL,job_vacancy_rate,1.1,Q,2019-07-01,2019-09-30,2019-12-29,153,,
2020-04-01,PL,job_vacancy_rate,1.0,Q,2019-10-01,2019-12-31,2020-03-30,92,,
2020-05-01,PL,job_vacancy_rate,1.0,Q,2019-10-01,2019-12-31,2020-03-30,122,,
2020-06-01,PL,job_vacancy_rate,1.0,Q,2019-10-01,2019-12-31,2020-03-30,153,,
2020-07-01,PL,job_vacancy_rate,0.6,Q,2020-01-01,2020-03-31,2020-06-29,92,,
2020-08-01,PL,job_vacancy_rate,0.6,Q,2020-01-01,2020-03-31,2020-06-29,123,,
2020-09-01,PL,job_vacancy_rate,0.6,Q,2020-01-01,2020-03-31,2020-06-29,154,,
2020-10-01,PL,job_vacancy_rate,0.7,Q,2020-04-01,2020-06-30,2020-09-28,93,,
2020-11-01,PL,job_vacancy_rate,0.7,Q,2020-04-01,2020-06-30,2020-09-28,124,,
2020-12-01,PL,job_vacancy_rate,0.7,Q,2020-04-01,2020-06-30,2020-09-28,154,,
2021-01-01,PL,job_vacancy_rate,0.7,Q,2020-07-01,2020-09-30,2020-12-29,93,,
2021-02-01,PL,job_vacancy_rate,0.7,Q,2020-07-01,2020-09-30,2020-12-29,124,,
2021-03-01,PL,job_vacancy_rate,0.7,Q,2020-07-01,2020-09-30,2020-12-29,152,,
2021-04-01,PL,job_vacancy_rate,0.7,Q,2020-10-01,2020-12-31,2021-03-31,91,,
2021-05-01,PL,job_vacancy_rate,0.7,Q,2020-10-01,2020-12-31,2021-03-31,121,,
2021-06-01,PL,job_vacancy_rate,0.7,Q,2020-10-01,2020-12-31,2021-03-31,152,,
2021-07-01,PL,job_vacancy_rate,0.9,Q,2021-01-01,2021-03-31,2021-06-29,92,,
2021-08-01,PL,job_vacancy_rate,0.9,Q,2021-01-01,2021-03-31,2021-06-29,123,,
2021-09-01,PL,job_vacancy_rate,0.9,Q,2021-01-01,2021-03-31,2021-06-29,154,,
2021-10-01,PL,job_vacancy_rate,1.2,Q,2021-04-01,2021-06-30,2021-09-28,93,,
2021-11-01,PL,job_vacancy_rate,1.2,Q,2021-04-01,2021-06-30,2021-09-28,124,,
2021-12-01,PL,job_vacancy_rate,1.2,Q,2021-04-01,2021-06-30,2021-09-28,154,,
2022-01-01,PL,job_vacancy_rate,1.2,Q,2021-07-01,2021-09-30,2021-12-29,93,,
2022-02-01,PL,job_vacancy_rate,1.2,Q,2021-07-01,2021-09-30,2021-12-29,124,,
2022-03-01,PL,job_vacancy_rate,1.2,Q,2021-07-01,2021-09-30,2021-12-29,152,,
2022-04-01,PL,job_vacancy_rate,1.1,Q,2021-10-01,2021-12-31,2022-03-31,91,,
2022-05-01,PL,job_vacancy_rate,1.1,Q,2021-10-01,2021-12-31,2022-03-31,121,,
2022-06-01,PL,job_vacancy_rate,1.1,Q,2021-10-01,2021-12-31,2022-03-31,152,,
2022-07-01,PL,job_vacancy_rate,1.3,Q,2022-01-01,2022-03-31,2022-06-29,92,,
2022-08-01,PL,job_vacancy_rate,1.3,Q,2022-01-01,2022-03-31,2022-06-29,123,,
2022-09-01,PL,job_vacancy_rate,1.3,Q,2022-01-01,2022-03-31,2022-06-29,154,,
2022-10-01,PL,job_vacancy_rate,1.2,Q,2022-04-01,2022-06-30,2022-09-28,93,,
2022-11-01,PL,job_vacancy_rate,1.2,Q,2022-04-01,2022-06-30,2022-09-28,124,,
2022-12-01,PL,job_vacancy_rate,1.2,Q,2022-04-01,2022-06-30,2022-09-28,154,,
2023-01-01,PL,job_vacancy_rate,1.1,Q,2022-07-01,2022-09-30,2022-12-29,93,,
2023-02-01,PL,job_vacancy_rate,1.1,Q,2022-07-01,2022-09-30,2022-12-29,124,,
2023-03-01,PL,job_vacancy_rate,1.1,Q,2022-07-01,2022-09-30,2022-12-29,152,,
2023-04-01,PL,job_vacancy_rate,0.9,Q,2022-10-01,2022-12-31,2023-03-31,91,,
2023-05-01,PL,job_vacancy_rate,0.9,Q,2022-10-01,2022-12-31,2023-03-31,121,,
2023-06-01,PL,job_vacancy_rate,0.9,Q,2022-10-01,2022-12-31,2023-03-31,152,,
2023-07-01,PL,job_vacancy_rate,0.9,Q,2023-01-01,2023-03-31,2023-06-29,92,,
2023-08-01,PL,job_vacancy_rate,0.9,Q,2023-01-01,2023-03-31,2023-06-29,123,,
2023-09-01,PL,job_vacancy_rate,0.9,Q,2023-01-01,2023-03-31,2023-06-29,154,,
2023-10-01,PL,job_vacancy_rate,0.9,Q,2023-04-01,2023-06-30,2023-09-28,93,,
2023-11-01,PL,job_vacancy_rate,0.9,Q,2023-04-01,2023-06-30,2023-09-28,124,,
2023-12-01,PL,job_vacancy_rate,0.9,Q,2023-04-01,2023-06-30,2023-09-28,154,,
2024-01-01,PL,job_vacancy_rate,0.9,Q,2023-07-01,2023-09-30,2023-12-29,93,,
2024-02-01,PL,job_vacancy_rate,0.9,Q,2023-07-01,2023-09-30,2023-12-29,124,,
2024-03-01,PL,job_vacancy_rate,0.9,Q,2023-07-01,2023-09-30,2023-12-29,153,,
2024-04-01,PL,job_vacancy_rate,0.8,Q,2023-10-01,2023-12-31,2024-03-30,92,,
2024-05-01,PL,job_vacancy_rate,0.8,Q,2023-10-01,2023-12-31,2024-03-30,122,,
2024-06-01,PL,job_vacancy_rate,0.8,Q,2023-10-01,2023-12-31,2024-03-30,153,,
2024-07-01,PL,job_vacancy_rate,0.9,Q,2024-01-01,2024-03-31,2024-06-29,92,,
2024-08-01,PL,job_vacancy_rate,0.9,Q,2024-01-01,2024-03-31,2024-06-29,123,,
2024-09-01,PL,job_vacancy_rate,0.9,Q,2024-01-01,2024-03-31,2024-06-29,154,,
2024-10-01,PL,job_vacancy_rate,0.9,Q,2024-04-01,2024-06-30,2024-09-28,93,,
2024-11-01,PL,job_vacancy_rate,0.9,Q,2024-04-01,2024-06-30,2024-09-28,124,,
2024-12-01,PL,job_vacancy_rate,0.9,Q,2024-04-01,2024-06-30,2024-09-28,154,,
2025-01-01,PL,job_vacancy_rate,0.9,Q,2024-07-01,2024-09-30,2024-12-29,93,,
2025-02-01,PL,job_vacancy_rate,0.9,Q,2024-07-01,2024-09-30,2024-12-29,124,,
2025-03-01,PL,job_vacancy_rate,0.9,Q,2024-07-01,2024-09-30,2024-12-29,152,,
2025-04-01,PL,job_vacancy_rate,0.7,Q,2024-10-01,2024-12-31,2025-03-31,91,,
2025-05-01,PL,job_vacancy_rate,0.7,Q,2024-10-01,2024-12-31,2025-03-31,121,,
2025-06-01,PL,job_vacancy_rate,0.7,Q,2024-10-01,2024-12-31,2025-03-31,152,,
2025-07-01,PL,job_vacancy_rate,0.8,Q,2025-01-01,2025-03-31,2025-06-29,92,,
2025-08-01,PL,job_vacancy_rate,0.8,Q,2025-01-01,2025-03-31,2025-06-29,123,,
2025-09-01,PL,job_vacancy_rate,0.8,Q,2025-01-01,2025-03-31,2025-06-29,154,,
2025-10-01,PL,job_vacancy_rate,0.8,Q,2025-04-01,2025-06-30,2025-09-28,93,,
2025-11-01,PL,job_vacancy_rate,0.8,Q,2025-04-01,2025-06-30,2025-09-28,124,,
2025-12-01,PL,job_vacancy_rate,0.8,Q,2025-04-01,2025-06-30,2025-09-28,154,,
2020-01-01,RO,job_vacancy_rate,1.1,Q,2019-07-01,2019-09-30,2019-12-29,93,,
2020-02-01,RO,job_vacancy_rate,1.1,Q,2019-07-01,2019-09-30,2019-12-29,124,,
2020-03-01,RO,job_vacancy_rate,1.1,Q,2019-07-01,2019-09-30,2019-12-29,153,,
2020-04-01,RO,job_vacancy_rate,1.0,Q,2019-10-01,2019-12-31,2020-03-30,92,,
2020-05-01,RO,job_vacancy_rate,1.0,Q,2019-10-01,2019-12-31,2020-03-30,122,,
2020-06-01,RO,job_vacancy_rate,1.0,Q,2019-10-01,2019-12-31,2020-03-30,153,,
2020-07-01,RO,job_vacancy_rate,0.9,Q,2020-01-01,2020-03-31,2020-06-29,92,,
2020-08-01,RO,job_vacancy_rate,0.9,Q,2020-01-01,2020-03-31,2020-06-29,123,,
2020-09-01,RO,job_vacancy_rate,0.9,Q,2020-01-01,2020-03-31,2020-06-29,154,,
2020-10-01,RO,job_vacancy_rate,0.7,Q,2020-04-01,2020-06-30,2020-09-28,93,,
2020-11-01,RO,job_vacancy_rate,0.7,Q,2020-04-01,2020-06-30,2020-09-28,124,,
2020-12-01,RO,job_vacancy_rate,0.7,Q,2020-04-01,2020-06-30,2020-09-28,154,,
2021-01-01,RO,job_vacancy_rate,0.8,Q,2020-07-01,2020-09-30,2020-12-29,93,,
2021-02-01,RO,job_vacancy_rate,0.8,Q,2020-07-01,2020-09-30,2020-12-29,124,,
2021-03-01,RO,job_vacancy_rate,0.8,Q,2020-07-01,2020-09-30,2020-12-29,152,,
2021-04-01,RO,job_vacancy_rate,0.7,Q,2020-10-01,2020-12-31,2021-03-31,91,,
2021-05-01,RO,job_vacancy_rate,0.7,Q,2020-10-01,2020-12-31,2021-03-31,121,,
2021-06-01,RO,job_vacancy_rate,0.7,Q,2020-10-01,2020-12-31,2021-03-31,152,,
2021-07-01,RO,job_vacancy_rate,0.8,Q,2021-01-01,2021-03-31,2021-06-29,92,,
2021-08-01,RO,job_vacancy_rate,0.8,Q,2021-01-01,2021-03-31,2021-06-29,123,,
2021-09-01,RO,job_vacancy_rate,0.8,Q,2021-01-01,2021-03-31,2021-06-29,154,,
2021-10-01,RO,job_vacancy_rate,0.8,Q,2021-04-01,2021-06-30,2021-09-28,93,,
2021-11-01,RO,job_vacancy_rate,0.8,Q,2021-04-01,2021-06-30,2021-09-28,124,,
2021-12-01,RO,job_vacancy_rate,0.8,Q,2021-04-01,2021-06-30,2021-09-28,154,,
2022-01-01,RO,job_vacancy_rate,1.0,Q,2021-07-01,2021-09-30,2021-12-29,93,,
2022-02-01,RO,job_vacancy_rate,1.0,Q,2021-07-01,2021-09-30,2021-12-29,124,,
2022-03-01,RO,job_vacancy_rate,1.0,Q,2021-07-01,2021-09-30,2021-12-29,152,,
2022-04-01,RO,job_vacancy_rate,0.9,Q,2021-10-01,2021-12-31,2022-03-31,91,,
2022-05-01,RO,job_vacancy_rate,0.9,Q,2021-10-01,2021-12-31,2022-03-31,121,,
2022-06-01,RO,job_vacancy_rate,0.9,Q,2021-10-01,2021-12-31,2022-03-31,152,,
2022-07-01,RO,job_vacancy_rate,1.0,Q,2022-01-01,2022-03-31,2022-06-29,92,,
2022-08-01,RO,job_vacancy_rate,1.0,Q,2022-01-01,2022-03-31,2022-06-29,123,,
2022-09-01,RO,job_vacancy_rate,1.0,Q,2022-01-01,2022-03-31,2022-06-29,154,,
2022-10-01,RO,job_vacancy_rate,0.9,Q,2022-04-01,2022-06-30,2022-09-28,93,,
2022-11-01,RO,job_vacancy_rate,0.9,Q,2022-04-01,2022-06-30,2022-09-28,124,,
2022-12-01,RO,job_vacancy_rate,0.9,Q,2022-04-01,2022-06-30,2022-09-28,154,,
2023-01-01,RO,job_vacancy_rate,0.9,Q,2022-07-01,2022-09-30,2022-12-29,93,,
2023-02-01,RO,job_vacancy_rate,0.9,Q,2022-07-01,2022-09-30,2022-12-29,124,,
2023-03-01,RO,job_vacancy_rate,0.9,Q,2022-07-01,2022-09-30,2022-12-29,152,,
2023-04-01,RO,job_vacancy_rate,0.8,Q,2022-10-01,2022-12-31,2023-03-31,91,,
2023-05-01,RO,job_vacancy_rate,0.8,Q,2022-10-01,2022-12-31,2023-03-31,121,,
2023-06-01,RO,job_vacancy_rate,0.8,Q,2022-10-01,2022-12-31,2023-03-31,152,,
2023-07-01,RO,job_vacancy_rate,0.9,Q,2023-01-01,2023-03-31,2023-06-29,92,,
2023-08-01,RO,job_vacancy_rate,0.9,Q,2023-01-01,2023-03-31,2023-06-29,123,,
2023-09-01,RO,job_vacancy_rate,0.9,Q,2023-01-01,2023-03-31,2023-06-29,154,,
2023-10-01,RO,job_vacancy_rate,0.8,Q,2023-04-01,2023-06-30,2023-09-28,93,,
2023-11-01,RO,job_vacancy_rate,0.8,Q,2023-04-01,2023-06-30,2023-09-28,124,,
2023-12-01,RO,job_vacancy_rate,0.8,Q,2023-04-01,2023-06-30,2023-09-28,154,,
2024-01-01,RO,job_vacancy_rate,0.8,Q,2023-07-01,2023-09-30,2023-12-29,93,,
2024-02-01,RO,job_vacancy_rate,0.8,Q,2023-07-01,2023-09-30,2023-12-29,124,,
2024-03-01,RO,job_vacancy_rate,0.8,Q,2023-07-01,2023-09-30,2023-12-29,153,,
2024-04-01,RO,job_vacancy_rate,0.7,Q,2023-10-01,2023-12-31,2024-03-30,92,,
2024-05-01,RO,job_vacancy_rate,0.7,Q,2023-10-01,2023-12-31,2024-03-30,122,,
2024-06-01,RO,job_vacancy_rate,0.7,Q,2023-10-01,2023-12-31,2024-03-30,153,,
2024-07-01,RO,job_vacancy_rate,0.7,Q,2024-01-01,2024-03-31,2024-06-29,92,,
2024-08-01,RO,job_vacancy_rate,0.7,Q,2024-01-01,2024-03-31,2024-06-29,123,,
2024-09-01,RO,job_vacancy_rate,0.7,Q,2024-01-01,2024-03-31,2024-06-29,154,,
2024-10-01,RO,job_vacancy_rate,0.7,Q,2024-04-01,2024-06-30,2024-09-28,93,,
2024-11-01,RO,job_vacancy_rate,0.7,Q,2024-04-01,2024-06-30,2024-09-28,124,,
2024-12-01,RO,job_vacancy_rate,0.7,Q,2024-04-01,2024-06-30,2024-09-28,154,,
2025-01-01,RO,job_vacancy_rate,0.8,Q,2024-07-01,2024-09-30,2024-12-29,93,,
2025-02-01,RO,job_vacancy_rate,0.8,Q,2024-07-01,2024-09-30,2024-12-29,124,,
2025-03-01,RO,job_vacancy_rate,0.8,Q,2024-07-01,2024-09-30,2024-12-29,152,,
2025-04-01,RO,job_vacancy_rate,0.7,Q,2024-10-01,2024-12-31,2025-03-31,91,,
2025-05-01,RO,job_vacancy_rate,0.7,Q,2024-10-01,2024-12-31,2025-03-31,121,,
2025-06-01,RO,job_vacancy_rate,0.7,Q,2024-10-01,2024-12-31,2025-03-31,152,,
2025-07-01,RO,job_vacancy_rate,0.6,Q,2025-01-01,2025-03-31,2025-06-29,92,,
2025-08-01,RO,job_vacancy_rate,0.6,Q,2025-01-01,2025-03-31,2025-06-29,123,,
2025-09-01,RO,job_vacancy_rate,0.6,Q,2025-01-01,2025-03-31,2025-06-29,154,,
2025-10-01,RO,job_vacancy_rate,0.6,Q,2025-04-01,2025-06-30,2025-09-28,93,,
2025-11-01,RO,job_vacancy_rate,0.6,Q,2025-04-01,2025-06-30,2025-09-28,124,,
2025-12-01,RO,job_vacancy_rate,0.6,Q,2025-04-01,2025-06-30,2025-09-28,154,,
2020-01-01,BG,unemployment_rate,5.1,M,2019-10-01,2019-10-31,2020-01-01,62,,
2020-02-01,BG,unemployment_rate,5.2,M,2019-11-01,2019-11-30,2020-01-31,63,,
2020-03-01,BG,unemployment_rate,5.2,M,2019-11-01,2019-11-30,2020-01-31,92,,
2020-04-01,BG,unemployment_rate,5.2,M,2019-12-01,2019-12-31,2020-03-02,92,,
2020-05-01,BG,unemployment_rate,5.0,M,2020-02-01,2020-02-29,2020-05-01,62,,
2020-06-01,BG,unemployment_rate,5.2,M,2020-03-01,2020-03-31,2020-06-01,62,,
2020-07-01,BG,unemployment_rate,6.7,M,2020-04-01,2020-04-30,2020-07-01,62,,
2020-08-01,BG,unemployment_rate,6.7,M,2020-05-01,2020-05-31,2020-08-01,62,,
2020-09-01,BG,unemployment_rate,6.4,M,2020-06-01,2020-06-30,2020-08-31,63,,
2020-10-01,BG,unemployment_rate,6.1,M,2020-07-01,2020-07-31,2020-10-01,62,,
2020-11-01,BG,unemployment_rate,6.1,M,2020-08-01,2020-08-31,2020-11-01,62,,
2020-12-01,BG,unemployment_rate,6.3,M,2020-09-01,2020-09-30,2020-12-01,62,,
2021-01-01,BG,unemployment_rate,6.4,M,2020-10-01,2020-10-31,2021-01-01,62,,
2021-02-01,BG,unemployment_rate,6.3,M,2020-11-01,2020-11-30,2021-01-31,63,,
2021-03-01,BG,unemployment_rate,6.3,M,2020-11-01,2020-11-30,2021-01-31,91,,
2021-04-01,BG,unemployment_rate,6.2,M,2020-12-01,2020-12-31,2021-03-03,91,,
2021-05-01,BG,unemployment_rate,5.9,M,2021-02-01,2021-02-28,2021-05-01,62,,
2021-06-01,BG,unemployment_rate,5.7,M,2021-03-01,2021-03-31,2021-06-01,62,,
2021-07-01,BG,unemployment_rate,5.5,M,2021-04-01,2021-04-30,2021-07-01,62,,
2021-08-01,BG,unemployment_rate,5.4,M,2021-05-01,2021-05-31,2021-08-01,62,,
2021-09-01,BG,unemployment_rate,5.2,M,2021-06-01,2021-06-30,2021-08-31,63,,
2021-10-01,BG,unemployment_rate,5.0,M,2021-07-01,2021-07-31,2021-10-01,62,,
2021-11-01,BG,unemployment_rate,4.9,M,2021-08-01,2021-08-31,2021-11-01,62,,
2021-12-01,BG,unemployment_rate,4.8,M,2021-09-01,2021-09-30,2021-12-01,62,,
2022-01-01,BG,unemployment_rate,4.6,M,2021-10-01,2021-10-31,2022-01-01,62,,
2022-02-01,BG,unemployment_rate,4.6,M,2021-11-01,2021-11-30,2022-01-31,63,,
2022-03-01,BG,unemployment_rate,4.6,M,2021-11-01,2021-11-30,2022-01-31,91,,
2022-04-01,BG,unemployment_rate,4.5,M,2021-12-01,2021-12-31,2022-03-03,91,,
2022-05-01,BG,unemployment_rate,4.4,M,2022-02-01,2022-02-28,2022-05-01,62,,
2022-06-01,BG,unemployment_rate,4.4,M,2022-03-01,2022-03-31,2022-06-01,62,,
2022-07-01,BG,unemployment_rate,4.4,M,2022-04-01,2022-04-30,2022-07-01,62,,
2022-08-01,BG,unemployment_rate,4.4,M,2022-05-01,2022-05-31,2022-08-01,62,,
2022-09-01,BG,unemployment_rate,4.2,M,2022-06-01,2022-06-30,2022-08-31,63,,
2022-10-01,BG,unemployment_rate,4.0,M,2022-07-01,2022-07-31,2022-10-01,62,,
2022-11-01,BG,unemployment_rate,3.9,M,2022-08-01,2022-08-31,2022-11-01,62,,
2022-12-01,BG,unemployment_rate,3.9,M,2022-09-01,2022-09-30,2022-12-01,62,,
2023-01-01,BG,unemployment_rate,3.8,M,2022-10-01,2022-10-31,2023-01-01,62,,
2023-02-01,BG,unemployment_rate,3.8,M,2022-11-01,2022-11-30,2023-01-31,63,,
2023-03-01,BG,unemployment_rate,3.8,M,2022-11-01,2022-11-30,2023-01-31,91,,
2023-04-01,BG,unemployment_rate,4.0,M,2022-12-01,2022-12-31,2023-03-03,91,,
2023-05-01,BG,unemployment_rate,4.1,M,2023-02-01,2023-02-28,2023-05-01,62,,
2023-06-01,BG,unemployment_rate,4.2,M,2023-03-01,2023-03-31,2023-06-01,62,,
2023-07-01,BG,unemployment_rate,4.4,M,2023-04-01,2023-04-30,2023-07-01,62,,
2023-08-01,BG,unemployment_rate,4.4,M,2023-05-01,2023-05-31,2023-08-01,62,,
2023-09-01,BG,unemployment_rate,4.5,M,2023-06-01,2023-06-30,2023-08-31,63,,
2023-10-01,BG,unemployment_rate,4.5,M,2023-07-01,2023-07-31,2023-10-01,62,,
2023-11-01,BG,unemployment_rate,4.4,M,2023-08-01,2023-08-31,2023-11-01,62,,
2023-12-01,BG,unemployment_rate,4.4,M,2023-09-01,2023-09-30,2023-12-01,62,,
2024-01-01,BG,unemployment_rate,4.3,M,2023-10-01,2023-10-31,2024-01-01,62,,
2024-02-01,BG,unemployment_rate,4.3,M,2023-11-01,2023-11-30,2024-01-31,63,,
2024-03-01,BG,unemployment_rate,4.3,M,2023-11-01,2023-11-30,2024-01-31,92,,
2024-04-01,BG,unemployment_rate,4.4,M,2023-12-01,2023-12-31,2024-03-02,92,,
2024-05-01,BG,unemployment_rate,4.8,M,2024-02-01,2024-02-29,2024-05-01,62,,
2024-06-01,BG,unemployment_rate,4.6,M,2024-03-01,2024-03-31,2024-06-01,62,,
2024-07-01,BG,unemployment_rate,4.3,M,2024-04-01,2024-04-30,2024-07-01,62,,
2024-08-01,BG,unemployment_rate,4.0,M,2024-05-01,2024-05-31,2024-08-01,62,,
2024-09-01,BG,unemployment_rate,4.0,M,2024-06-01,2024-06-30,2024-08-31,63,,
2024-10-01,BG,unemployment_rate,3.9,M,2024-07-01,2024-07-31,2024-10-01,62,,
2024-11-01,BG,unemployment_rate,3.9,M,2024-08-01,2024-08-31,2024-11-01,62,,
2024-12-01,BG,unemployment_rate,4.0,M,2024-09-01,2024-09-30,2024-12-01,62,,
2025-01-01,BG,unemployment_rate,4.0,M,2024-10-01,2024-10-31,2025-01-01,62,,
2025-02-01,BG,unemployment_rate,4.0,M,2024-11-01,2024-11-30,2025-01-31,63,,
2025-03-01,BG,unemployment_rate,4.0,M,2024-11-01,2024-11-30,2025-01-31,91,,
2025-04-01,BG,unemployment_rate,3.9,M,2024-12-01,2024-12-31,2025-03-03,91,,
2025-05-01,BG,unemployment_rate,3.6,M,2025-02-01,2025-02-28,2025-05-01,62,,
2025-06-01,BG,unemployment_rate,3.5,M,2025-03-01,2025-03-31,2025-06-01,62,,
2025-07-01,BG,unemployment_rate,3.4,M,2025-04-01,2025-04-30,2025-07-01,62,,
2025-08-01,BG,unemployment_rate,3.4,M,2025-05-01,2025-05-31,2025-08-01,62,,
2025-09-01,BG,unemployment_rate,3.6,M,2025-06-01,2025-06-30,2025-08-31,63,,
2025-10-01,BG,unemployment_rate,3.8,M,2025-07-01,2025-07-31,2025-10-01,62,,
2025-11-01,BG,unemployment_rate,3.7,M,2025-08-01,2025-08-31,2025-11-01,62,,
2025-12-01,BG,unemployment_rate,3.6,M,2025-09-01,2025-09-30,2025-12-01,62,,
2020-01-01,GR,unemployment_rate,17.4,M,2019-10-01,2019-10-31,2020-01-01,62,,
2020-02-01,GR,unemployment_rate,17.0,M,2019-11-01,2019-11-30,2020-01-31,63,,
2020-03-01,GR,unemployment_rate,17.0,M,2019-11-01,2019-11-30,2020-01-31,92,,
2020-04-01,GR,unemployment_rate,16.9,M,2019-12-01,2019-12-31,2020-03-02,92,,
2020-05-01,GR,unemployment_rate,15.8,M,2020-02-01,2020-02-29,2020-05-01,62,,
2020-06-01,GR,unemployment_rate,16.7,M,2020-03-01,2020-03-31,2020-06-01,62,,
2020-07-01,GR,unemployment_rate,18.5,M,2020-04-01,2020-04-30,2020-07-01,62,,
2020-08-01,GR,unemployment_rate,19.7,M,2020-05-01,2020-05-31,2020-08-01,62,,
2020-09-01,GR,unemployment_rate,20.3,M,2020-06-01,2020-06-30,2020-08-31,63,,
2020-10-01,GR,unemployment_rate,17.7,M,2020-07-01,2020-07-31,2020-10-01,62,,
2020-11-01,GR,unemployment_rate,17.0,M,2020-08-01,2020-08-31,2020-11-01,62,,
2020-12-01,GR,unemployment_rate,17.0,M,2020-09-01,2020-09-30,2020-12-01,62,,
2021-01-01,GR,unemployment_rate,17.8,M,2020-10-01,2020-10-31,2021-01-01,62,,
2021-02-01,GR,unemployment_rate,17.5,M,2020-11-01,2020-11-30,2021-01-31,63,,
2021-03-01,GR,unemployment_rate,17.5,M,2020-11-01,2020-11-30,2021-01-31,91,,
2021-04-01,GR,unemployment_rate,16.7,M,2020-12-01,2020-12-31,2021-03-03,91,,
2021-05-01,GR,unemployment_rate,15.9,M,2021-02-01,2021-02-28,2021-05-01,62,,
2021-06-01,GR,unemployment_rate,16.5,M,2021-03-01,2021-03-31,2021-06-01,62,,
2021-07-01,GR,unemployment_rate,17.1,M,2021-04-01,2021-04-30,2021-07-01,62,,
2021-08-01,GR,unemployment_rate,16.0,M,2021-05-01,2021-05-31,2021-08-01,62,,
2021-09-01,GR,unemployment_rate,15.1,M,2021-06-01,2021-06-30,2021-08-31,63,,
2021-10-01,GR,unemployment_rate,14.1,M,2021-07-01,2021-07-31,2021-10-01,62,,
2021-11-01,GR,unemployment_rate,14.1,M,2021-08-01,2021-08-31,2021-11-01,62,,
2021-12-01,GR,unemployment_rate,13.3,M,2021-09-01,2021-09-30,2021-12-01,62,,
2022-01-01,GR,unemployment_rate,13.2,M,2021-10-01,2021-10-31,2022-01-01,62,,
2022-02-01,GR,unemployment_rate,13.2,M,2021-11-01,2021-11-30,2022-01-31,63,,
2022-03-01,GR,unemployment_rate,13.2,M,2021-11-01,2021-11-30,2022-01-31,91,,
2022-04-01,GR,unemployment_rate,13.0,M,2021-12-01,2021-12-31,2022-03-03,91,,
2022-05-01,GR,unemployment_rate,12.9,M,2022-02-01,2022-02-28,2022-05-01,62,,
2022-06-01,GR,unemployment_rate,12.5,M,2022-03-01,2022-03-31,2022-06-01,62,,
2022-07-01,GR,unemployment_rate,12.5,M,2022-04-01,2022-04-30,2022-07-01,62,,
2022-08-01,GR,unemployment_rate,12.9,M,2022-05-01,2022-05-31,2022-08-01,62,,
2022-09-01,GR,unemployment_rate,12.5,M,2022-06-01,2022-06-30,2022-08-31,63,,
2022-10-01,GR,unemployment_rate,12.8,M,2022-07-01,2022-07-31,2022-10-01,62,,
2022-11-01,GR,unemployment_rate,12.4,M,2022-08-01,2022-08-31,2022-11-01,62,,
2022-12-01,GR,unemployment_rate,12.1,M,2022-09-01,2022-09-30,2022-12-01,62,,
2023-01-01,GR,unemployment_rate,11.8,M,2022-10-01,2022-10-31,2023-01-01,62,,
2023-02-01,GR,unemployment_rate,11.6,M,2022-11-01,2022-11-30,2023-01-31,63,,
2023-03-01,GR,unemployment_rate,11.6,M,2022-11-01,2022-11-30,2023-01-31,91,,
2023-04-01,GR,unemployment_rate,12.1,M,2022-12-01,2022-12-31,2023-03-03,91,,
2023-05-01,GR,unemployment_rate,11.1,M,2023-02-01,2023-02-28,2023-05-01,62,,
2023-06-01,GR,unemployment_rate,11.4,M,2023-03-01,2023-03-31,2023-06-01,62,,
2023-07-01,GR,unemployment_rate,11.4,M,2023-04-01,2023-04-30,2023-07-01,62,,
2023-08-01,GR,unemployment_rate,11.3,M,2023-05-01,2023-05-31,2023-08-01,62,,
2023-09-01,GR,unemployment_rate,11.7,M,2023-06-01,2023-06-30,2023-08-31,63,,
2023-10-01,GR,unemployment_rate,11.7,M,2023-07-01,2023-07-31,2023-10-01,62,,
2023-11-01,GR,unemployment_rate,11.5,M,2023-08-01,2023-08-31,2023-11-01,62,,
2023-12-01,GR,unemployment_rate,10.9,M,2023-09-01,2023-09-30,2023-12-01,62,,
2024-01-01,GR,unemployment_rate,10.8,M,2023-10-01,2023-10-31,2024-01-01,62,,
2024-02-01,GR,unemployment_rate,10.1,M,2023-11-01,2023-11-30,2024-01-31,63,,
2024-03-01,GR,unemployment_rate,10.1,M,2023-11-01,2023-11-30,2024-01-31,92,,
2024-04-01,GR,unemployment_rate,10.4,M,2023-12-01,2023-12-31,2024-03-02,92,,
2024-05-01,GR,unemployment_rate,11.4,M,2024-02-01,2024-02-29,2024-05-01,62,,
2024-06-01,GR,unemployment_rate,10.6,M,2024-03-01,2024-03-31,2024-06-01,62,,
2024-07-01,GR,unemployment_rate,10.8,M,2024-04-01,2024-04-30,2024-07-01,62,,
2024-08-01,GR,unemployment_rate,10.5,M,2024-05-01,2024-05-31,2024-08-01,62,,
2024-09-01,GR,unemployment_rate,9.0,M,2024-06-01,2024-06-30,2024-08-31,63,,
2024-10-01,GR,unemployment_rate,9.8,M,2024-07-01,2024-07-31,2024-10-01,62,,
2024-11-01,GR,unemployment_rate,9.6,M,2024-08-01,2024-08-31,2024-11-01,62,,
2024-12-01,GR,unemployment_rate,9.7,M,2024-09-01,2024-09-30,2024-12-01,62,,
2025-01-01,GR,unemployment_rate,9.7,M,2024-10-01,2024-10-31,2025-01-01,62,,
2025-02-01,GR,unemployment_rate,9.7,M,2024-11-01,2024-11-30,2025-01-31,63,,
2025-03-01,GR,unemployment_rate,9.7,M,2024-11-01,2024-11-30,2025-01-31,91,,
2025-04-01,GR,unemployment_rate,9.4,M,2024-12-01,2024-12-31,2025-03-03,91,,
2025-05-01,GR,unemployment_rate,9.1,M,2025-02-01,2025-02-28,2025-05-01,62,,
2025-06-01,GR,unemployment_rate,9.2,M,2025-03-01,2025-03-31,2025-06-01,62,,
2025-07-01,GR,unemployment_rate,8.9,M,2025-04-01,2025-04-30,2025-07-01,62,,
2025-08-01,GR,unemployment_rate,8.7,M,2025-05-01,2025-05-31,2025-08-01,62,,
2025-09-01,GR,unemployment_rate,9.2,M,2025-06-01,2025-06-30,2025-08-31,63,,
2025-10-01,GR,unemployment_rate,8.9,M,2025-07-01,2025-07-31,2025-10-01,62,,
2025-11-01,GR,unemployment_rate,8.8,M,2025-08-01,2025-08-31,2025-11-01,62,,
2025-12-01,GR,unemployment_rate,8.7,M,2025-09-01,2025-09-30,2025-12-01,62,,
2020-01-01,IE,unemployment_rate,4.8,M,2019-10-01,2019-10-31,2020-01-01,62,,
2020-02-01,IE,unemployment_rate,4.7,M,2019-11-01,2019-11-30,2020-01-31,63,,
2020-03-01,IE,unemployment_rate,4.7,M,2019-11-01,2019-11-30,2020-01-31,92,,
2020-04-01,IE,unemployment_rate,4.8,M,2019-12-01,2019-12-31,2020-03-02,92,,
2020-05-01,IE,unemployment_rate,4.9,M,2020-02-01,2020-02-29,2020-05-01,62,,
2020-06-01,IE,unemployment_rate,5.0,M,2020-03-01,2020-03-31,2020-06-01,62,,
2020-07-01,IE,unemployment_rate,4.7,M,2020-04-01,2020-04-30,2020-07-01,62,,
2020-08-01,IE,unemployment_rate,5.0,M,2020-05-01,2020-05-31,2020-08-01,62,,
2020-09-01,IE,unemployment_rate,5.7,M,2020-06-01,2020-06-30,2020-08-31,63,,
2020-10-01,IE,unemployment_rate,6.7,M,2020-07-01,2020-07-31,2020-10-01,62,,
2020-11-01,IE,unemployment_rate,7.1,M,2020-08-01,2020-08-31,2020-11-01,62,,
2020-12-01,IE,unemployment_rate,7.3,M,2020-09-01,2020-09-30,2020-12-01,62,,
2021-01-01,IE,unemployment_rate,6.4,M,2020-10-01,2020-10-31,2021-01-01,62,,
2021-02-01,IE,unemployment_rate,6.2,M,2020-11-01,2020-11-30,2021-01-31,63,,
2021-03-01,IE,unemployment_rate,6.2,M,2020-11-01,2020-11-30,2021-01-31,91,,
2021-04-01,IE,unemployment_rate,6.2,M,2020-12-01,2020-12-31,2021-03-03,91,,
2021-05-01,IE,unemployment_rate,7.6,M,2021-02-01,2021-02-28,2021-05-01,62,,
2021-06-01,IE,unemployment_rate,7.7,M,2021-03-01,2021-03-31,2021-06-01,62,,
2021-07-01,IE,unemployment_rate,7.5,M,2021-04-01,2021-04-30,2021-07-01,62,,
2021-08-01,IE,unemployment_rate,7.0,M,2021-05-01,2021-05-31,2021-08-01,62,,
2021-09-01,IE,unemployment_rate,6.3,M,2021-06-01,2021-06-30,2021-08-31,63,,
2021-10-01,IE,unemployment_rate,5.7,M,2021-07-01,2021-07-31,2021-10-01,62,,
2021-11-01,IE,unemployment_rate,5.4,M,2021-08-01,2021-08-31,2021-11-01,62,,
2021-12-01,IE,unemployment_rate,5.2,M,2021-09-01,2021-09-30,2021-12-01,62,,
2022-01-01,IE,unemployment_rate,5.3,M,2021-10-01,2021-10-31,2022-01-01,62,,
2022-02-01,IE,unemployment_rate,5.3,M,2021-11-01,2021-11-30,2022-01-31,63,,
2022-03-01,IE,unemployment_rate,5.3,M,2021-11-01,2021-11-30,2022-01-31,91,,
2022-04-01,IE,unemployment_rate,5.1,M,2021-12-01,2021-12-31,2022-03-03,91,,
2022-05-01,IE,unemployment_rate,4.8,M,2022-02-01,2022-02-28,2022-05-01,62,,
2022-06-01,IE,unemployment_rate,4.9,M,2022-03-01,2022-03-31,2022-06-01,62,,
2022-07-01,IE,unemployment_rate,4.5,M,2022-04-01,2022-04-30,2022-07-01,62,,
2022-08-01,IE,unemployment_rate,4.2,M,2022-05-01,2022-05-31,2022-08-01,62,,
2022-09-01,IE,unemployment_rate,4.1,M,2022-06-01,2022-06-30,2022-08-31,63,,
2022-10-01,IE,unemployment_rate,4.1,M,2022-07-01,2022-07-31,2022-10-01,62,,
2022-11-01,IE,unemployment_rate,4.3,M,2022-08-01,2022-08-31,2022-11-01,62,,
2022-12-01,IE,unemployment_rate,4.3,M,2022-09-01,2022-09-30,2022-12-01,62,,
2023-01-01,IE,unemployment_rate,4.5,M,2022-10-01,2022-10-31,2023-01-01,62,,
2023-02-01,IE,unemployment_rate,4.5,M,2022-11-01,2022-11-30,2023-01-31,63,,
2023-03-01,IE,unemployment_rate,4.5,M,2022-11-01,2022-11-30,2023-01-31,91,,
2023-04-01,IE,unemployment_rate,4.4,M,2022-12-01,2022-12-31,2023-03-03,91,,
2023-05-01,IE,unemployment_rate,4.3,M,2023-02-01,2023-02-28,2023-05-01,62,,
2023-06-01,IE,unemployment_rate,4.1,M,2023-03-01,2023-03-31,2023-06-01,62,,
2023-07-01,IE,unemployment_rate,4.1,M,2023-04-01,2023-04-30,2023-07-01,62,,
2023-08-01,IE,unemployment_rate,4.2,M,2023-05-01,2023-05-31,2023-08-01,62,,
2023-09-01,IE,unemployment_rate,4.3,M,2023-06-01,2023-06-30,2023-08-31,63,,
2023-10-01,IE,unemployment_rate,4.3,M,2023-07-01,2023-07-31,2023-10-01,62,,
2023-11-01,IE,unemployment_rate,4.4,M,2023-08-01,2023-08-31,2023-11-01,62,,
2023-12-01,IE,unemployment_rate,4.6,M,2023-09-01,2023-09-30,2023-12-01,62,,
2024-01-01,IE,unemployment_rate,4.6,M,2023-10-01,2023-10-31,2024-01-01,62,,
2024-02-01,IE,unemployment_rate,4.5,M,2023-11-01,2023-11-30,2024-01-31,63,,
2024-03-01,IE,unemployment_rate,4.5,M,2023-11-01,2023-11-30,2024-01-31,92,,
2024-04-01,IE,unemployment_rate,4.5,M,2023-12-01,2023-12-31,2024-03-02,92,,
2024-05-01,IE,unemployment_rate,4.2,M,2024-02-01,2024-02-29,2024-05-01,62,,
2024-06-01,IE,unemployment_rate,4.2,M,2024-03-01,2024-03-31,2024-06-01,62,,
2024-07-01,IE,unemployment_rate,4.4,M,2024-04-01,2024-04-30,2024-07-01,62,,
2024-08-01,IE,unemployment_rate,4.4,M,2024-05-01,2024-05-31,2024-08-01,62,,
2024-09-01,IE,unemployment_rate,4.4,M,2024-06-01,2024-06-30,2024-08-31,63,,
2024-10-01,IE,unemployment_rate,4.4,M,2024-07-01,2024-07-31,2024-10-01,62,,
2024-11-01,IE,unemployment_rate,4.1,M,2024-08-01,2024-08-31,2024-11-01,62,,
2024-12-01,IE,unemployment_rate,4.1,M,2024-09-01,2024-09-30,2024-12-01,62,,
2025-01-01,IE,unemployment_rate,4.3,M,2024-10-01,2024-10-31,2025-01-01,62,,
2025-02-01,IE,unemployment_rate,4.3,M,2024-11-01,2024-11-30,2025-01-31,63,,
2025-03-01,IE,unemployment_rate,4.3,M,2024-11-01,2024-11-30,2025-01-31,91,,
2025-04-01,IE,unemployment_rate,4.5,M,2024-12-01,2024-12-31,2025-03-03,91,,
2025-05-01,IE,unemployment_rate,4.4,M,2025-02-01,2025-02-28,2025-05-01,62,,
2025-06-01,IE,unemployment_rate,4.5,M,2025-03-01,2025-03-31,2025-06-01,62,,
2025-07-01,IE,unemployment_rate,4.6,M,2025-04-01,2025-04-30,2025-07-01,62,,
2025-08-01,IE,unemployment_rate,4.6,M,2025-05-01,2025-05-31,2025-08-01,62,,
2025-09-01,IE,unemployment_rate,4.6,M,2025-06-01,2025-06-30,2025-08-31,63,,
2025-10-01,IE,unemployment_rate,5.0,M,2025-07-01,2025-07-31,2025-10-01,62,,
2025-11-01,IE,unemployment_rate,4.9,M,2025-08-01,2025-08-31,2025-11-01,62,,
2025-12-01,IE,unemployment_rate,4.9,M,2025-09-01,2025-09-30,2025-12-01,62,,
2020-01-01,IT,unemployment_rate,9.5,M,2019-10-01,2019-10-31,2020-01-01,62,,
2020-02-01,IT,unemployment_rate,9.8,M,2019-11-01,2019-11-30,2020-01-31,63,,
2020-03-01,IT,unemployment_rate,9.8,M,2019-11-01,2019-11-30,2020-01-31,92,,
2020-04-01,IT,unemployment_rate,9.8,M,2019-12-01,2019-12-31,2020-03-02,92,,
2020-05-01,IT,unemployment_rate,9.5,M,2020-02-01,2020-02-29,2020-05-01,62,,
2020-06-01,IT,unemployment_rate,7.6,M,2020-03-01,2020-03-31,2020-06-01,62,,
2020-07-01,IT,unemployment_rate,7.7,M,2020-04-01,2020-04-30,2020-07-01,62,,
2020-08-01,IT,unemployment_rate,8.8,M,2020-05-01,2020-05-31,2020-08-01,62,,
2020-09-01,IT,unemployment_rate,9.5,M,2020-06-01,2020-06-30,2020-08-31,63,,
2020-10-01,IT,unemployment_rate,10.2,M,2020-07-01,2020-07-31,2020-10-01,62,,
2020-11-01,IT,unemployment_rate,10.1,M,2020-08-01,2020-08-31,2020-11-01,62,,
2020-12-01,IT,unemployment_rate,10.0,M,2020-09-01,2020-09-30,2020-12-01,62,,
2021-01-01,IT,unemployment_rate,10.0,M,2020-10-01,2020-10-31,2021-01-01,62,,
2021-02-01,IT,unemployment_rate,9.5,M,2020-11-01,2020-11-30,2021-01-31,63,,
2021-03-01,IT,unemployment_rate,9.5,M,2020-11-01,2020-11-30,2021-01-31,91,,
2021-04-01,IT,unemployment_rate,9.8,M,2020-12-01,2020-12-31,2021-03-03,91,,
2021-05-01,IT,unemployment_rate,10.2,M,2021-02-01,2021-02-28,2021-05-01,62,,
2021-06-01,IT,unemployment_rate,10.1,M,2021-03-01,2021-03-31,2021-06-01,62,,
2021-07-01,IT,unemployment_rate,10.3,M,2021-04-01,2021-04-30,2021-07-01,62,,
2021-08-01,IT,unemployment_rate,9.9,M,2021-05-01,2021-05-31,2021-08-01,62,,
2021-09-01,IT,unemployment_rate,9.5,M,2021-06-01,2021-06-30,2021-08-31,63,,
2021-10-01,IT,unemployment_rate,9.1,M,2021-07-01,2021-07-31,2021-10-01,62,,
2021-11-01,IT,unemployment_rate,9.1,M,2021-08-01,2021-08-31,2021-11-01,62,,
2021-12-01,IT,unemployment_rate,9.1,M,2021-09-01,2021-09-30,2021-12-01,62,,
2022-01-01,IT,unemployment_rate,9.1,M,2021-10-01,2021-10-31,2022-01-01,62,,
2022-02-01,IT,unemployment_rate,9.1,M,2021-11-01,2021-11-30,2022-01-31,63,,
2022-03-01,IT,unemployment_rate,9.1,M,2021-11-01,2021-11-30,2022-01-31,91,,
2022-04-01,IT,unemployment_rate,8.9,M,2021-12-01,2021-12-31,2022-03-03,91,,
2022-05-01,IT,unemployment_rate,8.3,M,2022-02-01,2022-02-28,2022-05-01,62,,
2022-06-01,IT,unemployment_rate,8.3,M,2022-03-01,2022-03-31,2022-06-01,62,,
2022-07-01,IT,unemployment_rate,8.1,M,2022-04-01,2022-04-30,2022-07-01,62,,
2022-08-01,IT,unemployment_rate,8.1,M,2022-05-01,2022-05-31,2022-08-01,62,,
2022-09-01,IT,unemployment_rate,8.2,M,2022-06-01,2022-06-30,2022-08-31,63,,
2022-10-01,IT,unemployment_rate,8.0,M,2022-07-01,2022-07-31,2022-10-01,62,,
2022-11-01,IT,unemployment_rate,8.1,M,2022-08-01,2022-08-31,2022-11-01,62,,
2022-12-01,IT,unemployment_rate,8.0,M,2022-09-01,2022-09-30,2022-12-01,62,,
2023-01-01,IT,unemployment_rate,7.8,M,2022-10-01,2022-10-31,2023-01-01,62,,
2023-02-01,IT,unemployment_rate,7.8,M,2022-11-01,2022-11-30,2023-01-31,63,,
2023-03-01,IT,unemployment_rate,7.8,M,2022-11-01,2022-11-30,2023-01-31,91,,
2023-04-01,IT,unemployment_rate,7.9,M,2022-12-01,2022-12-31,2023-03-03,91,,
2023-05-01,IT,unemployment_rate,7.8,M,2023-02-01,2023-02-28,2023-05-01,62,,
2023-06-01,IT,unemployment_rate,7.9,M,2023-03-01,2023-03-31,2023-06-01,62,,
2023-07-01,IT,unemployment_rate,7.9,M,2023-04-01,2023-04-30,2023-07-01,62,,
2023-08-01,IT,unemployment_rate,7.8,M,2023-05-01,2023-05-31,2023-08-01,62,,
2023-09-01,IT,unemployment_rate,7.5,M,2023-06-01,2023-06-30,2023-08-31,63,,
2023-10-01,IT,unemployment_rate,7.8,M,2023-07-01,2023-07-31,2023-10-01,62,,
2023-11-01,IT,unemployment_rate,7.6,M,2023-08-01,2023-08-31,2023-11-01,62,,
2023-12-01,IT,unemployment_rate,7.7,M,2023-09-01,2023-09-30,2023-12-01,62,,
2024-01-01,IT,unemployment_rate,7.7,M,2023-10-01,2023-10-31,2024-01-01,62,,
2024-02-01,IT,unemployment_rate,7.5,M,2023-11-01,2023-11-30,2024-01-31,63,,
2024-03-01,IT,unemployment_rate,7.5,M,2023-11-01,2023-11-30,2024-01-31,92,,
2024-04-01,IT,unemployment_rate,7.1,M,2023-12-01,2023-12-31,2024-03-02,92,,
2024-05-01,IT,unemployment_rate,7.3,M,2024-02-01,2024-02-29,2024-05-01,62,,
2024-06-01,IT,unemployment_rate,6.9,M,2024-03-01,2024-03-31,2024-06-01,62,,
2024-07-01,IT,unemployment_rate,6.8,M,2024-04-01,2024-04-30,2024-07-01,62,,
2024-08-01,IT,unemployment_rate,6.5,M,2024-05-01,2024-05-31,2024-08-01,62,,
2024-09-01,IT,unemployment_rate,6.7,M,2024-06-01,2024-06-30,2024-08-31,63,,
2024-10-01,IT,unemployment_rate,6.4,M,2024-07-01,2024-07-31,2024-10-01,62,,
2024-11-01,IT,unemployment_rate,6.4,M,2024-08-01,2024-08-31,2024-11-01,62,,
2024-12-01,IT,unemployment_rate,6.1,M,2024-09-01,2024-09-30,2024-12-01,62,,
2025-01-01,IT,unemployment_rate,6.1,M,2024-10-01,2024-10-31,2025-01-01,62,,
2025-02-01,IT,unemployment_rate,6.2,M,2024-11-01,2024-11-30,2025-01-31,63,,
2025-03-01,IT,unemployment_rate,6.2,M,2024-11-01,2024-11-30,2025-01-31,91,,
2025-04-01,IT,unemployment_rate,6.4,M,2024-12-01,2024-12-31,2025-03-03,91,,
2025-05-01,IT,unemployment_rate,6.1,M,2025-02-01,2025-02-28,2025-05-01,62,,
2025-06-01,IT,unemployment_rate,6.3,M,2025-03-01,2025-03-31,2025-06-01,62,,
2025-07-01,IT,unemployment_rate,6.2,M,2025-04-01,2025-04-30,2025-07-01,62,,
2025-08-01,IT,unemployment_rate,6.4,M,2025-05-01,2025-05-31,2025-08-01,62,,
2025-09-01,IT,unemployment_rate,5.9,M,2025-06-01,2025-06-30,2025-08-31,63,,
2025-10-01,IT,unemployment_rate,5.9,M,2025-07-01,2025-07-31,2025-10-01,62,,
2025-11-01,IT,unemployment_rate,5.9,M,2025-08-01,2025-08-31,2025-11-01,62,,
2025-12-01,IT,unemployment_rate,6.0,M,2025-09-01,2025-09-30,2025-12-01,62,,
2020-01-01,PL,unemployment_rate,3.0,M,2019-10-01,2019-10-31,2020-01-01,62,,
2020-02-01,PL,unemployment_rate,3.0,M,2019-11-01,2019-11-30,2020-01-31,63,,
2020-03-01,PL,unemployment_rate,3.0,M,2019-11-01,2019-11-30,2020-01-31,92,,
2020-04-01,PL,unemployment_rate,2.9,M,2019-12-01,2019-12-31,2020-03-02,92,,
2020-05-01,PL,unemployment_rate,2.8,M,2020-02-01,2020-02-29,2020-05-01,62,,
2020-06-01,PL,unemployment_rate,2.9,M,2020-03-01,2020-03-31,2020-06-01,62,,
2020-07-01,PL,unemployment_rate,3.1,M,2020-04-01,2020-04-30,2020-07-01,62,,
2020-08-01,PL,unemployment_rate,3.3,M,2020-05-01,2020-05-31,2020-08-01,62,,
2020-09-01,PL,unemployment_rate,3.4,M,2020-06-01,2020-06-30,2020-08-31,63,,
2020-10-01,PL,unemployment_rate,3.4,M,2020-07-01,2020-07-31,2020-10-01,62,,
2020-11-01,PL,unemployment_rate,3.4,M,2020-08-01,2020-08-31,2020-11-01,62,,
2020-12-01,PL,unemployment_rate,3.3,M,2020-09-01,2020-09-30,2020-12-01,62,,
2021-01-01,PL,unemployment_rate,3.2,M,2020-10-01,2020-10-31,2021-01-01,62,,
2021-02-01,PL,unemployment_rate,3.2,M,2020-11-01,2020-11-30,2021-01-31,63,,
2021-03-01,PL,unemployment_rate,3.2,M,2020-11-01,2020-11-30,2021-01-31,91,,
2021-04-01,PL,unemployment_rate,3.3,M,2020-12-01,2020-12-31,2021-03-03,91,,
2021-05-01,PL,unemployment_rate,3.8,M,2021-02-01,2021-02-28,2021-05-01,62,,
2021-06-01,PL,unemployment_rate,3.9,M,2021-03-01,2021-03-31,2021-06-01,62,,
2021-07-01,PL,unemployment_rate,3.8,M,2021-04-01,2021-04-30,2021-07-01,62,,
2021-08-01,PL,unemployment_rate,3.7,M,2021-05-01,2021-05-31,2021-08-01,62,,
2021-09-01,PL,unemployment_rate,3.5,M,2021-06-01,2021-06-30,2021-08-31,63,,
2021-10-01,PL,unemployment_rate,3.3,M,2021-07-01,2021-07-31,2021-10-01,62,,
2021-11-01,PL,unemployment_rate,3.1,M,2021-08-01,2021-08-31,2021-11-01,62,,
2021-12-01,PL,unemployment_rate,3.0,M,2021-09-01,2021-09-30,2021-12-01,62,,
2022-01-01,PL,unemployment_rate,3.0,M,2021-10-01,2021-10-31,2022-01-01,62,,
2022-02-01,PL,unemployment_rate,3.0,M,2021-11-01,2021-11-30,2022-01-31,63,,
2022-03-01,PL,unemployment_rate,3.0,M,2021-11-01,2021-11-30,2022-01-31,91,,
2022-04-01,PL,unemployment_rate,2.9,M,2021-12-01,2021-12-31,2022-03-03,91,,
2022-05-01,PL,unemployment_rate,2.8,M,2022-02-01,2022-02-28,2022-05-01,62,,
2022-06-01,PL,unemployment_rate,2.8,M,2022-03-01,2022-03-31,2022-06-01,62,,
2022-07-01,PL,unemployment_rate,2.8,M,2022-04-01,2022-04-30,2022-07-01,62,,
2022-08-01,PL,unemployment_rate,2.8,M,2022-05-01,2022-05-31,2022-08-01,62,,
2022-09-01,PL,unemployment_rate,2.8,M,2022-06-01,2022-06-30,2022-08-31,63,,
2022-10-01,PL,unemployment_rate,2.9,M,2022-07-01,2022-07-31,2022-10-01,62,,
2022-11-01,PL,unemployment_rate,3.0,M,2022-08-01,2022-08-31,2022-11-01,62,,
2022-12-01,PL,unemployment_rate,3.0,M,2022-09-01,2022-09-30,2022-12-01,62,,
2023-01-01,PL,unemployment_rate,3.0,M,2022-10-01,2022-10-31,2023-01-01,62,,
2023-02-01,PL,unemployment_rate,2.9,M,2022-11-01,2022-11-30,2023-01-31,63,,
2023-03-01,PL,unemployment_rate,2.9,M,2022-11-01,2022-11-30,2023-01-31,91,,
2023-04-01,PL,unemployment_rate,2.8,M,2022-12-01,2022-12-31,2023-03-03,91,,
2023-05-01,PL,unemployment_rate,2.6,M,2023-02-01,2023-02-28,2023-05-01,62,,
2023-06-01,PL,unemployment_rate,2.7,M,2023-03-01,2023-03-31,2023-06-01,62,,
2023-07-01,PL,unemployment_rate,2.7,M,2023-04-01,2023-04-30,2023-07-01,62,,
2023-08-01,PL,unemployment_rate,2.8,M,2023-05-01,2023-05-31,2023-08-01,62,,
2023-09-01,PL,unemployment_rate,2.8,M,2023-06-01,2023-06-30,2023-08-31,63,,
2023-10-01,PL,unemployment_rate,2.7,M,2023-07-01,2023-07-31,2023-10-01,62,,
2023-11-01,PL,unemployment_rate,2.8,M,2023-08-01,2023-08-31,2023-11-01,62,,
2023-12-01,PL,unemployment_rate,2.9,M,2023-09-01,2023-09-30,2023-12-01,62,,
2024-01-01,PL,unemployment_rate,3.0,M,2023-10-01,2023-10-31,2024-01-01,62,,
2024-02-01,PL,unemployment_rate,3.1,M,2023-11-01,2023-11-30,2024-01-31,63,,
2024-03-01,PL,unemployment_rate,3.1,M,2023-11-01,2023-11-30,2024-01-31,92,,
2024-04-01,PL,unemployment_rate,3.1,M,2023-12-01,2023-12-31,2024-03-02,92,,
2024-05-01,PL,unemployment_rate,2.9,M,2024-02-01,2024-02-29,2024-05-01,62,,
2024-06-01,PL,unemployment_rate,2.8,M,2024-03-01,2024-03-31,2024-06-01,62,,
2024-07-01,PL,unemployment_rate,2.8,M,2024-04-01,2024-04-30,2024-07-01,62,,
2024-08-01,PL,unemployment_rate,2.8,M,2024-05-01,2024-05-31,2024-08-01,62,,
2024-09-01,PL,unemployment_rate,2.9,M,2024-06-01,2024-06-30,2024-08-31,63,,
2024-10-01,PL,unemployment_rate,3.0,M,2024-07-01,2024-07-31,2024-10-01,62,,
2024-11-01,PL,unemployment_rate,3.0,M,2024-08-01,2024-08-31,2024-11-01,62,,
2024-12-01,PL,unemployment_rate,3.0,M,2024-09-01,2024-09-30,2024-12-01,62,,
2025-01-01,PL,unemployment_rate,2.8,M,2024-10-01,2024-10-31,2025-01-01,62,,
2025-02-01,PL,unemployment_rate,2.8,M,2024-11-01,2024-11-30,2025-01-31,63,,
2025-03-01,PL,unemployment_rate,2.8,M,2024-11-01,2024-11-30,2025-01-31,91,,
2025-04-01,PL,unemployment_rate,2.9,M,2024-12-01,2024-12-31,2025-03-03,91,,
2025-05-01,PL,unemployment_rate,3.2,M,2025-02-01,2025-02-28,2025-05-01,62,,
2025-06-01,PL,unemployment_rate,3.2,M,2025-03-01,2025-03-31,2025-06-01,62,,
2025-07-01,PL,unemployment_rate,3.0,M,2025-04-01,2025-04-30,2025-07-01,62,,
2025-08-01,PL,unemployment_rate,3.0,M,2025-05-01,2025-05-31,2025-08-01,62,,
2025-09-01,PL,unemployment_rate,3.0,M,2025-06-01,2025-06-30,2025-08-31,63,,
2025-10-01,PL,unemployment_rate,3.1,M,2025-07-01,2025-07-31,2025-10-01,62,,
2025-11-01,PL,unemployment_rate,3.2,M,2025-08-01,2025-08-31,2025-11-01,62,,
2025-12-01,PL,unemployment_rate,3.2,M,2025-09-01,2025-09-30,2025-12-01,62,,
2020-01-01,RO,unemployment_rate,4.8,M,2019-10-01,2019-10-31,2020-01-01,62,,
2020-02-01,RO,unemployment_rate,4.9,M,2019-11-01,2019-11-30,2020-01-31,63,,
2020-03-01,RO,unemployment_rate,4.9,M,2019-11-01,2019-11-30,2020-01-31,92,,
2020-04-01,RO,unemployment_rate,4.9,M,2019-12-01,2019-12-31,2020-03-02,92,,
2020-05-01,RO,unemployment_rate,5.3,M,2020-02-01,2020-02-29,2020-05-01,62,,
2020-06-01,RO,unemployment_rate,5.5,M,2020-03-01,2020-03-31,2020-06-01,62,,
2020-07-01,RO,unemployment_rate,6.2,M,2020-04-01,2020-04-30,2020-07-01,62,,
2020-08-01,RO,unemployment_rate,6.5,M,2020-05-01,2020-05-31,2020-08-01,62,,
2020-09-01,RO,unemployment_rate,6.7,M,2020-06-01,2020-06-30,2020-08-31,63,,
2020-10-01,RO,unemployment_rate,6.5,M,2020-07-01,2020-07-31,2020-10-01,62,,
2020-11-01,RO,unemployment_rate,6.4,M,2020-08-01,2020-08-31,2020-11-01,62,,
2020-12-01,RO,unemployment_rate,6.2,M,2020-09-01,2020-09-30,2020-12-01,62,,
2021-01-01,RO,unemployment_rate,6.1,M,2020-10-01,2020-10-31,2021-01-01,62,,
2021-02-01,RO,unemployment_rate,6.1,M,2020-11-01,2020-11-30,2021-01-31,63,,
2021-03-01,RO,unemployment_rate,6.1,M,2020-11-01,2020-11-30,2021-01-31,91,,
2021-04-01,RO,unemployment_rate,6.2,M,2020-12-01,2020-12-31,2021-03-03,91,,
2021-05-01,RO,unemployment_rate,6.1,M,2021-02-01,2021-02-28,2021-05-01,62,,
2021-06-01,RO,unemployment_rate,6.0,M,2021-03-01,2021-03-31,2021-06-01,62,,
2021-07-01,RO,unemployment_rate,5.5,M,2021-04-01,2021-04-30,2021-07-01,62,,
2021-08-01,RO,unemployment_rate,5.4,M,2021-05-01,2021-05-31,2021-08-01,62,,
2021-09-01,RO,unemployment_rate,5.2,M,2021-06-01,2021-06-30,2021-08-31,63,,
2021-10-01,RO,unemployment_rate,5.3,M,2021-07-01,2021-07-31,2021-10-01,62,,
2021-11-01,RO,unemployment_rate,5.4,M,2021-08-01,2021-08-31,2021-11-01,62,,
2021-12-01,RO,unemployment_rate,5.4,M,2021-09-01,2021-09-30,2021-12-01,62,,
2022-01-01,RO,unemployment_rate,5.7,M,2021-10-01,2021-10-31,2022-01-01,62,,
2022-02-01,RO,unemployment_rate,5.5,M,2021-11-01,2021-11-30,2022-01-31,63,,
2022-03-01,RO,unemployment_rate,5.5,M,2021-11-01,2021-11-30,2022-01-31,91,,
2022-04-01,RO,unemployment_rate,5.7,M,2021-12-01,2021-12-31,2022-03-03,91,,
2022-05-01,RO,unemployment_rate,5.9,M,2022-02-01,2022-02-28,2022-05-01,62,,
2022-06-01,RO,unemployment_rate,5.8,M,2022-03-01,2022-03-31,2022-06-01,62,,
2022-07-01,RO,unemployment_rate,5.6,M,2022-04-01,2022-04-30,2022-07-01,62,,
2022-08-01,RO,unemployment_rate,5.6,M,2022-05-01,2022-05-31,2022-08-01,62,,
2022-09-01,RO,unemployment_rate,5.5,M,2022-06-01,2022-06-30,2022-08-31,63,,
2022-10-01,RO,unemployment_rate,5.5,M,2022-07-01,2022-07-31,2022-10-01,62,,
2022-11-01,RO,unemployment_rate,5.4,M,2022-08-01,2022-08-31,2022-11-01,62,,
2022-12-01,RO,unemployment_rate,5.5,M,2022-09-01,2022-09-30,2022-12-01,62,,
2023-01-01,RO,unemployment_rate,5.5,M,2022-10-01,2022-10-31,2023-01-01,62,,
2023-02-01,RO,unemployment_rate,5.6,M,2022-11-01,2022-11-30,2023-01-31,63,,
2023-03-01,RO,unemployment_rate,5.6,M,2022-11-01,2022-11-30,2023-01-31,91,,
2023-04-01,RO,unemployment_rate,5.4,M,2022-12-01,2022-12-31,2023-03-03,91,,
2023-05-01,RO,unemployment_rate,5.6,M,2023-02-01,2023-02-28,2023-05-01,62,,
2023-06-01,RO,unemployment_rate,5.6,M,2023-03-01,2023-03-31,2023-06-01,62,,
2023-07-01,RO,unemployment_rate,5.5,M,2023-04-01,2023-04-30,2023-07-01,62,,
2023-08-01,RO,unemployment_rate,5.6,M,2023-05-01,2023-05-31,2023-08-01,62,,
2023-09-01,RO,unemployment_rate,5.7,M,2023-06-01,2023-06-30,2023-08-31,63,,
2023-10-01,RO,unemployment_rate,5.5,M,2023-07-01,2023-07-31,2023-10-01,62,,
2023-11-01,RO,unemployment_rate,5.4,M,2023-08-01,2023-08-31,2023-11-01,62,,
2023-12-01,RO,unemployment_rate,5.4,M,2023-09-01,2023-09-30,2023-12-01,62,,
2024-01-01,RO,unemployment_rate,5.5,M,2023-10-01,2023-10-31,2024-01-01,62,,
2024-02-01,RO,unemployment_rate,5.5,M,2023-11-01,2023-11-30,2024-01-31,63,,
2024-03-01,RO,unemployment_rate,5.5,M,2023-11-01,2023-11-30,2024-01-31,92,,
2024-04-01,RO,unemployment_rate,5.5,M,2023-12-01,2023-12-31,2024-03-02,92,,
2024-05-01,RO,unemployment_rate,5.2,M,2024-02-01,2024-02-29,2024-05-01,62,,
2024-06-01,RO,unemployment_rate,5.2,M,2024-03-01,2024-03-31,2024-06-01,62,,
2024-07-01,RO,unemployment_rate,5.2,M,2024-04-01,2024-04-30,2024-07-01,62,,
2024-08-01,RO,unemployment_rate,5.3,M,2024-05-01,2024-05-31,2024-08-01,62,,
2024-09-01,RO,unemployment_rate,5.2,M,2024-06-01,2024-06-30,2024-08-31,63,,
2024-10-01,RO,unemployment_rate,5.7,M,2024-07-01,2024-07-31,2024-10-01,62,,
2024-11-01,RO,unemployment_rate,5.6,M,2024-08-01,2024-08-31,2024-11-01,62,,
2024-12-01,RO,unemployment_rate,5.7,M,2024-09-01,2024-09-30,2024-12-01,62,,
2025-01-01,RO,unemployment_rate,5.7,M,2024-10-01,2024-10-31,2025-01-01,62,,
2025-02-01,RO,unemployment_rate,5.6,M,2024-11-01,2024-11-30,2025-01-31,63,,
2025-03-01,RO,unemployment_rate,5.6,M,2024-11-01,2024-11-30,2025-01-31,91,,
2025-04-01,RO,unemployment_rate,5.7,M,2024-12-01,2024-12-31,2025-03-03,91,,
2025-05-01,RO,unemployment_rate,6.1,M,2025-02-01,2025-02-28,2025-05-01,62,,
2025-06-01,RO,unemployment_rate,6.2,M,2025-03-01,2025-03-31,2025-06-01,62,,
2025-07-01,RO,unemployment_rate,6.1,M,2025-04-01,2025-04-30,2025-07-01,62,,
2025-08-01,RO,unemployment_rate,6.2,M,2025-05-01,2025-05-31,2025-08-01,62,,
2025-09-01,RO,unemployment_rate,6.2,M,2025-06-01,2025-06-30,2025-08-31,63,,
2025-10-01,RO,unemployment_rate,5.9,M,2025-07-01,2025-07-31,2025-10-01,62,,
2025-11-01,RO,unemployment_rate,6.1,M,2025-08-01,2025-08-31,2025-11-01,62,,
2025-12-01,RO,unemployment_rate,6.0,M,2025-09-01,2025-09-30,2025-12-01,62,,
